inducteeId,inducteeName,classYear,roleCandidate,confidence,sourceUrl,sourcePageUrl,width,height,altText,needsRightsReview
abby-mina-2018,Abby Mina,2018,portrait-or-person-specific,0.84,https://clevelandinternationalhalloffame.com/wp-content/uploads/2018/03/abby-mina-500d-294x300.jpg,https://clevelandinternationalhalloffame.com/inductees-asia/abby-mina/,500,511,Abdullah (Abby) Mina,true
abby-mina-2018,Abby Mina,2018,portrait-or-person-specific,0.84,https://www.clevelandpeople.com/images/hof/hof-2018/cihf-c-abby-mina-mike-pierre.jpg,https://clevelandinternationalhalloffame.com/inductees-asia/abby-mina/,500,353,"Michael Mina, Abby Mina and Pierre Bejjani",true
abby-mina-2018,Abby Mina,2018,portrait-or-person-specific,0.84,https://www.clevelandpeople.com/images/hof/hof-2018/cihf-c-abby-mina-mike-3.jpg,https://clevelandinternationalhalloffame.com/inductees-asia/abby-mina/,500,643,Michael Mina inducting his father Abby Mina,true
abby-mina-2018,Abby Mina,2018,portrait-or-person-specific,0.84,https://www.clevelandpeople.com/images/hof/hof-2018/cihf-c-abby-mina-mike.jpg,https://clevelandinternationalhalloffame.com/inductees-asia/abby-mina/,500,402,Michael Mina inducting his father Abby Mina,true
abby-mina-2018,Abby Mina,2018,portrait-or-person-specific,0.84,https://www.clevelandpeople.com/images/hof/hof-2018/cihf-c-abby-mike-mina.jpg,https://clevelandinternationalhalloffame.com/inductees-asia/abby-mina/,500,419,Michael Mina inducting his father Abby Mina,true
abby-mina-2018,Abby Mina,2018,portrait-or-person-specific,0.84,https://www.clevelandpeople.com/images/hof/hof-2018/cihf-c-abby-mina-mike-2.jpg,https://clevelandinternationalhalloffame.com/inductees-asia/abby-mina/,500,422,Michael Mina inducting his father Abby Mina,true
abby-mina-2018,Abby Mina,2018,portrait-or-person-specific,0.84,https://www.clevelandpeople.com/images/hof/hof-2018/cihf-c-mike-abby-mina.jpg,https://clevelandinternationalhalloffame.com/inductees-asia/abby-mina/,500,439,Michael Mina inducting his father Abby Mina,true
abby-mina-2018,Abby Mina,2018,portrait-or-person-specific,0.84,https://www.clevelandpeople.com/images/hof/hof-2018/cihf-c-abby-mina-pierre.jpg,https://clevelandinternationalhalloffame.com/inductees-asia/abby-mina/,500,420,Pierre Bejjani inducting Abby Mina,true
abby-mina-2018,Abby Mina,2018,portrait-or-person-specific,0.84,https://www.clevelandpeople.com/images/hof/hof-2018/cihf-c-pierre-bejjani.jpg,https://clevelandinternationalhalloffame.com/inductees-asia/abby-mina/,500,520,Pierre Bejjani inducting Abby Mina,true
abby-mina-2018,Abby Mina,2018,portrait-or-person-specific,0.84,https://www.clevelandpeople.com/images/hof/hof-2018/cihf-c-pierre-bejjani-3.jpg,https://clevelandinternationalhalloffame.com/inductees-asia/abby-mina/,500,417,Pierre Bejjani inducting Abby Mina,true
abby-mina-2018,Abby Mina,2018,portrait-or-person-specific,0.84,https://www.clevelandpeople.com/images/hof/hof-2018/cihf-c-pierre-abby.jpg,https://clevelandinternationalhalloffame.com/inductees-asia/abby-mina/,500,409,Pierre Bejjani inducting Abby Mina,true
abby-mina-2018,Abby Mina,2018,portrait-or-person-specific,0.84,https://www.clevelandpeople.com/images/hof/hof-2018/cihf-c-mike-abby-pierre.jpg,https://clevelandinternationalhalloffame.com/inductees-asia/abby-mina/,500,361,"Michael Mina, Abby Mina and Pierre Bejjani",true
abby-mina-2018,Abby Mina,2018,portrait-or-person-specific,0.84,https://www.clevelandpeople.com/images/hof/hof-2018/cihf-c-abby-mina-.jpg,https://clevelandinternationalhalloffame.com/inductees-asia/abby-mina/,500,707,Abby Mina giving his acceptance remarks,true
abby-mina-2018,Abby Mina,2018,portrait-or-person-specific,0.84,https://www.clevelandpeople.com/images/hof/hof-2018/cihf-c-abby-mina-2.jpg,https://clevelandinternationalhalloffame.com/inductees-asia/abby-mina/,500,660,Abby Mina giving his acceptance remarks,true
abby-mina-2018,Abby Mina,2018,portrait-or-person-specific,0.84,https://www.clevelandpeople.com/images/hof/hof-2018/cihf-p-abby-mina-family.jpg,https://clevelandinternationalhalloffame.com/inductees-asia/abby-mina/,500,364,Abby Mina and family members,true
abby-mina-2018,Abby Mina,2018,portrait-or-person-specific,0.84,https://www.clevelandpeople.com/images/hof/hof-2018/cihf-cp-anjan-29.jpg,https://clevelandinternationalhalloffame.com/inductees-asia/abby-mina/,500,372,Proclamation for Abby Mina from Marlene Anielski,true
abby-mina-2018,Abby Mina,2018,portrait-or-person-specific,0.84,https://www.clevelandpeople.com/images/hof/hof-2018/cihf-p-ed-6.jpg,https://clevelandinternationalhalloffame.com/inductees-asia/abby-mina/,500,349,Friends of Abby Mina,true
abby-mina-2018,Abby Mina,2018,portrait-or-person-specific,0.84,https://www.clevelandpeople.com/images/hof/hof-2018/cihf-p-ed-7.jpg,https://clevelandinternationalhalloffame.com/inductees-asia/abby-mina/,500,352,Friends of Abby Mina,true
abby-mina-2018,Abby Mina,2018,portrait-or-person-specific,0.84,https://www.clevelandpeople.com/images/hof/hof-2018/cihf-p-ed-8.jpg,https://clevelandinternationalhalloffame.com/inductees-asia/abby-mina/,500,372,Friends of Abby Mina,true
abby-mina-2018,Abby Mina,2018,portrait-or-person-specific,0.84,https://www.clevelandpeople.com/images/hof/hof-2018/cihf-p-ed-9.jpg,https://clevelandinternationalhalloffame.com/inductees-asia/abby-mina/,500,444,Friends of Abby Mina,true
abby-mina-2018,Abby Mina,2018,portrait-or-person-specific,0.84,https://www.clevelandpeople.com/images/hof/hof-2018/cihf-cp-mark-miller-bourjaily.jpg,https://clevelandinternationalhalloffame.com/inductees-asia/abby-mina/,500,391,Friends of Abby Mina,true
abby-mina-2018,Abby Mina,2018,portrait-or-person-specific,0.84,https://www.clevelandpeople.com/images/hof/hof-2018/cihf-cp-ed-4.jpg,https://clevelandinternationalhalloffame.com/inductees-asia/abby-mina/,500,420,Abby Mina family,true
abby-mina-2018,Abby Mina,2018,portrait-or-person-specific,0.84,https://clevelandinternationalhalloffame.com/wp-content/uploads/2018/06/cihf-c-abby-mike-mina.jpg,https://clevelandinternationalhalloffame.com/inductees-asia/abby-mina/,500,419,Abdullah (Abby) Mina inducted into the 2018 class of the Cleveland International Hall of Fame by his son Michael Mina.,true
abby-mina-2018,Abby Mina,2018,portrait-or-person-specific,0.84,https://clevelandinternationalhalloffame.com/wp-content/uploads/2018/06/cihf-p-abby-mina-family.jpg,https://clevelandinternationalhalloffame.com/inductees-asia/abby-mina/,500,364,Abdullah (Abby) Mina and family at induction ceremony,true
abby-mina-2018,Abby Mina,2018,portrait-or-person-specific,0.84,https://clevelandinternationalhalloffame.com/wp-content/uploads/2018/06/cihf-c-mike-abby-mina.jpg,https://clevelandinternationalhalloffame.com/inductees-asia/abby-mina/,500,439,Abdullah (Abby) Mina inducted into the 2018 class of the Cleveland International Hall of Fame by his son Michael Mina.,true
abby-mina-2018,Abby Mina,2018,portrait-or-person-specific,0.84,https://clevelandinternationalhalloffame.com/wp-content/uploads/2018/06/cihf-c-abby-mina-pierre.jpg,https://clevelandinternationalhalloffame.com/inductees-asia/abby-mina/,500,420,Abdullah (Abby) Mina inducted into the 2018 class of the Cleveland International Hall of Fame by Pierre Bejjani,true
abby-mina-2018,Abby Mina,2018,portrait-or-person-specific,0.84,https://clevelandinternationalhalloffame.com/wp-content/uploads/2018/06/cihf-c-abby-mina-mike-pierre.jpg,https://clevelandinternationalhalloffame.com/inductees-asia/abby-mina/,500,353,Abdullah (Abby) Mina inducted into the 2018 class of the Cleveland International Hall of Fame by Pierre Bejjani and his son Michael Mina,true
abby-mina-2018,Abby Mina,2018,portrait-or-person-specific,0.84,https://clevelandinternationalhalloffame.com/wp-content/uploads/2018/06/cihf-c-abby-mina-mike.jpg,https://clevelandinternationalhalloffame.com/inductees-asia/abby-mina/,500,402,Abdullah (Abby) Mina inducted into the 2018 class of the Cleveland International Hall of Fame by his son Michael Mina.,true
abby-mina-2018,Abby Mina,2018,portrait-or-person-specific,0.84,https://clevelandinternationalhalloffame.com/wp-content/uploads/2018/06/cihf-c-abby-mina-2.jpg,https://clevelandinternationalhalloffame.com/inductees-asia/abby-mina/,500,660,Abdullah (Abby) Mina giving his acceptance speech,true
abby-mina-2018,Abby Mina,2018,portrait-or-person-specific,0.84,https://clevelandinternationalhalloffame.com/wp-content/uploads/2018/06/cihf-c-abby-mina-.jpg,https://clevelandinternationalhalloffame.com/inductees-asia/abby-mina/,500,707,Cleveland International Hall of Fame inductee Abdullah (Abby) Mina,true
abby-mina-2018,Abby Mina,2018,portrait-or-person-specific,0.84,https://clevelandinternationalhalloffame.com/wp-content/uploads/2018/03/abby-mina-500d.jpg,https://clevelandinternationalhalloffame.com/inductees-asia/abby-mina/,500,511,Abdullah (Abby) Mina,true
aklilu-demessie-2026,Aklilu Demessie,2026,portrait-or-person-specific,0.84,https://clevelandinternationalhalloffame.com/wp-content/uploads/2026/03/aklilu-demessie-500-166x300.jpg,https://clevelandinternationalhalloffame.com/aklilu-demessie/,500,906,,true
aklilu-demessie-2026,Aklilu Demessie,2026,portrait-or-person-specific,0.84,https://clevelandinternationalhalloffame.com/wp-content/uploads/2026/03/aklilu-demessie-500.jpg,https://clevelandinternationalhalloffame.com/aklilu-demessie/,500,906,,true
akram-boutros-2019,Akram Boutros,2019,portrait-or-person-specific,0.84,https://clevelandinternationalhalloffame.com/wp-content/uploads/2019/03/akram-boutros-600-240x300.jpg,https://clevelandinternationalhalloffame.com/akram-boutros/,600,750,Akram Boutros,true
akram-boutros-2019,Akram Boutros,2019,portrait-or-person-specific,0.84,https://clevelandinternationalhalloffame.com/wp-content/uploads/2019/05/aakram-boutros-armond-budish-2-300x275.jpg,https://clevelandinternationalhalloffame.com/akram-boutros/,500,458,"Cuyahoga County Executive Armond Budish inducted Akram Boutros MD, the President and CEO of MetroHealth, the public health system in Cleveland, into the Cleveland International Hall of Fame.",true
akram-boutros-2019,Akram Boutros,2019,portrait-or-person-specific,0.84,https://clevelandinternationalhalloffame.com/wp-content/uploads/2019/05/akram-boutros-1-300x254.jpg,https://clevelandinternationalhalloffame.com/akram-boutros/,500,423,"Akram Boutros MD, the President and CEO of MetroHealth, the public health system in Cleveland, giving his induction speech at the Cleveland International Hall of Fame",true
akram-boutros-2019,Akram Boutros,2019,portrait-or-person-specific,0.84,https://clevelandinternationalhalloffame.com/wp-content/uploads/2019/05/akram-boutros-2-300x277.jpg,https://clevelandinternationalhalloffame.com/akram-boutros/,500,462,"Akram Boutros MD, the President and CEO of MetroHealth, the public health system in Cleveland, giving his induction speech at the Cleveland International Hall of Fame",true
akram-boutros-2019,Akram Boutros,2019,portrait-or-person-specific,0.84,https://clevelandinternationalhalloffame.com/wp-content/uploads/2019/05/akram-boutros-4-300x256.jpg,https://clevelandinternationalhalloffame.com/akram-boutros/,500,426,"Akram Boutros MD, the President and CEO of MetroHealth, the public health system in Cleveland, giving his induction speech at the Cleveland International Hall of Fame",true
akram-boutros-2019,Akram Boutros,2019,portrait-or-person-specific,0.84,https://clevelandinternationalhalloffame.com/wp-content/uploads/2019/05/akram-boutros-armond-budish-300x218.jpg,https://clevelandinternationalhalloffame.com/akram-boutros/,500,363,"Cuyahoga County Executive Armond Budish inducted Akram Boutros MD, the President and CEO of MetroHealth, the public health system in Cleveland, into the Cleveland International Hall of Fame.",true
akram-boutros-2019,Akram Boutros,2019,portrait-or-person-specific,0.84,https://clevelandinternationalhalloffame.com/wp-content/uploads/2019/05/akram-boutros-armond-budish.jpg,https://clevelandinternationalhalloffame.com/akram-boutros/,500,363,,true
akram-boutros-2019,Akram Boutros,2019,portrait-or-person-specific,0.84,https://clevelandinternationalhalloffame.com/wp-content/uploads/2019/05/akram-boutros-4.jpg,https://clevelandinternationalhalloffame.com/akram-boutros/,500,426,,true
akram-boutros-2019,Akram Boutros,2019,portrait-or-person-specific,0.84,https://clevelandinternationalhalloffame.com/wp-content/uploads/2019/05/akram-boutros-2.jpg,https://clevelandinternationalhalloffame.com/akram-boutros/,500,462,,true
akram-boutros-2019,Akram Boutros,2019,portrait-or-person-specific,0.84,https://clevelandinternationalhalloffame.com/wp-content/uploads/2019/05/akram-boutros-1.jpg,https://clevelandinternationalhalloffame.com/akram-boutros/,500,423,,true
akram-boutros-2019,Akram Boutros,2019,portrait-or-person-specific,0.84,https://clevelandinternationalhalloffame.com/wp-content/uploads/2019/05/aakram-boutros-armond-budish-2.jpg,https://clevelandinternationalhalloffame.com/akram-boutros/,500,458,,true
ambassador-edward-f-crawford-2024,Ambassador Edward F. Crawford,2024,portrait-or-person-specific,0.84,https://clevelandinternationalhalloffame.com/wp-content/uploads/2024/01/ambassador-crawford-new-500-249x300.jpg,https://clevelandinternationalhalloffame.com/inductees/ambassador-edward-f-crawford/,500,603,,true
ambassador-edward-f-crawford-2024,Ambassador Edward F. Crawford,2024,portrait-or-person-specific,0.84,https://clevelandinternationalhalloffame.com/wp-content/uploads/2024/01/ambassador-crawford-new-500.jpg,https://clevelandinternationalhalloffame.com/inductees/ambassador-edward-f-crawford/,500,603,Ambassador Edward F. Crawford,true
ambassador-edward-f-crawford-2024,Ambassador Edward F. Crawford,2024,portrait-or-person-specific,0.84,https://clevelandinternationalhalloffame.com/wp-content/uploads/2024/01/ambassador-crawford-500-1.jpg,https://clevelandinternationalhalloffame.com/inductees/ambassador-edward-f-crawford/,500,500,Ambassador Edward F. Crawford,true
anda-cook-2022,Anda Cook,2022,portrait-or-person-specific,0.84,https://clevelandinternationalhalloffame.com/wp-content/uploads/2022/05/anda-cook.jpg,https://clevelandinternationalhalloffame.com/anda-cook/,479,639,Anda Cook,true
andy-chakalis-2026,Andy Chakalis,2026,portrait-or-person-specific,0.84,https://clevelandinternationalhalloffame.com/wp-content/uploads/2026/03/andy-chakalis-500-275x300.jpg,https://clevelandinternationalhalloffame.com/andy-chakalis/,500,546,,true
andy-chakalis-2026,Andy Chakalis,2026,portrait-or-person-specific,0.84,https://clevelandinternationalhalloffame.com/wp-content/uploads/2026/03/andy-chakalis-500.jpg,https://clevelandinternationalhalloffame.com/andy-chakalis/,500,546,,true
andy-fedynsky-2026,Andy Fedynsky,2026,portrait-or-person-specific,0.84,https://clevelandinternationalhalloffame.com/wp-content/uploads/2026/03/andy-fedynsky-500-235x300.jpg,https://clevelandinternationalhalloffame.com/andy-fedynsky/,500,637,,true
andy-fedynsky-2026,Andy Fedynsky,2026,portrait-or-person-specific,0.84,https://clevelandinternationalhalloffame.com/wp-content/uploads/2026/03/andy-fedynsky-500.jpg,https://clevelandinternationalhalloffame.com/andy-fedynsky/,500,637,,true
arnie-de-la-porte-2016-2016,Arnie de la Porte – 2016,2016,portrait-or-person-specific,0.84,https://clevelandinternationalhalloffame.com/wp-content/uploads/2016/10/arnie-delaporte-1500-600x847.jpg,https://clevelandinternationalhalloffame.com/arnie-de-la-porte-2016/,1500,2118,Arnie de la Porte,true
arnie-de-la-porte-2016-2016,Arnie de la Porte – 2016,2016,portrait-or-person-specific,0.84,https://www.clevelandpeople.com/images/hof/hof-2016/event/peter-de-la-porte-2.jpg,https://clevelandinternationalhalloffame.com/arnie-de-la-porte-2016/,500,428,Peter de la Porte accepting for his father Arnie,true
arnie-de-la-porte-2016-2016,Arnie de la Porte – 2016,2016,portrait-or-person-specific,0.84,https://www.clevelandpeople.com/images/hof/hof-2016/event/peter-de-la-porte-1.jpg,https://clevelandinternationalhalloffame.com/arnie-de-la-porte-2016/,500,411,Peter de la Porte accepting for his father Arnie,true
arnie-de-la-porte-2016-2016,Arnie de la Porte – 2016,2016,portrait-or-person-specific,0.84,https://www.clevelandpeople.com/images/hof/hof-2016/event/peter-de-la-porte.jpg,https://clevelandinternationalhalloffame.com/arnie-de-la-porte-2016/,500,417,Peter de la Porte accepting for his father Arnie,true
arnie-de-la-porte-2016-2016,Arnie de la Porte – 2016,2016,portrait-or-person-specific,0.84,https://clevelandinternationalhalloffame.com/wp-content/uploads/2016/10/peter-de-la-porte.jpg,https://clevelandinternationalhalloffame.com/arnie-de-la-porte-2016/,500,388,Peter de la Porte accepts the honor for his father Arnie,true
arnie-de-la-porte-2016-2016,Arnie de la Porte – 2016,2016,portrait-or-person-specific,0.84,https://clevelandinternationalhalloffame.com/wp-content/uploads/2016/10/arnie-delaporte-1500.jpg,https://clevelandinternationalhalloffame.com/arnie-de-la-porte-2016/,1500,2118,Arnie de la Porte,true
atul-mehta-2018,Atul Mehta,2018,portrait-or-person-specific,0.84,https://clevelandinternationalhalloffame.com/wp-content/uploads/2018/03/mehta-atul-500-240x300.jpg,https://clevelandinternationalhalloffame.com/inductees-asia/atul-mehta/,500,625,"Dr. Atul C. Mehta, M.D",true
atul-mehta-2018,Atul Mehta,2018,portrait-or-person-specific,0.84,https://www.clevelandpeople.com/images/hof/hof-2018/cihf-c-ahtul-mehta-rick-buoncore-2.jpg,https://clevelandinternationalhalloffame.com/inductees-asia/atul-mehta/,500,383,Richard J. Buoncore and Dr. Atul Mehta,true
atul-mehta-2018,Atul Mehta,2018,portrait-or-person-specific,0.84,https://www.clevelandpeople.com/images/hof/hof-2018/cihf-c-rick-buoncore-ahtul-mehta.jpg,https://clevelandinternationalhalloffame.com/inductees-asia/atul-mehta/,500,437,Richard J. Buoncore and Dr. Atul Mehta,true
atul-mehta-2018,Atul Mehta,2018,portrait-or-person-specific,0.84,https://www.clevelandpeople.com/images/hof/hof-2018/cihf-c-ahtul-mehta-3.jpg,https://clevelandinternationalhalloffame.com/inductees-asia/atul-mehta/,500,451,Dr. Atul C. Mehta gave his acceptance remarks,true
atul-mehta-2018,Atul Mehta,2018,portrait-or-person-specific,0.84,https://www.clevelandpeople.com/images/hof/hof-2018/cihf-c-ahtul-mehta-5.jpg,https://clevelandinternationalhalloffame.com/inductees-asia/atul-mehta/,500,409,Dr. Atul C. Mehta giving his acceptance remarks,true
atul-mehta-2018,Atul Mehta,2018,portrait-or-person-specific,0.84,https://www.clevelandpeople.com/images/hof/hof-2018/cihf-c-ahtul-mehta.jpg,https://clevelandinternationalhalloffame.com/inductees-asia/atul-mehta/,500,499,Dr. Atul C. Mehta giving his acceptance remarks,true
atul-mehta-2018,Atul Mehta,2018,portrait-or-person-specific,0.84,https://www.clevelandpeople.com/images/hof/hof-2018/cihf-c-ahtul-mehta-rick-buoncore.jpg,https://clevelandinternationalhalloffame.com/inductees-asia/atul-mehta/,500,551,Richard J. Buoncore and Dr. Atul Mehta,true
atul-mehta-2018,Atul Mehta,2018,portrait-or-person-specific,0.84,https://www.clevelandpeople.com/images/hof/hof-2018/cihf-c-chris-mehta.jpg,https://clevelandinternationalhalloffame.com/inductees-asia/atul-mehta/,500,331,Chris Tanaka and Dr. Atul Mehta,true
atul-mehta-2018,Atul Mehta,2018,portrait-or-person-specific,0.84,https://www.clevelandpeople.com/images/hof/hof-2018/cihf-cp-anjan-ahtul-mehta.jpg,https://clevelandinternationalhalloffame.com/inductees-asia/atul-mehta/,500,604,Dr. Atul Mehta,true
atul-mehta-2018,Atul Mehta,2018,portrait-or-person-specific,0.84,https://www.clevelandpeople.com/images/hof/hof-2018/cihf-cp-anjan-22.jpg,https://clevelandinternationalhalloffame.com/inductees-asia/atul-mehta/,500,348,Dr. Atul Mehta with supporters,true
atul-mehta-2018,Atul Mehta,2018,portrait-or-person-specific,0.84,https://www.clevelandpeople.com/images/hof/hof-2018/cihf-cp-anjan-ghose-ahtul-mehta.jpg,https://clevelandinternationalhalloffame.com/inductees-asia/atul-mehta/,500,398,Anjan Ghose with Dr. Atul Mehta,true
atul-mehta-2018,Atul Mehta,2018,portrait-or-person-specific,0.84,https://www.clevelandpeople.com/images/hof/hof-2018/cihf-cp-mona-alag-ahtul-mehta.jpg,https://clevelandinternationalhalloffame.com/inductees-asia/atul-mehta/,500,375,Mona Alag and Dr. Atul Mehta,true
atul-mehta-2018,Atul Mehta,2018,portrait-or-person-specific,0.84,https://www.clevelandpeople.com/images/hof/hof-2018/cihf-cp-ed-5.jpg,https://clevelandinternationalhalloffame.com/inductees-asia/atul-mehta/,500,369,Friends and family of Dr. Atul Mehta,true
atul-mehta-2018,Atul Mehta,2018,portrait-or-person-specific,0.84,https://www.clevelandpeople.com/images/hof/hof-2018/cihf-cp-kovach-mehta-asim.jpg,https://clevelandinternationalhalloffame.com/inductees-asia/atul-mehta/,500,385,"Ken Kovach, Dr. Atul Mehta and Asim Datta",true
atul-mehta-2018,Atul Mehta,2018,portrait-or-person-specific,0.84,https://clevelandinternationalhalloffame.com/wp-content/uploads/2018/06/cihf-cp-anjan-ghose-ahtul-mehta.jpg,https://clevelandinternationalhalloffame.com/inductees-asia/atul-mehta/,500,398,Anjan Ghose and Dr. Atul Mehta at the Cleveland International Hall of Fame,true
atul-mehta-2018,Atul Mehta,2018,portrait-or-person-specific,0.84,https://clevelandinternationalhalloffame.com/wp-content/uploads/2018/06/cihf-cp-anjan-ahtul-mehta.jpg,https://clevelandinternationalhalloffame.com/inductees-asia/atul-mehta/,500,604,Dr. Atul Mehta in the Cleveland International Hall of Fame,true
atul-mehta-2018,Atul Mehta,2018,portrait-or-person-specific,0.84,https://clevelandinternationalhalloffame.com/wp-content/uploads/2018/06/cihf-cp-anjan-22.jpg,https://clevelandinternationalhalloffame.com/inductees-asia/atul-mehta/,500,348,Posing with Dr. Atul Mehta at the Cleveland International Hall of Fame,true
atul-mehta-2018,Atul Mehta,2018,portrait-or-person-specific,0.84,https://clevelandinternationalhalloffame.com/wp-content/uploads/2018/06/cihf-c-chris-mehta.jpg,https://clevelandinternationalhalloffame.com/inductees-asia/atul-mehta/,500,331,MC Chris Tanaka introduces Dr. Atul Mehta,true
atul-mehta-2018,Atul Mehta,2018,portrait-or-person-specific,0.84,https://clevelandinternationalhalloffame.com/wp-content/uploads/2018/03/mehta-atul-500.jpg,https://clevelandinternationalhalloffame.com/inductees-asia/atul-mehta/,500,625,"Dr. Atul C. Mehta, M.D",true
basil-russo-2017,Basil Russo,2017,portrait-or-person-specific,0.84,https://clevelandinternationalhalloffame.com/wp-content/uploads/2017/03/basil-russo-500-240x300.jpg,https://clevelandinternationalhalloffame.com/inductees-europe/basil-russo/,500,625,Basil Russo,true
basil-russo-2017,Basil Russo,2017,portrait-or-person-specific,0.84,https://www.clevelandpeople.com/images/hof/hof-2017/ie-basil-russo-kids3.jpg,https://clevelandinternationalhalloffame.com/inductees-europe/basil-russo/,500,357,Basil Russo and daugher and son-in-law,true
basil-russo-2017,Basil Russo,2017,portrait-or-person-specific,0.84,https://www.clevelandpeople.com/images/hof/hof-2017/ie-basil-russo-kids.jpg,https://clevelandinternationalhalloffame.com/inductees-europe/basil-russo/,500,370,Basil Russo's daughter Gabriella and son-in-law Joseph Rosalina,true
basil-russo-2017,Basil Russo,2017,portrait-or-person-specific,0.84,https://www.clevelandpeople.com/images/hof/hof-2017/ie-basil-russo-kids2.jpg,https://clevelandinternationalhalloffame.com/inductees-europe/basil-russo/,500,374,Basil Russo's daughter Gabriella and son-in-law Joseph Rosalina,true
basil-russo-2017,Basil Russo,2017,portrait-or-person-specific,0.84,https://www.clevelandpeople.com/images/hof/hof-2017/ia-basil-russo-silaw.jpg,https://clevelandinternationalhalloffame.com/inductees-europe/basil-russo/,500,399,Basil Russo son-in-law Joseph Rosalina,true
basil-russo-2017,Basil Russo,2017,portrait-or-person-specific,0.84,https://www.clevelandpeople.com/images/hof/hof-2017/ih-basil-silaw.jpg,https://clevelandinternationalhalloffame.com/inductees-europe/basil-russo/,500,443,Basil Russo son-in-law Joseph Rosalina,true
basil-russo-2017,Basil Russo,2017,portrait-or-person-specific,0.84,https://www.clevelandpeople.com/images/hof/hof-2017/ie-basil-russo-daughter.jpg,https://clevelandinternationalhalloffame.com/inductees-europe/basil-russo/,500,413,Basil Russo and daughter Gabriella,true
basil-russo-2017,Basil Russo,2017,portrait-or-person-specific,0.84,https://www.clevelandpeople.com/images/hof/hof-2017/ih-basil-kids.jpg,https://clevelandinternationalhalloffame.com/inductees-europe/basil-russo/,500,452,Basil Russo and daughter and son-in-law,true
basil-russo-2017,Basil Russo,2017,portrait-or-person-specific,0.84,https://www.clevelandpeople.com/images/hof/hof-2017/ia-basil-russo-1.jpg,https://clevelandinternationalhalloffame.com/inductees-europe/basil-russo/,500,445,Basil Russo giving his acceptance remarks,true
basil-russo-2017,Basil Russo,2017,portrait-or-person-specific,0.84,https://www.clevelandpeople.com/images/hof/hof-2017/ie-basil-russo-1.jpg,https://clevelandinternationalhalloffame.com/inductees-europe/basil-russo/,500,434,Basil Russo giving his acceptance remarks,true
basil-russo-2017,Basil Russo,2017,portrait-or-person-specific,0.84,https://www.clevelandpeople.com/images/hof/hof-2017/ie-basil-russo-2.jpg,https://clevelandinternationalhalloffame.com/inductees-europe/basil-russo/,500,439,Basil Russo giving his acceptance remarks,true
basil-russo-2017,Basil Russo,2017,portrait-or-person-specific,0.84,https://www.clevelandpeople.com/images/hof/hof-2017/pe-basil-russo.jpg,https://clevelandinternationalhalloffame.com/inductees-europe/basil-russo/,500,426,Basil and Pat Russo,true
basil-russo-2017,Basil Russo,2017,portrait-or-person-specific,0.84,https://www.clevelandpeople.com/images/hof/hof-2017/a-mona-craciun-basil.jpg,https://clevelandinternationalhalloffame.com/inductees-europe/basil-russo/,500,299,"Mona Alag, Jim Craciun and Basil Russo",true
basil-russo-2017,Basil Russo,2017,portrait-or-person-specific,0.84,https://www.clevelandpeople.com/images/hof/hof-2017/ie-standing-ovation-1.jpg,https://clevelandinternationalhalloffame.com/inductees-europe/basil-russo/,500,301,Standing Ovation for Basil Russo,true
basil-russo-2017,Basil Russo,2017,portrait-or-person-specific,0.84,https://www.clevelandpeople.com/images/hof/hof-2017/ih-basil-standing-ovation.jpg,https://clevelandinternationalhalloffame.com/inductees-europe/basil-russo/,500,246,Standing Ovation for Basil Russo,true
basil-russo-2017,Basil Russo,2017,portrait-or-person-specific,0.84,https://www.clevelandpeople.com/images/hof/hof-2017/ie-standing-ovation-2.jpg,https://clevelandinternationalhalloffame.com/inductees-europe/basil-russo/,500,295,Standing Ovation for Basil Russo,true
basil-russo-2017,Basil Russo,2017,portrait-or-person-specific,0.84,https://clevelandinternationalhalloffame.com/wp-content/uploads/2017/03/pe-basil-russo.jpg,https://clevelandinternationalhalloffame.com/inductees-europe/basil-russo/,500,426,Basil and Patricia Russo,true
basil-russo-2017,Basil Russo,2017,portrait-or-person-specific,0.84,https://clevelandinternationalhalloffame.com/wp-content/uploads/2017/03/ie-basil-russo-kids3.jpg,https://clevelandinternationalhalloffame.com/inductees-europe/basil-russo/,500,357,Basil Russo with daughter and son-in-law,true
basil-russo-2017,Basil Russo,2017,portrait-or-person-specific,0.84,https://clevelandinternationalhalloffame.com/wp-content/uploads/2017/03/ie-basil-russo-kids2.jpg,https://clevelandinternationalhalloffame.com/inductees-europe/basil-russo/,500,374,Joseph and Gabriella Russo Rosalina,true
basil-russo-2017,Basil Russo,2017,portrait-or-person-specific,0.84,https://clevelandinternationalhalloffame.com/wp-content/uploads/2017/03/ie-basil-russo-kids.jpg,https://clevelandinternationalhalloffame.com/inductees-europe/basil-russo/,500,370,Joseph and Gabriella Russo Rosalina,true
basil-russo-2017,Basil Russo,2017,portrait-or-person-specific,0.84,https://clevelandinternationalhalloffame.com/wp-content/uploads/2017/03/ie-basil-russo-1.jpg,https://clevelandinternationalhalloffame.com/inductees-europe/basil-russo/,500,434,Basil Russo,true
basil-russo-2017,Basil Russo,2017,portrait-or-person-specific,0.84,https://clevelandinternationalhalloffame.com/wp-content/uploads/2017/03/ia-basil-russo-1.jpg,https://clevelandinternationalhalloffame.com/inductees-europe/basil-russo/,500,445,Basil Russo,true
berj-shakarian-2020,Berj Shakarian,2020,portrait-or-person-specific,0.84,https://clevelandinternationalhalloffame.com/wp-content/uploads/2022/05/berj-1-600x554.jpg,https://clevelandinternationalhalloffame.com/berj-shakarian/,656,606,"Berj A. Shakarian, Architect",true
beverly-kerecman-2025,Beverly Kerecman,2025,portrait-or-person-specific,0.84,https://clevelandinternationalhalloffame.com/wp-content/uploads/2025/05/beverly-kerecman1-290x300.jpg,https://clevelandinternationalhalloffame.com/beverly-kerecman/,500,518,,true
beverly-kerecman-2025,Beverly Kerecman,2025,portrait-or-person-specific,0.84,https://clevelandinternationalhalloffame.com/wp-content/uploads/2025/05/beverly-kerecman-class-picture1-214x300.jpg,https://clevelandinternationalhalloffame.com/beverly-kerecman/,500,700,,true
beverly-kerecman-2025,Beverly Kerecman,2025,portrait-or-person-specific,0.84,https://clevelandinternationalhalloffame.com/wp-content/uploads/2025/05/beverly-kerecman-induct-41-293x300.jpg,https://clevelandinternationalhalloffame.com/beverly-kerecman/,500,512,,true
beverly-kerecman-2025,Beverly Kerecman,2025,portrait-or-person-specific,0.84,https://clevelandinternationalhalloffame.com/wp-content/uploads/2025/05/beverly-kerecman-induct-2-lisa-womg1-300x272.jpg,https://clevelandinternationalhalloffame.com/beverly-kerecman/,500,453,,true
beverly-kerecman-2025,Beverly Kerecman,2025,portrait-or-person-specific,0.84,https://clevelandinternationalhalloffame.com/wp-content/uploads/2025/05/beverly-kerecman-induct-51-300x252.jpg,https://clevelandinternationalhalloffame.com/beverly-kerecman/,500,420,,true
beverly-kerecman-2025,Beverly Kerecman,2025,portrait-or-person-specific,0.84,https://clevelandinternationalhalloffame.com/wp-content/uploads/2025/05/beverly-kerecman-induct-61-300x213.jpg,https://clevelandinternationalhalloffame.com/beverly-kerecman/,500,355,,true
beverly-kerecman-2025,Beverly Kerecman,2025,portrait-or-person-specific,0.84,https://clevelandinternationalhalloffame.com/wp-content/uploads/2025/05/beverly-kerecman-induct-71-300x243.jpg,https://clevelandinternationalhalloffame.com/beverly-kerecman/,500,405,,true
beverly-kerecman-2025,Beverly Kerecman,2025,portrait-or-person-specific,0.84,https://clevelandinternationalhalloffame.com/wp-content/uploads/2025/05/beverly-kerecman-induct-81-300x280.jpg,https://clevelandinternationalhalloffame.com/beverly-kerecman/,500,467,,true
beverly-kerecman-2025,Beverly Kerecman,2025,portrait-or-person-specific,0.84,https://clevelandinternationalhalloffame.com/wp-content/uploads/2025/05/beverly-kerecman-induct-91-300x292.jpg,https://clevelandinternationalhalloffame.com/beverly-kerecman/,500,486,,true
beverly-kerecman-2025,Beverly Kerecman,2025,portrait-or-person-specific,0.84,https://clevelandinternationalhalloffame.com/wp-content/uploads/2025/05/beverly-kerecman-induct-101-300x271.jpg,https://clevelandinternationalhalloffame.com/beverly-kerecman/,500,451,,true
beverly-kerecman-2025,Beverly Kerecman,2025,portrait-or-person-specific,0.84,https://clevelandinternationalhalloffame.com/wp-content/uploads/2025/05/beverly-kerecman-award1-213x300.jpg,https://clevelandinternationalhalloffame.com/beverly-kerecman/,500,705,,true
beverly-kerecman-2025,Beverly Kerecman,2025,portrait-or-person-specific,0.84,https://clevelandinternationalhalloffame.com/wp-content/uploads/2025/05/beverly-kerecman-award1.jpg,https://clevelandinternationalhalloffame.com/beverly-kerecman/,500,705,,true
beverly-kerecman-2025,Beverly Kerecman,2025,portrait-or-person-specific,0.84,https://clevelandinternationalhalloffame.com/wp-content/uploads/2025/05/beverly-kerecman-induct-101.jpg,https://clevelandinternationalhalloffame.com/beverly-kerecman/,500,451,,true
beverly-kerecman-2025,Beverly Kerecman,2025,portrait-or-person-specific,0.84,https://clevelandinternationalhalloffame.com/wp-content/uploads/2025/05/beverly-kerecman-induct-91.jpg,https://clevelandinternationalhalloffame.com/beverly-kerecman/,500,486,,true
beverly-kerecman-2025,Beverly Kerecman,2025,portrait-or-person-specific,0.84,https://clevelandinternationalhalloffame.com/wp-content/uploads/2025/05/beverly-kerecman-induct-81.jpg,https://clevelandinternationalhalloffame.com/beverly-kerecman/,500,467,,true
beverly-kerecman-2025,Beverly Kerecman,2025,portrait-or-person-specific,0.84,https://clevelandinternationalhalloffame.com/wp-content/uploads/2025/05/beverly-kerecman-induct-71.jpg,https://clevelandinternationalhalloffame.com/beverly-kerecman/,500,405,,true
beverly-kerecman-2025,Beverly Kerecman,2025,portrait-or-person-specific,0.84,https://clevelandinternationalhalloffame.com/wp-content/uploads/2025/05/beverly-kerecman-induct-61.jpg,https://clevelandinternationalhalloffame.com/beverly-kerecman/,500,355,,true
beverly-kerecman-2025,Beverly Kerecman,2025,portrait-or-person-specific,0.84,https://clevelandinternationalhalloffame.com/wp-content/uploads/2025/05/beverly-kerecman-induct-51.jpg,https://clevelandinternationalhalloffame.com/beverly-kerecman/,500,420,,true
beverly-kerecman-2025,Beverly Kerecman,2025,portrait-or-person-specific,0.84,https://clevelandinternationalhalloffame.com/wp-content/uploads/2025/05/beverly-kerecman-induct-2-lisa-womg1.jpg,https://clevelandinternationalhalloffame.com/beverly-kerecman/,500,453,,true
beverly-kerecman-2025,Beverly Kerecman,2025,portrait-or-person-specific,0.84,https://clevelandinternationalhalloffame.com/wp-content/uploads/2025/05/beverly-kerecman-induct-41.jpg,https://clevelandinternationalhalloffame.com/beverly-kerecman/,500,512,,true
beverly-kerecman-2025,Beverly Kerecman,2025,portrait-or-person-specific,0.84,https://clevelandinternationalhalloffame.com/wp-content/uploads/2025/05/beverly-kerecman-class-picture1.jpg,https://clevelandinternationalhalloffame.com/beverly-kerecman/,500,700,,true
beverly-kerecman-2025,Beverly Kerecman,2025,portrait-or-person-specific,0.84,https://clevelandinternationalhalloffame.com/wp-content/uploads/2025/05/beverly-kerecman1.jpg,https://clevelandinternationalhalloffame.com/beverly-kerecman/,500,518,,true
bill-miller-2017,Bill Miller,2017,portrait-or-person-specific,0.84,https://clevelandinternationalhalloffame.com/wp-content/uploads/2017/03/bill-miller-500-205x300.jpg,https://clevelandinternationalhalloffame.com/inductees-europe/bill-miller/,500,733,Bill Miller,true
bill-miller-2017,Bill Miller,2017,portrait-or-person-specific,0.84,https://www.clevelandpeople.com/images/hof/hof-2017/ia-august-pust.jpg,https://clevelandinternationalhalloffame.com/inductees-europe/bill-miller/,500,421,August Pust inducting Bill Miller,true
bill-miller-2017,Bill Miller,2017,portrait-or-person-specific,0.84,https://www.clevelandpeople.com/images/hof/hof-2017/ie-august-pust.jpg,https://clevelandinternationalhalloffame.com/inductees-europe/bill-miller/,500,381,August Pust inducting Bill Miller,true
bill-miller-2017,Bill Miller,2017,portrait-or-person-specific,0.84,https://www.clevelandpeople.com/images/hof/hof-2017/ih-august-pust.jpg,https://clevelandinternationalhalloffame.com/inductees-europe/bill-miller/,500,421,August Pust inducting Bill Miller,true
bill-miller-2017,Bill Miller,2017,portrait-or-person-specific,0.84,https://www.clevelandpeople.com/images/hof/hof-2017/ie-august-pust-marianna-miller.jpg,https://clevelandinternationalhalloffame.com/inductees-europe/bill-miller/,500,353,August Pust and Marianna Miller honoring Bill Miller,true
bill-miller-2017,Bill Miller,2017,portrait-or-person-specific,0.84,https://www.clevelandpeople.com/images/hof/hof-2017/ih-august-pust-marianna-miller.jpg,https://clevelandinternationalhalloffame.com/inductees-europe/bill-miller/,500,432,August Pust and Marianna Miller honoring Bill Miller,true
bill-miller-2017,Bill Miller,2017,portrait-or-person-specific,0.84,https://www.clevelandpeople.com/images/hof/hof-2017/ia-marianna-miller.jpg,https://clevelandinternationalhalloffame.com/inductees-europe/bill-miller/,500,477,Marianna Miller speaking about her husband Bill MIller,true
bill-miller-2017,Bill Miller,2017,portrait-or-person-specific,0.84,https://www.clevelandpeople.com/images/hof/hof-2017/ie-marianna-miller.jpg,https://clevelandinternationalhalloffame.com/inductees-europe/bill-miller/,500,482,Marianna Miller speaking about her husband Bill Miller,true
bill-miller-2017,Bill Miller,2017,portrait-or-person-specific,0.84,https://www.clevelandpeople.com/images/hof/hof-2017/ih-marianna-miller.jpg,https://clevelandinternationalhalloffame.com/inductees-europe/bill-miller/,500,551,Marianna Miller speaking about her husband Bill Miller,true
bill-miller-2017,Bill Miller,2017,portrait-or-person-specific,0.84,https://www.clevelandpeople.com/images/hof/hof-2017/ph-august.jpg,https://clevelandinternationalhalloffame.com/inductees-europe/bill-miller/,500,402,"August Pust, Bill Miller's wife and daughter",true
bill-miller-2017,Bill Miller,2017,portrait-or-person-specific,0.84,https://www.clevelandpeople.com/images/hof/hof-2017/ph-marianna-miller.jpg,https://clevelandinternationalhalloffame.com/inductees-europe/bill-miller/,500,353,Bill Miller's wife and daughter,true
bill-miller-2017,Bill Miller,2017,portrait-or-person-specific,0.84,https://clevelandinternationalhalloffame.com/wp-content/uploads/2017/03/bill-miller-500.jpg,https://clevelandinternationalhalloffame.com/inductees-europe/bill-miller/,500,733,Bill Miller,true
bishop-anthony-pilla-2015,Bishop Anthony Pilla,2015,portrait-or-person-specific,0.84,https://www.clevelandpeople.com/images/hof/hof-2015/event/bishop-pilla-sam-miller-2.jpg,https://clevelandinternationalhalloffame.com/bishop-anthony-pilla-2015/,500,382,Sam Miller and Bishop Anthony Pilla,true
bishop-anthony-pilla-2015,Bishop Anthony Pilla,2015,portrait-or-person-specific,0.84,https://www.clevelandpeople.com/images/hof/hof-2015/event/bishop-pilla-sam-miller-3.jpg,https://clevelandinternationalhalloffame.com/bishop-anthony-pilla-2015/,500,446,Sam Miller inducting Bishop Anthony Pilla,true
bishop-anthony-pilla-2015,Bishop Anthony Pilla,2015,portrait-or-person-specific,0.84,https://www.clevelandpeople.com/images/hof/hof-2015/event/bishop-pilla-sam-miller-4.jpg,https://clevelandinternationalhalloffame.com/bishop-anthony-pilla-2015/,500,419,Sam Miller inducting Bishop Anthony Pilla,true
bishop-anthony-pilla-2015,Bishop Anthony Pilla,2015,portrait-or-person-specific,0.84,https://www.clevelandpeople.com/images/hof/hof-2015/event/bishop-pilla-9.jpg,https://clevelandinternationalhalloffame.com/bishop-anthony-pilla-2015/,500,444,Bishop Anthony Pilla giving his acceptance remarks,true
bishop-anthony-pilla-2015,Bishop Anthony Pilla,2015,portrait-or-person-specific,0.84,https://www.clevelandpeople.com/images/hof/hof-2015/event/bishop-pilla-8.jpg,https://clevelandinternationalhalloffame.com/bishop-anthony-pilla-2015/,500,382,Bishop Anthony Pilla giving his acceptance remarks,true
bishop-anthony-pilla-2015,Bishop Anthony Pilla,2015,portrait-or-person-specific,0.84,https://www.clevelandpeople.com/images/hof/hof-2015/event/bishop-pilla-6.jpg,https://clevelandinternationalhalloffame.com/bishop-anthony-pilla-2015/,500,482,Bishop Anthony Pilla giving his acceptance remarks,true
bishop-anthony-pilla-2015,Bishop Anthony Pilla,2015,portrait-or-person-specific,0.84,https://www.clevelandpeople.com/images/hof/hof-2015/event/bishop-pilla-2.jpg,https://clevelandinternationalhalloffame.com/bishop-anthony-pilla-2015/,500,752,Bishop Anthony Pilla giving his acceptance remarks,true
bishop-anthony-pilla-2015,Bishop Anthony Pilla,2015,portrait-or-person-specific,0.84,https://www.clevelandpeople.com/images/hof/hof-2015/event/bishop-pilla-7.jpg,https://clevelandinternationalhalloffame.com/bishop-anthony-pilla-2015/,500,418,Bishop Anthony Pilla giving his acceptance remarks,true
bishop-anthony-pilla-2015,Bishop Anthony Pilla,2015,portrait-or-person-specific,0.84,https://www.clevelandpeople.com/images/hof/hof-2015/event/bishop-pilla-3.jpg,https://clevelandinternationalhalloffame.com/bishop-anthony-pilla-2015/,500,420,Bishop Anthony Pilla giving his acceptance remarks,true
bishop-anthony-pilla-2015,Bishop Anthony Pilla,2015,portrait-or-person-specific,0.84,https://www.clevelandpeople.com/images/hof/hof-2015/event/bishop-pilla-5-jose.jpg,https://clevelandinternationalhalloffame.com/bishop-anthony-pilla-2015/,500,359,Bishop Anthony Pilla with Jose Feliciano and Judge Villanueva,true
bishop-anthony-pilla-2015,Bishop Anthony Pilla,2015,portrait-or-person-specific,0.84,https://www.clevelandpeople.com/images/hof/hof-2015/event/bishop-pilla-4.jpg,https://clevelandinternationalhalloffame.com/bishop-anthony-pilla-2015/,500,385,Bishop Anthony Pilla with friends and family,true
bishop-anthony-pilla-2015,Bishop Anthony Pilla,2015,portrait-or-person-specific,0.84,https://www.clevelandpeople.com/images/hof/hof-2015/event/people-1-sam-miller-bishop-pilla.jpg,https://clevelandinternationalhalloffame.com/bishop-anthony-pilla-2015/,500,685,Bishop Pilla with Sam Miller,true
branka-malinar-2025,Branka Malinar,2025,portrait-or-person-specific,0.84,https://clevelandinternationalhalloffame.com/wp-content/uploads/2025/05/branka-malinar1-238x300.jpg,https://clevelandinternationalhalloffame.com/branka-malinar/,500,629,,true
branka-malinar-2025,Branka Malinar,2025,portrait-or-person-specific,0.84,https://clevelandinternationalhalloffame.com/wp-content/uploads/2025/05/branka-malinar-class-picture1-252x300.jpg,https://clevelandinternationalhalloffame.com/branka-malinar/,500,595,,true
branka-malinar-2025,Branka Malinar,2025,portrait-or-person-specific,0.84,https://clevelandinternationalhalloffame.com/wp-content/uploads/2025/05/branka-malinar-1-tom-turkaly1-150x150.jpg,https://clevelandinternationalhalloffame.com/branka-malinar/,500,496,,true
branka-malinar-2025,Branka Malinar,2025,portrait-or-person-specific,0.84,https://clevelandinternationalhalloffame.com/wp-content/uploads/2025/05/branka-malinar-4-tom-russ1-300x241.jpg,https://clevelandinternationalhalloffame.com/branka-malinar/,500,401,,true
branka-malinar-2025,Branka Malinar,2025,portrait-or-person-specific,0.84,https://clevelandinternationalhalloffame.com/wp-content/uploads/2025/05/branka-malinar-2-family1-300x214.jpg,https://clevelandinternationalhalloffame.com/branka-malinar/,500,357,,true
branka-malinar-2025,Branka Malinar,2025,portrait-or-person-specific,0.84,https://clevelandinternationalhalloffame.com/wp-content/uploads/2025/05/branka-malinar-3-family1-300x173.jpg,https://clevelandinternationalhalloffame.com/branka-malinar/,500,288,,true
branka-malinar-2025,Branka Malinar,2025,portrait-or-person-specific,0.84,https://clevelandinternationalhalloffame.com/wp-content/uploads/2025/05/branka-malinar-5-tom1-300x281.jpg,https://clevelandinternationalhalloffame.com/branka-malinar/,500,469,,true
branka-malinar-2025,Branka Malinar,2025,portrait-or-person-specific,0.84,https://clevelandinternationalhalloffame.com/wp-content/uploads/2025/05/branka-malinar-6-ambassador1-300x249.jpg,https://clevelandinternationalhalloffame.com/branka-malinar/,500,415,,true
branka-malinar-2025,Branka Malinar,2025,portrait-or-person-specific,0.84,https://clevelandinternationalhalloffame.com/wp-content/uploads/2025/05/branka-malinar-71-263x300.jpg,https://clevelandinternationalhalloffame.com/branka-malinar/,500,570,,true
branka-malinar-2025,Branka Malinar,2025,portrait-or-person-specific,0.84,https://clevelandinternationalhalloffame.com/wp-content/uploads/2025/05/branka-malinar-81-300x279.jpg,https://clevelandinternationalhalloffame.com/branka-malinar/,500,465,,true
branka-malinar-2025,Branka Malinar,2025,portrait-or-person-specific,0.84,https://clevelandinternationalhalloffame.com/wp-content/uploads/2025/05/branka-malinar-91-300x284.jpg,https://clevelandinternationalhalloffame.com/branka-malinar/,500,474,,true
branka-malinar-2025,Branka Malinar,2025,portrait-or-person-specific,0.84,https://clevelandinternationalhalloffame.com/wp-content/uploads/2025/05/branka-malinar-101-300x214.jpg,https://clevelandinternationalhalloffame.com/branka-malinar/,500,356,,true
branka-malinar-2025,Branka Malinar,2025,portrait-or-person-specific,0.84,https://clevelandinternationalhalloffame.com/wp-content/uploads/2025/05/branka-malinar-111-209x300.jpg,https://clevelandinternationalhalloffame.com/branka-malinar/,500,718,,true
branka-malinar-2025,Branka Malinar,2025,portrait-or-person-specific,0.84,https://clevelandinternationalhalloffame.com/wp-content/uploads/2025/05/branka-malinar-baby1-287x300.jpg,https://clevelandinternationalhalloffame.com/branka-malinar/,500,523,,true
branka-malinar-2025,Branka Malinar,2025,portrait-or-person-specific,0.84,https://clevelandinternationalhalloffame.com/wp-content/uploads/2025/05/branka-malinar-family1-300x206.jpg,https://clevelandinternationalhalloffame.com/branka-malinar/,500,343,,true
branka-malinar-2025,Branka Malinar,2025,portrait-or-person-specific,0.84,https://clevelandinternationalhalloffame.com/wp-content/uploads/2025/05/branka-malinar-award1-214x300.jpg,https://clevelandinternationalhalloffame.com/branka-malinar/,500,701,,true
branka-malinar-2025,Branka Malinar,2025,portrait-or-person-specific,0.84,https://clevelandinternationalhalloffame.com/wp-content/uploads/2025/05/branka-malinar-award1.jpg,https://clevelandinternationalhalloffame.com/branka-malinar/,500,701,,true
branka-malinar-2025,Branka Malinar,2025,portrait-or-person-specific,0.84,https://clevelandinternationalhalloffame.com/wp-content/uploads/2025/05/branka-malinar-family1.jpg,https://clevelandinternationalhalloffame.com/branka-malinar/,500,343,,true
branka-malinar-2025,Branka Malinar,2025,portrait-or-person-specific,0.84,https://clevelandinternationalhalloffame.com/wp-content/uploads/2025/05/branka-malinar-baby1.jpg,https://clevelandinternationalhalloffame.com/branka-malinar/,500,523,,true
branka-malinar-2025,Branka Malinar,2025,portrait-or-person-specific,0.84,https://clevelandinternationalhalloffame.com/wp-content/uploads/2025/05/branka-malinar-111.jpg,https://clevelandinternationalhalloffame.com/branka-malinar/,500,718,,true
branka-malinar-2025,Branka Malinar,2025,portrait-or-person-specific,0.84,https://clevelandinternationalhalloffame.com/wp-content/uploads/2025/05/branka-malinar-101.jpg,https://clevelandinternationalhalloffame.com/branka-malinar/,500,356,,true
branka-malinar-2025,Branka Malinar,2025,portrait-or-person-specific,0.84,https://clevelandinternationalhalloffame.com/wp-content/uploads/2025/05/branka-malinar-91.jpg,https://clevelandinternationalhalloffame.com/branka-malinar/,500,474,,true
branka-malinar-2025,Branka Malinar,2025,portrait-or-person-specific,0.84,https://clevelandinternationalhalloffame.com/wp-content/uploads/2025/05/branka-malinar-81.jpg,https://clevelandinternationalhalloffame.com/branka-malinar/,500,465,,true
branka-malinar-2025,Branka Malinar,2025,portrait-or-person-specific,0.84,https://clevelandinternationalhalloffame.com/wp-content/uploads/2025/05/branka-malinar-71.jpg,https://clevelandinternationalhalloffame.com/branka-malinar/,500,570,,true
branka-malinar-2025,Branka Malinar,2025,portrait-or-person-specific,0.84,https://clevelandinternationalhalloffame.com/wp-content/uploads/2025/05/branka-malinar-6-ambassador1.jpg,https://clevelandinternationalhalloffame.com/branka-malinar/,500,415,,true
branka-malinar-2025,Branka Malinar,2025,portrait-or-person-specific,0.84,https://clevelandinternationalhalloffame.com/wp-content/uploads/2025/05/branka-malinar-5-tom1.jpg,https://clevelandinternationalhalloffame.com/branka-malinar/,500,469,,true
branka-malinar-2025,Branka Malinar,2025,portrait-or-person-specific,0.84,https://clevelandinternationalhalloffame.com/wp-content/uploads/2025/05/branka-malinar-3-family1.jpg,https://clevelandinternationalhalloffame.com/branka-malinar/,500,288,,true
branka-malinar-2025,Branka Malinar,2025,portrait-or-person-specific,0.84,https://clevelandinternationalhalloffame.com/wp-content/uploads/2025/05/branka-malinar-2-family1.jpg,https://clevelandinternationalhalloffame.com/branka-malinar/,500,357,,true
branka-malinar-2025,Branka Malinar,2025,portrait-or-person-specific,0.84,https://clevelandinternationalhalloffame.com/wp-content/uploads/2025/05/branka-malinar-4-tom-russ1.jpg,https://clevelandinternationalhalloffame.com/branka-malinar/,500,401,,true
branka-malinar-2025,Branka Malinar,2025,portrait-or-person-specific,0.84,https://clevelandinternationalhalloffame.com/wp-content/uploads/2025/05/branka-malinar-1-tom-turkaly1.jpg,https://clevelandinternationalhalloffame.com/branka-malinar/,500,496,,true
branka-malinar-2025,Branka Malinar,2025,portrait-or-person-specific,0.84,https://clevelandinternationalhalloffame.com/wp-content/uploads/2025/05/branka-malinar-class-picture1.jpg,https://clevelandinternationalhalloffame.com/branka-malinar/,500,595,,true
branka-malinar-2025,Branka Malinar,2025,portrait-or-person-specific,0.84,https://clevelandinternationalhalloffame.com/wp-content/uploads/2025/05/branka-malinar1.jpg,https://clevelandinternationalhalloffame.com/branka-malinar/,500,629,,true
carl-robson-2022,Carl Robson,2022,portrait-or-person-specific,0.84,https://clevelandinternationalhalloffame.com/wp-content/uploads/2022/05/carl-robson-234x300.jpg,https://clevelandinternationalhalloffame.com/carl-robson/,400,513,Carl Robson,true
carl-robson-2022,Carl Robson,2022,portrait-or-person-specific,0.84,https://clevelandinternationalhalloffame.com/wp-content/uploads/2022/05/carl-robson.jpg,https://clevelandinternationalhalloffame.com/carl-robson/,400,513,,true
carolyn-balogh-2016-2016,Carolyn Balogh – 2016,2016,portrait-or-person-specific,0.84,https://clevelandinternationalhalloffame.com/wp-content/uploads/2016/10/carolyn-balogh-a500-229x300.jpg,https://clevelandinternationalhalloffame.com/carolyn-balogh-2016/,500,655,Carolyn Balogh,true
carolyn-balogh-2016-2016,Carolyn Balogh – 2016,2016,portrait-or-person-specific,0.84,https://www.clevelandpeople.com/images/hof/hof-2016/event/carolyn-balogh-maria-pujana-2.jpg,https://clevelandinternationalhalloffame.com/carolyn-balogh-2016/,500,434,Carolyn Balogh inducted by Maria Pujana,true
carolyn-balogh-2016-2016,Carolyn Balogh – 2016,2016,portrait-or-person-specific,0.84,https://www.clevelandpeople.com/images/hof/hof-2016/event/carolyn-balogh-maria-pujana-1.jpg,https://clevelandinternationalhalloffame.com/carolyn-balogh-2016/,500,497,Dr. Maria Pujana inducting Carolyn Balogh into the Cleveland International Hall of Fame,true
carolyn-balogh-2016-2016,Carolyn Balogh – 2016,2016,portrait-or-person-specific,0.84,https://www.clevelandpeople.com/images/hof/hof-2016/event/carolyn-balogh-maria-pujana-5.jpg,https://clevelandinternationalhalloffame.com/carolyn-balogh-2016/,500,481,Dr. Maria Pujana inducting Carolyn Balogh into the Cleveland International Hall of Fame,true
carolyn-balogh-2016-2016,Carolyn Balogh – 2016,2016,portrait-or-person-specific,0.84,https://www.clevelandpeople.com/images/hof/hof-2016/event/carolyn-balogh-maria-pujana-4.jpg,https://clevelandinternationalhalloffame.com/carolyn-balogh-2016/,500,342,Dr. Maria Pujana inducting Carolyn Balogh into the Cleveland International Hall of Fame,true
carolyn-balogh-2016-2016,Carolyn Balogh – 2016,2016,portrait-or-person-specific,0.84,https://www.clevelandpeople.com/images/hof/hof-2016/event/carolyn-balogh-maria-pujana-6.jpg,https://clevelandinternationalhalloffame.com/carolyn-balogh-2016/,500,493,Dr. Maria Pujana inducting Carolyn Balogh into the Cleveland International Hall of Fame,true
carolyn-balogh-2016-2016,Carolyn Balogh – 2016,2016,portrait-or-person-specific,0.84,https://www.clevelandpeople.com/images/hof/hof-2016/event/carolyn-balogh-1.jpg,https://clevelandinternationalhalloffame.com/carolyn-balogh-2016/,500,438,Carolyn Balogh giving her acceptance remarks after induction into the 2016 class of the Cleveland International Hall of Fame,true
carolyn-balogh-2016-2016,Carolyn Balogh – 2016,2016,portrait-or-person-specific,0.84,https://www.clevelandpeople.com/images/hof/hof-2016/event/carolyn-balogh-2.jpg,https://clevelandinternationalhalloffame.com/carolyn-balogh-2016/,500,461,Carolyn Balogh giving her acceptance remarks after induction into the 2016 class of the Cleveland International Hall of Fame,true
carolyn-balogh-2016-2016,Carolyn Balogh – 2016,2016,portrait-or-person-specific,0.84,https://www.clevelandpeople.com/images/hof/hof-2016/event/carolyn-balogh-maria-pujana-3.jpg,https://clevelandinternationalhalloffame.com/carolyn-balogh-2016/,500,335,Maria Pujana and Carolyn Balogh,true
carolyn-balogh-2016-2016,Carolyn Balogh – 2016,2016,portrait-or-person-specific,0.84,https://www.clevelandpeople.com/images/hof/hof-2016/event/carolyn-jim-balogh.jpg,https://clevelandinternationalhalloffame.com/carolyn-balogh-2016/,500,489,Carolyn Balogh with her husband Jim (Imre),true
carolyn-balogh-2016-2016,Carolyn Balogh – 2016,2016,portrait-or-person-specific,0.84,https://www.clevelandpeople.com/images/hof/hof-2016/event/khalid-coughlin-carolyn.jpg,https://clevelandinternationalhalloffame.com/carolyn-balogh-2016/,500,360,Carolyn Balogh shares a laugh with Khalid Samad and Dan Coughlin,true
carolyn-balogh-2016-2016,Carolyn Balogh – 2016,2016,portrait-or-person-specific,0.84,https://clevelandinternationalhalloffame.com/wp-content/uploads/2016/10/carolyn-balogh-maria-pujana.jpg,https://clevelandinternationalhalloffame.com/carolyn-balogh-2016/,500,471,Carolyn Balogh and Maria Pujana,true
carolyn-balogh-2016-2016,Carolyn Balogh – 2016,2016,portrait-or-person-specific,0.84,https://clevelandinternationalhalloffame.com/wp-content/uploads/2016/10/carolyn-balogh.jpg,https://clevelandinternationalhalloffame.com/carolyn-balogh-2016/,500,442,Carolyn Balogh in Cleveland International Hall of Fame,true
carolyn-balogh-2016-2016,Carolyn Balogh – 2016,2016,portrait-or-person-specific,0.84,https://clevelandinternationalhalloffame.com/wp-content/uploads/2016/10/carolyn-balogh-a500.jpg,https://clevelandinternationalhalloffame.com/carolyn-balogh-2016/,500,655,Carolyn Balogh,true
carolyn-balogh-2016-2016,Carolyn Balogh – 2016,2016,portrait-or-person-specific,0.84,http://www.clevelandpeople.com/images/hof/hof-2016/carolyn-balogh-a500.jpg,https://clevelandinternationalhalloffame.com/induction-event-info/carolyn-balogh/,500,655,Carolyn Balogh,true
catherine-jorgensen-mccutcheon-2026,Catherine Jorgensen McCutcheon,2026,portrait-or-person-specific,0.84,https://clevelandinternationalhalloffame.com/wp-content/uploads/2026/03/catherine-jorgensen-mccutcheon-500-300x273.jpg,https://clevelandinternationalhalloffame.com/catherine-jorgensen-mccutcheon/,500,455,,true
catherine-jorgensen-mccutcheon-2026,Catherine Jorgensen McCutcheon,2026,portrait-or-person-specific,0.84,https://clevelandinternationalhalloffame.com/wp-content/uploads/2026/03/catherine-jorgensen-mccutcheon-500.jpg,https://clevelandinternationalhalloffame.com/catherine-jorgensen-mccutcheon/,500,455,,true
david-gilbert-2025,David Gilbert,2025,portrait-or-person-specific,0.84,https://clevelandinternationalhalloffame.com/wp-content/uploads/2025/05/david-gilbert1-300x296.jpg,https://clevelandinternationalhalloffame.com/david-gilbert/,618,609,,true
david-gilbert-2025,David Gilbert,2025,portrait-or-person-specific,0.84,https://clevelandinternationalhalloffame.com/wp-content/uploads/2025/05/david-gilbert-induction-class-picture1-252x300.jpg,https://clevelandinternationalhalloffame.com/david-gilbert/,500,596,,true
david-gilbert-2025,David Gilbert,2025,portrait-or-person-specific,0.84,https://clevelandinternationalhalloffame.com/wp-content/uploads/2025/05/david-gilbert-induction-21-300x260.jpg,https://clevelandinternationalhalloffame.com/david-gilbert/,500,434,,true
david-gilbert-2025,David Gilbert,2025,portrait-or-person-specific,0.84,https://clevelandinternationalhalloffame.com/wp-content/uploads/2025/05/david-gilbert-induction-31-300x292.jpg,https://clevelandinternationalhalloffame.com/david-gilbert/,500,487,,true
david-gilbert-2025,David Gilbert,2025,portrait-or-person-specific,0.84,https://clevelandinternationalhalloffame.com/wp-content/uploads/2025/05/david-gilbert-induction-51-300x237.jpg,https://clevelandinternationalhalloffame.com/david-gilbert/,500,395,,true
david-gilbert-2025,David Gilbert,2025,portrait-or-person-specific,0.84,https://clevelandinternationalhalloffame.com/wp-content/uploads/2025/05/david-gilbert-induction-101-300x281.jpg,https://clevelandinternationalhalloffame.com/david-gilbert/,500,468,,true
david-gilbert-2025,David Gilbert,2025,portrait-or-person-specific,0.84,https://clevelandinternationalhalloffame.com/wp-content/uploads/2025/05/david-gilbert-induction-61-260x300.jpg,https://clevelandinternationalhalloffame.com/david-gilbert/,500,577,,true
david-gilbert-2025,David Gilbert,2025,portrait-or-person-specific,0.84,https://clevelandinternationalhalloffame.com/wp-content/uploads/2025/05/david-gilbert-induction-71-280x300.jpg,https://clevelandinternationalhalloffame.com/david-gilbert/,500,535,,true
david-gilbert-2025,David Gilbert,2025,portrait-or-person-specific,0.84,https://clevelandinternationalhalloffame.com/wp-content/uploads/2025/05/david-gilbert-induction-91-150x150.jpg,https://clevelandinternationalhalloffame.com/david-gilbert/,500,499,,true
david-gilbert-2025,David Gilbert,2025,portrait-or-person-specific,0.84,https://clevelandinternationalhalloffame.com/wp-content/uploads/2025/05/david-gilbert-induction-121-215x300.jpg,https://clevelandinternationalhalloffame.com/david-gilbert/,500,699,,true
david-gilbert-2025,David Gilbert,2025,portrait-or-person-specific,0.84,https://clevelandinternationalhalloffame.com/wp-content/uploads/2025/05/david-gilbert-blaine-griffin1-300x271.jpg,https://clevelandinternationalhalloffame.com/david-gilbert/,500,452,,true
david-gilbert-2025,David Gilbert,2025,portrait-or-person-specific,0.84,https://clevelandinternationalhalloffame.com/wp-content/uploads/2025/05/david-gilbert-wife-table1-291x300.jpg,https://clevelandinternationalhalloffame.com/david-gilbert/,500,515,,true
david-gilbert-2025,David Gilbert,2025,portrait-or-person-specific,0.84,https://clevelandinternationalhalloffame.com/wp-content/uploads/2025/05/david-gilbert-seat-21-300x254.jpg,https://clevelandinternationalhalloffame.com/david-gilbert/,500,424,,true
david-gilbert-2025,David Gilbert,2025,portrait-or-person-specific,0.84,https://clevelandinternationalhalloffame.com/wp-content/uploads/2025/05/david-gilbert-induction-111-300x242.jpg,https://clevelandinternationalhalloffame.com/david-gilbert/,500,403,,true
david-gilbert-2025,David Gilbert,2025,portrait-or-person-specific,0.84,https://clevelandinternationalhalloffame.com/wp-content/uploads/2025/05/david-gilbert-award1-207x300.jpg,https://clevelandinternationalhalloffame.com/david-gilbert/,500,726,,true
david-gilbert-2025,David Gilbert,2025,portrait-or-person-specific,0.84,https://clevelandinternationalhalloffame.com/wp-content/uploads/2025/05/david-gilbert-award1.jpg,https://clevelandinternationalhalloffame.com/david-gilbert/,500,726,,true
david-gilbert-2025,David Gilbert,2025,portrait-or-person-specific,0.84,https://clevelandinternationalhalloffame.com/wp-content/uploads/2025/05/david-gilbert-induction-111.jpg,https://clevelandinternationalhalloffame.com/david-gilbert/,500,403,,true
david-gilbert-2025,David Gilbert,2025,portrait-or-person-specific,0.84,https://clevelandinternationalhalloffame.com/wp-content/uploads/2025/05/david-gilbert-seat-21.jpg,https://clevelandinternationalhalloffame.com/david-gilbert/,500,424,,true
david-gilbert-2025,David Gilbert,2025,portrait-or-person-specific,0.84,https://clevelandinternationalhalloffame.com/wp-content/uploads/2025/05/david-gilbert-wife-table1.jpg,https://clevelandinternationalhalloffame.com/david-gilbert/,500,515,,true
david-gilbert-2025,David Gilbert,2025,portrait-or-person-specific,0.84,https://clevelandinternationalhalloffame.com/wp-content/uploads/2025/05/david-gilbert-blaine-griffin1.jpg,https://clevelandinternationalhalloffame.com/david-gilbert/,500,452,,true
david-gilbert-2025,David Gilbert,2025,portrait-or-person-specific,0.84,https://clevelandinternationalhalloffame.com/wp-content/uploads/2025/05/david-gilbert-induction-121.jpg,https://clevelandinternationalhalloffame.com/david-gilbert/,500,699,,true
david-gilbert-2025,David Gilbert,2025,portrait-or-person-specific,0.84,https://clevelandinternationalhalloffame.com/wp-content/uploads/2025/05/david-gilbert-induction-91.jpg,https://clevelandinternationalhalloffame.com/david-gilbert/,500,499,,true
david-gilbert-2025,David Gilbert,2025,portrait-or-person-specific,0.84,https://clevelandinternationalhalloffame.com/wp-content/uploads/2025/05/david-gilbert-induction-71.jpg,https://clevelandinternationalhalloffame.com/david-gilbert/,500,535,,true
david-gilbert-2025,David Gilbert,2025,portrait-or-person-specific,0.84,https://clevelandinternationalhalloffame.com/wp-content/uploads/2025/05/david-gilbert-induction-61.jpg,https://clevelandinternationalhalloffame.com/david-gilbert/,500,577,,true
david-gilbert-2025,David Gilbert,2025,portrait-or-person-specific,0.84,https://clevelandinternationalhalloffame.com/wp-content/uploads/2025/05/david-gilbert-induction-101.jpg,https://clevelandinternationalhalloffame.com/david-gilbert/,500,468,,true
david-gilbert-2025,David Gilbert,2025,portrait-or-person-specific,0.84,https://clevelandinternationalhalloffame.com/wp-content/uploads/2025/05/david-gilbert-induction-51.jpg,https://clevelandinternationalhalloffame.com/david-gilbert/,500,395,,true
david-gilbert-2025,David Gilbert,2025,portrait-or-person-specific,0.84,https://clevelandinternationalhalloffame.com/wp-content/uploads/2025/05/david-gilbert-induction-31.jpg,https://clevelandinternationalhalloffame.com/david-gilbert/,500,487,,true
david-gilbert-2025,David Gilbert,2025,portrait-or-person-specific,0.84,https://clevelandinternationalhalloffame.com/wp-content/uploads/2025/05/david-gilbert-induction-21.jpg,https://clevelandinternationalhalloffame.com/david-gilbert/,500,434,,true
david-gilbert-2025,David Gilbert,2025,portrait-or-person-specific,0.84,https://clevelandinternationalhalloffame.com/wp-content/uploads/2025/05/david-gilbert-induction-class-picture1.jpg,https://clevelandinternationalhalloffame.com/david-gilbert/,500,596,,true
david-gilbert-2025,David Gilbert,2025,portrait-or-person-specific,0.84,https://clevelandinternationalhalloffame.com/wp-content/uploads/2025/05/david-gilbert1.jpg,https://clevelandinternationalhalloffame.com/david-gilbert/,618,609,,true
dick-pogue-2015,Dick Pogue,2015,portrait-or-person-specific,0.84,https://www.clevelandpeople.com/images/hof/hof-2015/event/dick-pogue-4.jpg,https://clevelandinternationalhalloffame.com/richard-pogue-2015/,500,378,Dick Pogue and Sanjiv Kapur,true
dick-pogue-2015,Dick Pogue,2015,portrait-or-person-specific,0.84,https://www.clevelandpeople.com/images/hof/hof-2015/event/dick-pogue-2.jpg,https://clevelandinternationalhalloffame.com/richard-pogue-2015/,500,350,Sanjiv Kapur inducting Dick Pogue,true
dick-pogue-2015,Dick Pogue,2015,portrait-or-person-specific,0.84,https://www.clevelandpeople.com/images/hof/hof-2015/event/dick-pogue-sanjiv-kapur-2.jpg,https://clevelandinternationalhalloffame.com/richard-pogue-2015/,500,423,Sanjiv Kapur inducting Dick Pogue,true
dick-pogue-2015,Dick Pogue,2015,portrait-or-person-specific,0.84,https://www.clevelandpeople.com/images/hof/hof-2015/event/dick-pogue-3.jpg,https://clevelandinternationalhalloffame.com/richard-pogue-2015/,500,330,Sanjiv Kapur inducting Dick Pogue,true
dick-pogue-2015,Dick Pogue,2015,portrait-or-person-specific,0.84,https://www.clevelandpeople.com/images/hof/hof-2015/event/dick-pogue-7.jpg,https://clevelandinternationalhalloffame.com/richard-pogue-2015/,500,538,Sanjiv Kapur inducting Dick Pogue,true
dick-pogue-2015,Dick Pogue,2015,portrait-or-person-specific,0.84,https://www.clevelandpeople.com/images/hof/hof-2015/event/dick-pogue-sanjiv-kapur-3.jpg,https://clevelandinternationalhalloffame.com/richard-pogue-2015/,500,354,Sanjiv Kapur inducting Dick Pogue,true
dick-pogue-2015,Dick Pogue,2015,portrait-or-person-specific,0.84,https://www.clevelandpeople.com/images/hof/hof-2015/event/dick-pogue-sanjiv-kapur-4.jpg,https://clevelandinternationalhalloffame.com/richard-pogue-2015/,500,434,Sanjiv Kapur inducting Dick Pogue,true
dick-pogue-2015,Dick Pogue,2015,portrait-or-person-specific,0.84,https://www.clevelandpeople.com/images/hof/hof-2015/event/dick-pogue-sanjiv-kapur-5.jpg,https://clevelandinternationalhalloffame.com/richard-pogue-2015/,500,415,Dick Pogue giving his acceptance remarks,true
dick-pogue-2015,Dick Pogue,2015,portrait-or-person-specific,0.84,https://www.clevelandpeople.com/images/hof/hof-2015/event/dick-pogue-sanjiv-kapur-6.jpg,https://clevelandinternationalhalloffame.com/richard-pogue-2015/,500,444,Dick Pogue giving his acceptance remarks,true
dick-pogue-2015,Dick Pogue,2015,portrait-or-person-specific,0.84,https://www.clevelandpeople.com/images/hof/hof-2015/event/dick-pogue-10.jpg,https://clevelandinternationalhalloffame.com/richard-pogue-2015/,500,463,Dick Pogue giving his acceptance remarks,true
dick-pogue-2015,Dick Pogue,2015,portrait-or-person-specific,0.84,https://www.clevelandpeople.com/images/hof/hof-2015/event/dick-pogue-8.jpg,https://clevelandinternationalhalloffame.com/richard-pogue-2015/,500,471,Dick Pogue giving his acceptance remarks,true
dick-pogue-2015,Dick Pogue,2015,portrait-or-person-specific,0.84,https://www.clevelandpeople.com/images/hof/hof-2015/event/dick-pogue-9.jpg,https://clevelandinternationalhalloffame.com/richard-pogue-2015/,500,460,Dick Pogue giving his acceptance remarks,true
dick-pogue-2015,Dick Pogue,2015,portrait-or-person-specific,0.84,https://www.clevelandpeople.com/images/hof/hof-2015/event/dick-pogue-jose.jpg,https://clevelandinternationalhalloffame.com/richard-pogue-2015/,500,398,Pat and Dick Pogue with Jose Feliciano,true
dick-pogue-2015,Dick Pogue,2015,portrait-or-person-specific,0.84,https://www.clevelandpeople.com/images/hof/hof-2015/event/dick-pogue-wife-pat.jpg,https://clevelandinternationalhalloffame.com/richard-pogue-2015/,500,411,Pat and Dick Pogue,true
dick-pogue-2015,Dick Pogue,2015,portrait-or-person-specific,0.84,https://www.clevelandpeople.com/images/hof/hof-2015/event/dick-pogue-6.jpg,https://clevelandinternationalhalloffame.com/richard-pogue-2015/,500,443,Dick Pogue at the Hall of Fame event,true
dick-pogue-2015,Dick Pogue,2015,portrait-or-person-specific,0.84,https://www.clevelandpeople.com/images/hof/hof-2015/event/dick-pogue-shiv-pilla.jpg,https://clevelandinternationalhalloffame.com/richard-pogue-2015/,500,358,Dick Pogue with fellow inductees Shiv Aggarwal and Bishop Anthony Pilla,true
dick-pogue-2015,Dick Pogue,2015,portrait-or-person-specific,0.84,https://www.clevelandpeople.com/images/hof/hof-2015/event/bishop-pilla-7.jpg,https://clevelandinternationalhalloffame.com/richard-pogue-2015/,500,418,Dick Pogue listening to Bjishop Anthony Pilla,true
dick-pogue-2015,Dick Pogue,2015,portrait-or-person-specific,0.84,https://www.clevelandpeople.com/images/hof/hof-2015/event/dan-hanson-speak.jpg,https://clevelandinternationalhalloffame.com/richard-pogue-2015/,500,355,Dan Hanson introducing Dick Pogue,true
dick-pogue-2015,Dick Pogue,2015,portrait-or-person-specific,0.84,https://www.clevelandpeople.com/images/hof/hof-2015/event/dick-pogue-sanjiv-kapur.jpg,https://clevelandinternationalhalloffame.com/richard-pogue-2015/,500,380,Sanjiv Kapur and Dick Pogue,true
dick-russ-2015,Dick Russ,2015,portrait-or-person-specific,0.84,https://www.clevelandpeople.com/images/hof/hof-2015/event/dick-russ-loree-vick-7.jpg,https://clevelandinternationalhalloffame.com/dick-russ-2015/,500,431,Dick Russ and Loree Vick,true
dick-russ-2015,Dick Russ,2015,portrait-or-person-specific,0.84,https://www.clevelandpeople.com/images/hof/hof-2015/event/dick-russ-loree-vick-8.jpg,https://clevelandinternationalhalloffame.com/dick-russ-2015/,500,507,Loree Vick inducting Dick Russ,true
dick-russ-2015,Dick Russ,2015,portrait-or-person-specific,0.84,https://www.clevelandpeople.com/images/hof/hof-2015/event/dick-russ-loree-vick-9.jpg,https://clevelandinternationalhalloffame.com/dick-russ-2015/,500,397,Loree Vick inducting Dick Russ,true
dick-russ-2015,Dick Russ,2015,portrait-or-person-specific,0.84,https://www.clevelandpeople.com/images/hof/hof-2015/event/dick-russ-loree-vick-5.jpg,https://clevelandinternationalhalloffame.com/dick-russ-2015/,500,429,Loree Vick inducting Dick Russ,true
dick-russ-2015,Dick Russ,2015,portrait-or-person-specific,0.84,https://www.clevelandpeople.com/images/hof/hof-2015/event/dick-russ-loree-vick-4.jpg,https://clevelandinternationalhalloffame.com/dick-russ-2015/,500,605,Loree Vick inducting Dick Russ,true
dick-russ-2015,Dick Russ,2015,portrait-or-person-specific,0.84,https://www.clevelandpeople.com/images/hof/hof-2015/event/dick-russ-loree-vick-6.jpg,https://clevelandinternationalhalloffame.com/dick-russ-2015/,500,477,Loree Vick inducting Dick Russ,true
dick-russ-2015,Dick Russ,2015,portrait-or-person-specific,0.84,https://www.clevelandpeople.com/images/hof/hof-2015/event/dick-russ-loree-vick-1.jpg,https://clevelandinternationalhalloffame.com/dick-russ-2015/,500,488,Loree Vick inducting Dick Russ,true
dick-russ-2015,Dick Russ,2015,portrait-or-person-specific,0.84,https://www.clevelandpeople.com/images/hof/hof-2015/event/dick-russ-8.jpg,https://clevelandinternationalhalloffame.com/dick-russ-2015/,500,442,Dick Russ giving his acceptance remarks,true
dick-russ-2015,Dick Russ,2015,portrait-or-person-specific,0.84,https://www.clevelandpeople.com/images/hof/hof-2015/event/dick-russ-7.jpg,https://clevelandinternationalhalloffame.com/dick-russ-2015/,500,435,Dick Russ giving his acceptance remarks,true
dick-russ-2015,Dick Russ,2015,portrait-or-person-specific,0.84,https://www.clevelandpeople.com/images/hof/hof-2015/event/dick-russ-4.jpg,https://clevelandinternationalhalloffame.com/dick-russ-2015/,500,488,Dick Russ giving his acceptance remarks,true
dick-russ-2015,Dick Russ,2015,portrait-or-person-specific,0.84,https://www.clevelandpeople.com/images/hof/hof-2015/event/dick-russ-2.jpg,https://clevelandinternationalhalloffame.com/dick-russ-2015/,500,726,Dick Russ giving his acceptance remarks,true
dick-russ-2015,Dick Russ,2015,portrait-or-person-specific,0.84,https://www.clevelandpeople.com/images/hof/hof-2015/event/dick-russ-dais.jpg,https://clevelandinternationalhalloffame.com/dick-russ-2015/,500,274,Dick Russ giving his acceptance remarks,true
dick-russ-2015,Dick Russ,2015,portrait-or-person-specific,0.84,https://www.clevelandpeople.com/images/hof/hof-2015/event/dick-russ-3.jpg,https://clevelandinternationalhalloffame.com/dick-russ-2015/,500,572,Dick Russ with wife Chris,true
dick-russ-2015,Dick Russ,2015,portrait-or-person-specific,0.84,https://www.clevelandpeople.com/images/hof/hof-2015/event/dick-russ-5.jpg,https://clevelandinternationalhalloffame.com/dick-russ-2015/,500,455,Dick Russ with wife Chris,true
dick-russ-2015,Dick Russ,2015,portrait-or-person-specific,0.84,https://www.clevelandpeople.com/images/hof/hof-2015/event/dick-russ-6.jpg,https://clevelandinternationalhalloffame.com/dick-russ-2015/,500,386,Dick Russ and Tony Petkovsek,true
dick-russ-2015,Dick Russ,2015,portrait-or-person-specific,0.84,https://www.clevelandpeople.com/images/hof/hof-2015/event/dick-russ-group.jpg,https://clevelandinternationalhalloffame.com/dick-russ-2015/,500,336,Chris and Dick Russ with Loree Vick and Tony Petkovsek,true
dick-russ-2015,Dick Russ,2015,portrait-or-person-specific,0.84,https://www.clevelandpeople.com/images/hof/hof-2015/event/dick-russ-jure-zmauc.jpg,https://clevelandinternationalhalloffame.com/dick-russ-2015/,500,661,Dick Russ with Slovenian Consul Jure Zmauc,true
dick-russ-2015,Dick Russ,2015,portrait-or-person-specific,0.84,https://www.clevelandpeople.com/images/hof/hof-2015/event/dick-russ-wife-bafna.jpg,https://clevelandinternationalhalloffame.com/dick-russ-2015/,500,385,Dick and Chris Russ with Suresh Bafna,true
dona-brady-2024,Dona Brady,2024,portrait-or-person-specific,0.84,https://clevelandinternationalhalloffame.com/wp-content/uploads/2024/01/dona-brady-500-214x300.jpg,https://clevelandinternationalhalloffame.com/inductees/dona-brady/,500,701,,true
dona-brady-2024,Dona Brady,2024,portrait-or-person-specific,0.84,https://clevelandinternationalhalloffame.com/wp-content/uploads/2024/01/bujar-nishani-podium21-300x261.jpg,https://clevelandinternationalhalloffame.com/inductees/dona-brady/,500,435,"Dona Brady after introducing the Honorable Bujar Nishani, President of Albania",true
dona-brady-2024,Dona Brady,2024,portrait-or-person-specific,0.84,https://clevelandinternationalhalloffame.com/wp-content/uploads/2024/01/dona-brady-statue-21-195x300.jpg,https://clevelandinternationalhalloffame.com/inductees/dona-brady/,500,768,Dona Brady at Mother Teresa statue unveiling,true
dona-brady-2024,Dona Brady,2024,portrait-or-person-specific,0.84,https://clevelandinternationalhalloffame.com/wp-content/uploads/2024/01/42-albanian-21-150x150.jpg,https://clevelandinternationalhalloffame.com/inductees/dona-brady/,500,502,Dona Brady leading the Albanian Cultural Garden group at One World Day,true
dona-brady-2024,Dona Brady,2024,portrait-or-person-specific,0.84,https://clevelandinternationalhalloffame.com/wp-content/uploads/2024/01/dona-brady-statue-21.jpg,https://clevelandinternationalhalloffame.com/inductees/dona-brady/,500,768,Dona Brady at Mother Teresa statue unveiling,true
dona-brady-2024,Dona Brady,2024,portrait-or-person-specific,0.84,https://clevelandinternationalhalloffame.com/wp-content/uploads/2024/01/dona-brady-500.jpg,https://clevelandinternationalhalloffame.com/inductees/dona-brady/,500,701,Dona Brady,true
dr-eugene-jordan-2024,Dr. Eugene Jordan,2024,portrait-or-person-specific,0.84,https://clevelandinternationalhalloffame.com/wp-content/uploads/2024/01/cityhall-steps-jordan1-266x300.jpg,https://clevelandinternationalhalloffame.com/inductees/dr-eugene-jordan/,500,564,Dr. Eugene Jordan on the steps of City Hall,true
dr-eugene-jordan-2024,Dr. Eugene Jordan,2024,portrait-or-person-specific,0.84,https://clevelandinternationalhalloffame.com/wp-content/uploads/2024/01/eugene-jordan-11-300x198.jpg,https://clevelandinternationalhalloffame.com/inductees/dr-eugene-jordan/,450,297,"Dr. Eugene Jordan speaking about the 54th Cavalry in the Civil War, an all-Black unit that was willing to fight for free.",true
dr-eugene-jordan-2024,Dr. Eugene Jordan,2024,portrait-or-person-specific,0.84,https://clevelandinternationalhalloffame.com/wp-content/uploads/2024/01/eugene-jordan-11.jpg,https://clevelandinternationalhalloffame.com/inductees/dr-eugene-jordan/,450,297,,true
dr-eugene-jordan-2024,Dr. Eugene Jordan,2024,portrait-or-person-specific,0.84,https://clevelandinternationalhalloffame.com/wp-content/uploads/2024/01/eugene-jordan-500-1.jpg,https://clevelandinternationalhalloffame.com/inductees/dr-eugene-jordan/,500,575,,true
erika-puussaar-2024,Erika Puussaar,2024,portrait-or-person-specific,0.84,https://clevelandinternationalhalloffame.com/wp-content/uploads/2024/01/erika-puussaar-500-240x300.jpg,https://clevelandinternationalhalloffame.com/inductees/erika-puussaar/,500,625,,true
erika-puussaar-2024,Erika Puussaar,2024,portrait-or-person-specific,0.84,https://clevelandinternationalhalloffame.com/wp-content/uploads/2024/01/erika-puussaar-speak1-263x300.jpg,https://clevelandinternationalhalloffame.com/inductees/erika-puussaar/,500,570,,true
erika-puussaar-2024,Erika Puussaar,2024,portrait-or-person-specific,0.84,https://clevelandinternationalhalloffame.com/wp-content/uploads/2024/01/erika-puussaar-award1-300x189.jpg,https://clevelandinternationalhalloffame.com/inductees/erika-puussaar/,500,315,,true
erika-puussaar-2024,Erika Puussaar,2024,portrait-or-person-specific,0.84,https://clevelandinternationalhalloffame.com/wp-content/uploads/2024/01/erika-puussaar-award1.jpg,https://clevelandinternationalhalloffame.com/inductees/erika-puussaar/,500,315,,true
erika-puussaar-2024,Erika Puussaar,2024,portrait-or-person-specific,0.84,https://clevelandinternationalhalloffame.com/wp-content/uploads/2024/01/erika-puussaar-speak1.jpg,https://clevelandinternationalhalloffame.com/inductees/erika-puussaar/,500,570,,true
erika-puussaar-2024,Erika Puussaar,2024,portrait-or-person-specific,0.84,https://clevelandinternationalhalloffame.com/wp-content/uploads/2024/01/erika-puussaar-500.jpg,https://clevelandinternationalhalloffame.com/inductees/erika-puussaar/,500,625,Erika Puussaar,true
eugenia-stolarczyk-2016-2016,Eugenia Stolarczyk – 2016,2016,portrait-or-person-specific,0.84,https://clevelandinternationalhalloffame.com/wp-content/uploads/2016/10/eugenia-500-199x300.jpg,https://clevelandinternationalhalloffame.com/eugenia-stolarczyk-2016/,500,753,Eugenia Stolarczyk,true
eugenia-stolarczyk-2016-2016,Eugenia Stolarczyk – 2016,2016,portrait-or-person-specific,0.84,https://www.clevelandpeople.com/images/hof/hof-2016/event/eugenia-consul.jpg,https://clevelandinternationalhalloffame.com/eugenia-stolarczyk-2016/,500,295,Eugenia Stolarczyk and Polish Consul General Urszula Gacek,true
eugenia-stolarczyk-2016-2016,Eugenia Stolarczyk – 2016,2016,portrait-or-person-specific,0.84,https://www.clevelandpeople.com/images/hof/hof-2016/event/eugenia-consul-general-2.jpg,https://clevelandinternationalhalloffame.com/eugenia-stolarczyk-2016/,500,459,Polish Consul General Urszula Gacek and Eugenia Stolarczyk,true
eugenia-stolarczyk-2016-2016,Eugenia Stolarczyk – 2016,2016,portrait-or-person-specific,0.84,https://www.clevelandpeople.com/images/hof/hof-2016/event/eugenia-1.jpg,https://clevelandinternationalhalloffame.com/eugenia-stolarczyk-2016/,500,466,Eugenia Stolarczyk giving her acceptance remarks,true
eugenia-stolarczyk-2016-2016,Eugenia Stolarczyk – 2016,2016,portrait-or-person-specific,0.84,https://www.clevelandpeople.com/images/hof/hof-2016/event/eugenia-2.jpg,https://clevelandinternationalhalloffame.com/eugenia-stolarczyk-2016/,500,517,Eugenia Stolarczyk giving her acceptance remarks,true
eugenia-stolarczyk-2016-2016,Eugenia Stolarczyk – 2016,2016,portrait-or-person-specific,0.84,https://www.clevelandpeople.com/images/hof/hof-2016/event/eugenia-table.jpg,https://clevelandinternationalhalloffame.com/eugenia-stolarczyk-2016/,500,411,Eugenia Stolarczyk,true
eugenia-stolarczyk-2016-2016,Eugenia Stolarczyk – 2016,2016,portrait-or-person-specific,0.84,https://www.clevelandpeople.com/images/hof/hof-2016/event/eugenia-flowers.jpg,https://clevelandinternationalhalloffame.com/eugenia-stolarczyk-2016/,500,304,Flowers for Eugenia Stolarczyk,true
eugenia-stolarczyk-2016-2016,Eugenia Stolarczyk – 2016,2016,portrait-or-person-specific,0.84,https://www.clevelandpeople.com/images/hof/hof-2016/event/eugenia-flowers-2.jpg,https://clevelandinternationalhalloffame.com/eugenia-stolarczyk-2016/,500,390,Flowers for Eugenia Stolarczyk,true
eugenia-stolarczyk-2016-2016,Eugenia Stolarczyk – 2016,2016,portrait-or-person-specific,0.84,https://www.clevelandpeople.com/images/hof/hof-2016/event/people-4.jpg,https://clevelandinternationalhalloffame.com/eugenia-stolarczyk-2016/,500,434,Polish costume for Eugenia Stolarczyk,true
eugenia-stolarczyk-2016-2016,Eugenia Stolarczyk – 2016,2016,portrait-or-person-specific,0.84,https://www.clevelandpeople.com/images/hof/hof-2016/event/eugenia-feckanin.jpg,https://clevelandinternationalhalloffame.com/eugenia-stolarczyk-2016/,500,397,Friends of Eugenia Stolarczyk,true
eugenia-stolarczyk-2016-2016,Eugenia Stolarczyk – 2016,2016,portrait-or-person-specific,0.84,https://www.clevelandpeople.com/images/hof/hof-2016/event/eugenia-ladies.jpg,https://clevelandinternationalhalloffame.com/eugenia-stolarczyk-2016/,500,318,Friends of Eugenia Stolarczyk,true
eugenia-stolarczyk-2016-2016,Eugenia Stolarczyk – 2016,2016,portrait-or-person-specific,0.84,https://clevelandinternationalhalloffame.com/wp-content/uploads/2016/10/eugenia-stolarczyk.jpg,https://clevelandinternationalhalloffame.com/eugenia-stolarczyk-2016/,500,446,Eugenia Stolarczyk at Cleveland International Hall of Fame,true
eugenia-stolarczyk-2016-2016,Eugenia Stolarczyk – 2016,2016,portrait-or-person-specific,0.84,https://clevelandinternationalhalloffame.com/wp-content/uploads/2016/10/eugenia-consul.jpg,https://clevelandinternationalhalloffame.com/eugenia-stolarczyk-2016/,500,363,Eugenia Stolarczyk and Polish Consul General Urszula Gacek,true
eugenia-stolarczyk-2016-2016,Eugenia Stolarczyk – 2016,2016,portrait-or-person-specific,0.84,https://clevelandinternationalhalloffame.com/wp-content/uploads/2016/10/consul-gacek-eugenia.jpg,https://clevelandinternationalhalloffame.com/eugenia-stolarczyk-2016/,500,415,Polish Consul General Urszula Gacek and Eugenia Stolarczyk,true
eugenia-stolarczyk-2016-2016,Eugenia Stolarczyk – 2016,2016,portrait-or-person-specific,0.84,https://clevelandinternationalhalloffame.com/wp-content/uploads/2016/10/eugenia-500.jpg,https://clevelandinternationalhalloffame.com/eugenia-stolarczyk-2016/,500,753,Eugenia Stolarczyk,true
eugenia-stolarczyk-2016-2016,Eugenia Stolarczyk – 2016,2016,portrait-or-person-specific,0.84,http://www.clevelandpeople.com/images/hof/hof-2016/eugenia-500.jpg,https://clevelandinternationalhalloffame.com/induction-event-info/eugenia-stolarczyk/,500,753,Eugenia Stolarczyk,true
georgine-welo-2023,Georgine Welo,2023,portrait-or-person-specific,0.84,https://clevelandinternationalhalloffame.com/wp-content/uploads/2023/04/s-georgine-welo-1-300x287.jpg,https://clevelandinternationalhalloffame.com/georgine-welo/,500,478,,true
georgine-welo-2023,Georgine Welo,2023,portrait-or-person-specific,0.84,https://clevelandinternationalhalloffame.com/wp-content/uploads/2023/04/s-georgine-welo-alex-hug-247x300.jpg,https://clevelandinternationalhalloffame.com/georgine-welo/,500,608,,true
georgine-welo-2023,Georgine Welo,2023,portrait-or-person-specific,0.84,https://clevelandinternationalhalloffame.com/wp-content/uploads/2023/04/s-georgine-welo-alex-award-300x284.jpg,https://clevelandinternationalhalloffame.com/georgine-welo/,500,473,,true
georgine-welo-2023,Georgine Welo,2023,portrait-or-person-specific,0.84,https://clevelandinternationalhalloffame.com/wp-content/uploads/2023/04/s-georgine-welo-2-300x285.jpg,https://clevelandinternationalhalloffame.com/georgine-welo/,500,475,,true
georgine-welo-2023,Georgine Welo,2023,portrait-or-person-specific,0.84,https://clevelandinternationalhalloffame.com/wp-content/uploads/2023/04/s-georgine-welo-2.jpg,https://clevelandinternationalhalloffame.com/georgine-welo/,500,475,,true
georgine-welo-2023,Georgine Welo,2023,portrait-or-person-specific,0.84,https://clevelandinternationalhalloffame.com/wp-content/uploads/2023/04/s-georgine-welo-alex-award.jpg,https://clevelandinternationalhalloffame.com/georgine-welo/,500,473,,true
georgine-welo-2023,Georgine Welo,2023,portrait-or-person-specific,0.84,https://clevelandinternationalhalloffame.com/wp-content/uploads/2023/04/s-georgine-welo-alex-hug.jpg,https://clevelandinternationalhalloffame.com/georgine-welo/,500,608,,true
georgine-welo-2023,Georgine Welo,2023,portrait-or-person-specific,0.84,https://clevelandinternationalhalloffame.com/wp-content/uploads/2023/04/s-georgine-welo-1.jpg,https://clevelandinternationalhalloffame.com/georgine-welo/,500,478,,true
honorable-jose-a-villanueva-2015,Honorable José A. Villanueva,2015,portrait-or-person-specific,0.84,https://www.clevelandpeople.com/images/hof/hof-2015/event/jose-villanueva-2.jpg,https://clevelandinternationalhalloffame.com/honorable-jose-a-villanueva-2015/,500,453,Judge José A.Villanueva was inducted by José Feliciano,true
honorable-jose-a-villanueva-2015,Honorable José A. Villanueva,2015,portrait-or-person-specific,0.84,https://www.clevelandpeople.com/images/hof/hof-2015/event/jose-villanueva-1.jpg,https://clevelandinternationalhalloffame.com/honorable-jose-a-villanueva-2015/,500,443,Judge José A.Villanueva inducted by José Feliciano,true
honorable-jose-a-villanueva-2015,Honorable José A. Villanueva,2015,portrait-or-person-specific,0.84,https://www.clevelandpeople.com/images/hof/hof-2015/event/jose-villanueva-9.jpg,https://clevelandinternationalhalloffame.com/honorable-jose-a-villanueva-2015/,500,492,Judge José A.Villanueva inducted by José Feliciano,true
honorable-jose-a-villanueva-2015,Honorable José A. Villanueva,2015,portrait-or-person-specific,0.84,https://www.clevelandpeople.com/images/hof/hof-2015/event/jose-villanueva-10.jpg,https://clevelandinternationalhalloffame.com/honorable-jose-a-villanueva-2015/,500,450,Judge José A.Villanueva inducted by José Feliciano,true
honorable-jose-a-villanueva-2015,Honorable José A. Villanueva,2015,portrait-or-person-specific,0.84,https://www.clevelandpeople.com/images/hof/hof-2015/event/jose-villanueva-3.jpg,https://clevelandinternationalhalloffame.com/honorable-jose-a-villanueva-2015/,500,391,Judge José Villanueva giving his acceptance remarks,true
honorable-jose-a-villanueva-2015,Honorable José A. Villanueva,2015,portrait-or-person-specific,0.84,https://www.clevelandpeople.com/images/hof/hof-2015/event/jose-villanueva-6.jpg,https://clevelandinternationalhalloffame.com/honorable-jose-a-villanueva-2015/,500,367,Judge José Villanueva giving his acceptance remarks,true
honorable-jose-a-villanueva-2015,Honorable José A. Villanueva,2015,portrait-or-person-specific,0.84,https://www.clevelandpeople.com/images/hof/hof-2015/event/jose-villanueva-11.jpg,https://clevelandinternationalhalloffame.com/honorable-jose-a-villanueva-2015/,500,459,Judge José Villanueva giving his acceptance remarks,true
honorable-jose-a-villanueva-2015,Honorable José A. Villanueva,2015,portrait-or-person-specific,0.84,https://www.clevelandpeople.com/images/hof/hof-2015/event/jose-villanueva-13.jpg,https://clevelandinternationalhalloffame.com/honorable-jose-a-villanueva-2015/,500,353,Judge José Villanueva giving his acceptance remarks,true
honorable-jose-a-villanueva-2015,Honorable José A. Villanueva,2015,portrait-or-person-specific,0.84,https://www.clevelandpeople.com/images/hof/hof-2015/event/jose-villanueva-12.jpg,https://clevelandinternationalhalloffame.com/honorable-jose-a-villanueva-2015/,500,339,Judge José Villanueva giving his acceptance remarks,true
honorable-jose-a-villanueva-2015,Honorable José A. Villanueva,2015,portrait-or-person-specific,0.84,https://www.clevelandpeople.com/images/hof/hof-2015/event/jose-villanueva-14.jpg,https://clevelandinternationalhalloffame.com/honorable-jose-a-villanueva-2015/,500,299,Judge José Villanueva giving his acceptance remarks,true
honorable-jose-a-villanueva-2015,Honorable José A. Villanueva,2015,portrait-or-person-specific,0.84,https://www.clevelandpeople.com/images/hof/hof-2015/event/jose-villanueva-7.jpg,https://clevelandinternationalhalloffame.com/honorable-jose-a-villanueva-2015/,500,324,Judge José Villanueva giving his acceptance remarks,true
honorable-jose-a-villanueva-2015,Honorable José A. Villanueva,2015,portrait-or-person-specific,0.84,https://www.clevelandpeople.com/images/hof/hof-2015/event/jose-villanueva-5.jpg,https://clevelandinternationalhalloffame.com/honorable-jose-a-villanueva-2015/,500,354,Judge José Villanueva gfriends and family,true
ingrida-bublys-2019,Ingrida Bublys,2019,portrait-or-person-specific,0.84,https://clevelandinternationalhalloffame.com/wp-content/uploads/2019/03/ingrida-bublys-1031.jpg,https://clevelandinternationalhalloffame.com/ingrida-bublys/,600,722,Ingrida Bublys,true
ingrida-bublys-2019,Ingrida Bublys,2019,portrait-or-person-specific,0.84,https://clevelandinternationalhalloffame.com/wp-content/uploads/2019/05/ingrida-bublys-alex-machaskee-2-300x263.jpg,https://clevelandinternationalhalloffame.com/ingrida-bublys/,500,439,Alex Machaskee inducts Ingrida Bublys into the Cleveland International Hall of Fame,true
ingrida-bublys-2019,Ingrida Bublys,2019,portrait-or-person-specific,0.84,https://clevelandinternationalhalloffame.com/wp-content/uploads/2019/05/ingrida-bublys-alex-machaskee-300x254.jpg,https://clevelandinternationalhalloffame.com/ingrida-bublys/,500,424,Alex Machaskee and Ingrida Bublys,true
ingrida-bublys-2019,Ingrida Bublys,2019,portrait-or-person-specific,0.84,https://clevelandinternationalhalloffame.com/wp-content/uploads/2019/05/ingrida-bublys-1-300x278.jpg,https://clevelandinternationalhalloffame.com/ingrida-bublys/,500,463,Ingrida Bublys gives her induction speech at the Cleveland International Hall of Fame,true
ingrida-bublys-2019,Ingrida Bublys,2019,portrait-or-person-specific,0.84,https://clevelandinternationalhalloffame.com/wp-content/uploads/2019/05/ingrida-bublys-3-300x263.jpg,https://clevelandinternationalhalloffame.com/ingrida-bublys/,500,438,Ingrida Bublys gives her induction speech at the Cleveland International Hall of Fame,true
ingrida-bublys-2019,Ingrida Bublys,2019,portrait-or-person-specific,0.84,https://clevelandinternationalhalloffame.com/wp-content/uploads/2019/05/ingrida-escalator-300x248.jpg,https://clevelandinternationalhalloffame.com/ingrida-bublys/,500,414,Ingrida Bublys arriving at the Cleveland International Hall of Fame,true
ingrida-bublys-2019,Ingrida Bublys,2019,portrait-or-person-specific,0.84,https://clevelandinternationalhalloffame.com/wp-content/uploads/2019/05/ingrida-romas-300x251.jpg,https://clevelandinternationalhalloffame.com/ingrida-bublys/,500,418,Ingrida Bublys with husband Romas and colleague,true
ingrida-bublys-2019,Ingrida Bublys,2019,portrait-or-person-specific,0.84,https://clevelandinternationalhalloffame.com/wp-content/uploads/2019/05/crowd-anjan-7-300x200.jpg,https://clevelandinternationalhalloffame.com/ingrida-bublys/,500,333,Ingrida Bublys' daughters and friend,true
ingrida-bublys-2019,Ingrida Bublys,2019,portrait-or-person-specific,0.84,https://clevelandinternationalhalloffame.com/wp-content/uploads/2019/05/crowd-anjan-15-300x193.jpg,https://clevelandinternationalhalloffame.com/ingrida-bublys/,500,322,"Dr. Vik Stankus, Toomas Tubalkain and Algis Gudenas toast Ingrida Bublys",true
ingrida-bublys-2019,Ingrida Bublys,2019,portrait-or-person-specific,0.84,https://clevelandinternationalhalloffame.com/wp-content/uploads/2019/05/ingrida-bublys-3.jpg,https://clevelandinternationalhalloffame.com/ingrida-bublys/,500,438,,true
ingrida-bublys-2019,Ingrida Bublys,2019,portrait-or-person-specific,0.84,https://clevelandinternationalhalloffame.com/wp-content/uploads/2019/05/ingrida-bublys-1.jpg,https://clevelandinternationalhalloffame.com/ingrida-bublys/,500,463,,true
ingrida-bublys-2019,Ingrida Bublys,2019,portrait-or-person-specific,0.84,https://clevelandinternationalhalloffame.com/wp-content/uploads/2019/05/ingrida-bublys-alex-machaskee.jpg,https://clevelandinternationalhalloffame.com/ingrida-bublys/,500,424,,true
ingrida-bublys-2019,Ingrida Bublys,2019,portrait-or-person-specific,0.84,https://clevelandinternationalhalloffame.com/wp-content/uploads/2019/05/ingrida-bublys-alex-machaskee-2.jpg,https://clevelandinternationalhalloffame.com/ingrida-bublys/,500,439,,true
jack-kahl-2016,Jack Kahl,2016,portrait-or-person-specific,0.84,https://www.clevelandpeople.com/images/hof/hof-2016/event/jack-kahl-dan-coughlin-4.jpg,https://clevelandinternationalhalloffame.com/jack-kahl-2016/,500,347,Dan Coughlin inducts Jack Kahl,true
jack-kahl-2016,Jack Kahl,2016,portrait-or-person-specific,0.84,https://www.clevelandpeople.com/images/hof/hof-2016/event/jack-kahl-dan-coughlin-5.jpg,https://clevelandinternationalhalloffame.com/jack-kahl-2016/,500,394,Dan Coughlin being introduced,true
jack-kahl-2016,Jack Kahl,2016,portrait-or-person-specific,0.84,https://www.clevelandpeople.com/images/hof/hof-2016/event/jack-kahl-dan-coughlin-1.jpg,https://clevelandinternationalhalloffame.com/jack-kahl-2016/,500,481,Dan Coughlin inducting Jack Kahl,true
jack-kahl-2016,Jack Kahl,2016,portrait-or-person-specific,0.84,https://www.clevelandpeople.com/images/hof/hof-2016/event/jack-kahl-dan-coughlin-3.jpg,https://clevelandinternationalhalloffame.com/jack-kahl-2016/,500,490,Dan Coughlin inducting Jack Kahl,true
jack-kahl-2016,Jack Kahl,2016,portrait-or-person-specific,0.84,https://www.clevelandpeople.com/images/hof/hof-2016/event/jack-kahl-dan-coughlin-2.jpg,https://clevelandinternationalhalloffame.com/jack-kahl-2016/,500,415,Dan Coughlin inducting Jack Kahl,true
jack-kahl-2016,Jack Kahl,2016,portrait-or-person-specific,0.84,https://www.clevelandpeople.com/images/hof/hof-2016/event/jack-kahl-dan-coughlin6.jpg,https://clevelandinternationalhalloffame.com/jack-kahl-2016/,500,512,Dan Coughlin and Jack Kahl,true
jack-kahl-2016,Jack Kahl,2016,portrait-or-person-specific,0.84,https://www.clevelandpeople.com/images/hof/hof-2016/event/jack-kahl-1.jpg,https://clevelandinternationalhalloffame.com/jack-kahl-2016/,500,393,Jack Kahl giving his acceptance remarks after induction into the 2016 class of the Cleveland International Hall of Fame,true
jack-kahl-2016,Jack Kahl,2016,portrait-or-person-specific,0.84,https://www.clevelandpeople.com/images/hof/hof-2016/event/jack-kahl-2.jpg,https://clevelandinternationalhalloffame.com/jack-kahl-2016/,500,464,Jack Kahl giving his acceptance remarks after induction into the 2016 class of the Cleveland International Hall of Fame,true
jack-kahl-2016,Jack Kahl,2016,portrait-or-person-specific,0.84,https://www.clevelandpeople.com/images/hof/hof-2016/event/jack-kahl-3.jpg,https://clevelandinternationalhalloffame.com/jack-kahl-2016/,500,402,Jack Kahl giving his acceptance remarks after induction into the 2016 class of the Cleveland International Hall of Fame,true
jack-kahl-2016,Jack Kahl,2016,portrait-or-person-specific,0.84,https://www.clevelandpeople.com/images/hof/hof-2016/event/jack-kahl-4.jpg,https://clevelandinternationalhalloffame.com/jack-kahl-2016/,500,360,Jack Kahl giving his acceptance remarks after induction into the 2016 class of the Cleveland International Hall of Fame,true
jack-kahl-2016,Jack Kahl,2016,portrait-or-person-specific,0.84,https://www.clevelandpeople.com/images/hof/hof-2016/event/jack-kahl-5.jpg,https://clevelandinternationalhalloffame.com/jack-kahl-2016/,500,409,Jack Kahl giving his acceptance remarks after induction into the 2016 class of the Cleveland International Hall of Fame,true
jack-kahl-2016,Jack Kahl,2016,portrait-or-person-specific,0.84,https://www.clevelandpeople.com/images/hof/hof-2016/event/jack-kahl-dan-coughlin.jpg,https://clevelandinternationalhalloffame.com/jack-kahl-2016/,500,350,Jack Kahl and Dan Coughlin,true
jack-kahl-2016,Jack Kahl,2016,portrait-or-person-specific,0.84,https://www.clevelandpeople.com/images/hof/hof-2016/event/father-mikhail-jack-kahl.jpg,https://clevelandinternationalhalloffame.com/jack-kahl-2016/,500,326,Inductees Father Mikhail and Jack Kahl,true
jack-kahl-2016,Jack Kahl,2016,portrait-or-person-specific,0.84,https://www.clevelandpeople.com/images/hof/hof-2016/event/jack-kahl-vietnamese.jpg,https://clevelandinternationalhalloffame.com/jack-kahl-2016/,500,397,Jack Kahl with the Vietnamese community,true
jack-kahl-2016,Jack Kahl,2016,portrait-or-person-specific,0.84,https://clevelandinternationalhalloffame.com/wp-content/uploads/2016/10/jack-kahl-induction-3.jpg,https://clevelandinternationalhalloffame.com/jack-kahl-2016/,500,398,Jack Kahl inducted in Cleveland International Hall of Fame,true
jack-kahl-2016,Jack Kahl,2016,portrait-or-person-specific,0.84,https://clevelandinternationalhalloffame.com/wp-content/uploads/2016/10/jack-kahl-induction-2.jpg,https://clevelandinternationalhalloffame.com/jack-kahl-2016/,500,488,,true
jack-kahl-2016,Jack Kahl,2016,portrait-or-person-specific,0.84,https://clevelandinternationalhalloffame.com/wp-content/uploads/2016/10/jack-kahl-induction.jpg,https://clevelandinternationalhalloffame.com/jack-kahl-2016/,500,362,Jack Kahl inducted in Cleveland International Hall of Fame,true
jack-kahl-2016,Jack Kahl,2016,portrait-or-person-specific,0.84,https://clevelandinternationalhalloffame.com/wp-content/uploads/2016/10/jack-kahl-dan-coughlin-2.jpg,https://clevelandinternationalhalloffame.com/jack-kahl-2016/,500,409,,true
jack-kahl-2016,Jack Kahl,2016,portrait-or-person-specific,0.84,https://clevelandinternationalhalloffame.com/wp-content/uploads/2016/10/jack-kahl-dan-coughlin.jpg,https://clevelandinternationalhalloffame.com/jack-kahl-2016/,500,384,Dan Coughlin and Jack Kahl at induction in Cleveland International Hall of Fame,true
jack-kahl-2016,Jack Kahl,2016,portrait-or-person-specific,0.84,http://www.clevelandpeople.com/images/hof/hof-2016/jack-kahl-500.jpg,https://clevelandinternationalhalloffame.com/induction-event-info/jack-kahl/,500,691,Jack Kahl,true
jim-craciun-2017,Jim Craciun,2017,portrait-or-person-specific,0.84,https://clevelandinternationalhalloffame.com/wp-content/uploads/2017/03/jim-craciun-500-209x300.jpg,https://clevelandinternationalhalloffame.com/inductees-europe/jim-craciun/,500,719,Jim Craciun,true
jim-craciun-2017,Jim Craciun,2017,portrait-or-person-specific,0.84,https://www.clevelandpeople.com/images/hof/hof-2017/ih-jim-craciun-matt-zone.jpg,https://clevelandinternationalhalloffame.com/inductees-europe/jim-craciun/,500,494,Jim Craciun and Matt Zone,true
jim-craciun-2017,Jim Craciun,2017,portrait-or-person-specific,0.84,https://www.clevelandpeople.com/images/hof/hof-2017/ie-jim-craciun-matt-zone.jpg,https://clevelandinternationalhalloffame.com/inductees-europe/jim-craciun/,500,487,Jim Craciun and Matt Zone,true
jim-craciun-2017,Jim Craciun,2017,portrait-or-person-specific,0.84,https://www.clevelandpeople.com/images/hof/hof-2017/ie-matt-zone.jpg,https://clevelandinternationalhalloffame.com/inductees-europe/jim-craciun/,500,496,Matt Zone inducting Jim Craciun,true
jim-craciun-2017,Jim Craciun,2017,portrait-or-person-specific,0.84,https://www.clevelandpeople.com/images/hof/hof-2017/ia-jim-craciun-1.jpg,https://clevelandinternationalhalloffame.com/inductees-europe/jim-craciun/,500,536,Jim Craciun's induction into the Cleveland International Hall of Fame,true
jim-craciun-2017,Jim Craciun,2017,portrait-or-person-specific,0.84,https://www.clevelandpeople.com/images/hof/hof-2017/ie-jim-craciun.jpg,https://clevelandinternationalhalloffame.com/inductees-europe/jim-craciun/,500,413,Jim Craciun giving his acceptance remarks,true
jim-craciun-2017,Jim Craciun,2017,portrait-or-person-specific,0.84,https://www.clevelandpeople.com/images/hof/hof-2017/ie-jim-craciun-2.jpg,https://clevelandinternationalhalloffame.com/inductees-europe/jim-craciun/,500,481,Jim Craciun giving his acceptance remarks,true
jim-craciun-2017,Jim Craciun,2017,portrait-or-person-specific,0.84,https://www.clevelandpeople.com/images/hof/hof-2017/ih-jim-craciun-2.jpg,https://clevelandinternationalhalloffame.com/inductees-europe/jim-craciun/,500,505,Jim Craciun giving his acceptance remarks,true
jim-craciun-2017,Jim Craciun,2017,portrait-or-person-specific,0.84,https://www.clevelandpeople.com/images/hof/hof-2017/ia-mona-craciun.jpg,https://clevelandinternationalhalloffame.com/inductees-europe/jim-craciun/,500,366,Mona Alag and Jim Craciun,true
jim-craciun-2017,Jim Craciun,2017,portrait-or-person-specific,0.84,https://www.clevelandpeople.com/images/hof/hof-2017/a-mona-craciun-basil.jpg,https://clevelandinternationalhalloffame.com/inductees-europe/jim-craciun/,500,299,"Mona Alag, Jim Craciun and Basil Russo",true
jim-craciun-2017,Jim Craciun,2017,portrait-or-person-specific,0.84,https://www.clevelandpeople.com/images/hof/hof-2017/pe-craciun-group.jpg,https://clevelandinternationalhalloffame.com/inductees-europe/jim-craciun/,500,341,Jim Craciun with friends and family,true
jim-craciun-2017,Jim Craciun,2017,portrait-or-person-specific,0.84,https://www.clevelandpeople.com/images/hof/hof-2017/ph-2.jpg,https://clevelandinternationalhalloffame.com/inductees-europe/jim-craciun/,500,384,Jim Craciun friends and family,true
jim-craciun-2017,Jim Craciun,2017,portrait-or-person-specific,0.84,https://www.clevelandpeople.com/images/hof/hof-2017/pe-patton-pogue.jpg,https://clevelandinternationalhalloffame.com/inductees-europe/jim-craciun/,500,336,"Tom Patton, Dick Pogue, Jim Craciun, Rocky and Kelli Perk",true
jim-craciun-2017,Jim Craciun,2017,portrait-or-person-specific,0.84,https://www.clevelandpeople.com/images/hof/hof-2017/pa-3.jpg,https://clevelandinternationalhalloffame.com/inductees-europe/jim-craciun/,500,393,Jim Craciun friends and family,true
jim-craciun-2017,Jim Craciun,2017,portrait-or-person-specific,0.84,https://www.clevelandpeople.com/images/hof/hof-2017/pa-gherman.jpg,https://clevelandinternationalhalloffame.com/inductees-europe/jim-craciun/,500,374,Jim Craciun friends and family,true
jim-craciun-2017,Jim Craciun,2017,portrait-or-person-specific,0.84,https://www.clevelandpeople.com/images/hof/hof-2017/ph-clergy.jpg,https://clevelandinternationalhalloffame.com/inductees-europe/jim-craciun/,500,354,Jim Craciun group Remus Grama,true
jim-craciun-2017,Jim Craciun,2017,portrait-or-person-specific,0.84,https://www.clevelandpeople.com/images/hof/hof-2017/ph-craciun-group.jpg,https://clevelandinternationalhalloffame.com/inductees-europe/jim-craciun/,500,333,Jim Craciun friends,true
jim-craciun-2017,Jim Craciun,2017,portrait-or-person-specific,0.84,https://clevelandinternationalhalloffame.com/wp-content/uploads/2017/03/pe-craciun-group.jpg,https://clevelandinternationalhalloffame.com/inductees-europe/jim-craciun/,500,341,Jim Craciun with friends and family,true
jim-craciun-2017,Jim Craciun,2017,portrait-or-person-specific,0.84,https://clevelandinternationalhalloffame.com/wp-content/uploads/2017/03/ih-jim-craciun-2.jpg,https://clevelandinternationalhalloffame.com/inductees-europe/jim-craciun/,500,505,Jim Craciun,true
jim-craciun-2017,Jim Craciun,2017,portrait-or-person-specific,0.84,https://clevelandinternationalhalloffame.com/wp-content/uploads/2017/03/ie-jim-craciun-matt-zone.jpg,https://clevelandinternationalhalloffame.com/inductees-europe/jim-craciun/,500,487,Jim Craciun and Councilman Matt Zone,true
jim-craciun-2017,Jim Craciun,2017,portrait-or-person-specific,0.84,https://clevelandinternationalhalloffame.com/wp-content/uploads/2017/03/ie-jim-craciun-2.jpg,https://clevelandinternationalhalloffame.com/inductees-europe/jim-craciun/,500,481,,true
jim-craciun-2017,Jim Craciun,2017,portrait-or-person-specific,0.84,https://clevelandinternationalhalloffame.com/wp-content/uploads/2017/03/ie-jim-craciun.jpg,https://clevelandinternationalhalloffame.com/inductees-europe/jim-craciun/,500,413,Jim Craciun,true
jim-craciun-2017,Jim Craciun,2017,portrait-or-person-specific,0.84,https://clevelandinternationalhalloffame.com/wp-content/uploads/2017/03/ia-jim-craciun-1.jpg,https://clevelandinternationalhalloffame.com/inductees-europe/jim-craciun/,500,536,,true
johnny-k-wu-2024,Johnny K. Wu,2024,portrait-or-person-specific,0.84,https://clevelandinternationalhalloffame.com/wp-content/uploads/2024/01/johnny-wu-500-241x300.jpg,https://clevelandinternationalhalloffame.com/inductees/johnny-k-wu/,500,622,,true
johnny-k-wu-2024,Johnny K. Wu,2024,portrait-or-person-specific,0.84,https://clevelandinternationalhalloffame.com/wp-content/uploads/2024/01/johnny-wu-mustard1-294x300.jpg,https://clevelandinternationalhalloffame.com/inductees/johnny-k-wu/,500,510,,true
johnny-k-wu-2024,Johnny K. Wu,2024,portrait-or-person-specific,0.84,https://clevelandinternationalhalloffame.com/wp-content/uploads/2024/01/kenny-crumpton-johnny-wu1-274x300.jpg,https://clevelandinternationalhalloffame.com/inductees/johnny-k-wu/,500,548,,true
johnny-k-wu-2024,Johnny K. Wu,2024,portrait-or-person-specific,0.84,https://clevelandinternationalhalloffame.com/wp-content/uploads/2024/01/johnny-wu1-300x287.jpg,https://clevelandinternationalhalloffame.com/inductees/johnny-k-wu/,500,478,,true
johnny-k-wu-2024,Johnny K. Wu,2024,portrait-or-person-specific,0.84,https://clevelandinternationalhalloffame.com/wp-content/uploads/2024/01/kenny-crumpton-johnny-wu1.jpg,https://clevelandinternationalhalloffame.com/inductees/johnny-k-wu/,500,548,,true
johnny-k-wu-2024,Johnny K. Wu,2024,portrait-or-person-specific,0.84,https://clevelandinternationalhalloffame.com/wp-content/uploads/2024/01/johnny-wu1.jpg,https://clevelandinternationalhalloffame.com/inductees/johnny-k-wu/,500,478,,true
johnny-k-wu-2024,Johnny K. Wu,2024,portrait-or-person-specific,0.84,https://clevelandinternationalhalloffame.com/wp-content/uploads/2024/01/johnny-wu-mustard1.jpg,https://clevelandinternationalhalloffame.com/inductees/johnny-k-wu/,500,510,,true
johnny-k-wu-2024,Johnny K. Wu,2024,portrait-or-person-specific,0.84,https://clevelandinternationalhalloffame.com/wp-content/uploads/2024/01/johnny-wu-500.jpg,https://clevelandinternationalhalloffame.com/inductees/johnny-k-wu/,500,622,Johnny K. Wu,true
joyce-mariani-2023,Joyce Mariani,2023,portrait-or-person-specific,0.84,https://clevelandinternationalhalloffame.com/wp-content/uploads/2023/04/s-joyce-mariani-3-300x286.jpg,https://clevelandinternationalhalloffame.com/joyce-mariani/,500,476,,true
joyce-mariani-2023,Joyce Mariani,2023,portrait-or-person-specific,0.84,https://clevelandinternationalhalloffame.com/wp-content/uploads/2023/04/s-joyce-mariani-1-300x234.jpg,https://clevelandinternationalhalloffame.com/joyce-mariani/,500,390,,true
joyce-mariani-2023,Joyce Mariani,2023,portrait-or-person-specific,0.84,https://clevelandinternationalhalloffame.com/wp-content/uploads/2023/04/s-joyce-mariani-1.jpg,https://clevelandinternationalhalloffame.com/joyce-mariani/,500,390,,true
joyce-mariani-2023,Joyce Mariani,2023,portrait-or-person-specific,0.84,https://clevelandinternationalhalloffame.com/wp-content/uploads/2023/04/s-joyce-mariani-3.jpg,https://clevelandinternationalhalloffame.com/joyce-mariani/,500,476,,true
khalid-samad-2016-2016,Khalid Samad – 2016,2016,portrait-or-person-specific,0.84,https://clevelandinternationalhalloffame.com/wp-content/uploads/2016/10/khalid-samad-500-300x300.jpg,https://clevelandinternationalhalloffame.com/khalid-samad-2016/,500,500,Khalid Samad,true
khalid-samad-2016-2016,Khalid Samad – 2016,2016,portrait-or-person-specific,0.84,https://www.clevelandpeople.com/images/hof/hof-2016/event/khalid-blaine-griffin-5.jpg,https://clevelandinternationalhalloffame.com/khalid-samad-2016/,500,361,Khalid Samad and Blaine Griffin,true
khalid-samad-2016-2016,Khalid Samad – 2016,2016,portrait-or-person-specific,0.84,https://www.clevelandpeople.com/images/hof/hof-2016/event/khalid-blaine-griffin-1.jpg,https://clevelandinternationalhalloffame.com/khalid-samad-2016/,500,374,Blaine Griffin inducting Khalid Samad into the Cleveland International Hall of Fame,true
khalid-samad-2016-2016,Khalid Samad – 2016,2016,portrait-or-person-specific,0.84,https://www.clevelandpeople.com/images/hof/hof-2016/event/khalid-blaine-griffin-4.jpg,https://clevelandinternationalhalloffame.com/khalid-samad-2016/,500,381,Blaine Griffin inducting Khalid Samad into the Cleveland International Hall of Fame,true
khalid-samad-2016-2016,Khalid Samad – 2016,2016,portrait-or-person-specific,0.84,https://www.clevelandpeople.com/images/hof/hof-2016/event/khalid-samad-blaine-griffin-2.jpg,https://clevelandinternationalhalloffame.com/khalid-samad-2016/,500,493,Blaine Griffin inducting Khalid Samad into the Cleveland International Hall of Fame,true
khalid-samad-2016-2016,Khalid Samad – 2016,2016,portrait-or-person-specific,0.84,https://www.clevelandpeople.com/images/hof/hof-2016/event/khalid-samad-blaine-griffin-3.jpg,https://clevelandinternationalhalloffame.com/khalid-samad-2016/,500,395,Blaine Griffin inducting Khalid Samad into the Cleveland International Hall of Fame,true
khalid-samad-2016-2016,Khalid Samad – 2016,2016,portrait-or-person-specific,0.84,https://www.clevelandpeople.com/images/hof/hof-2016/event/khalid-samad-blaine-griffin-4.jpg,https://clevelandinternationalhalloffame.com/khalid-samad-2016/,500,405,Blaine Griffin inducting Khalid Samad into the Cleveland International Hall of Fame,true
khalid-samad-2016-2016,Khalid Samad – 2016,2016,portrait-or-person-specific,0.84,https://www.clevelandpeople.com/images/hof/hof-2016/event/khalid-samad-2.jpg,https://clevelandinternationalhalloffame.com/khalid-samad-2016/,500,411,Khalid Samad giving his acceptance remarks,true
khalid-samad-2016-2016,Khalid Samad – 2016,2016,portrait-or-person-specific,0.84,https://www.clevelandpeople.com/images/hof/hof-2016/event/khalid-samad-3.jpg,https://clevelandinternationalhalloffame.com/khalid-samad-2016/,500,344,Khalid Samad giving his acceptance remarks,true
khalid-samad-2016-2016,Khalid Samad – 2016,2016,portrait-or-person-specific,0.84,https://www.clevelandpeople.com/images/hof/hof-2016/event/khalid-samad-4.jpg,https://clevelandinternationalhalloffame.com/khalid-samad-2016/,500,514,Khalid Samad giving his acceptance remarks,true
khalid-samad-2016-2016,Khalid Samad – 2016,2016,portrait-or-person-specific,0.84,https://www.clevelandpeople.com/images/hof/hof-2016/event/khalid-samad-1.jpg,https://clevelandinternationalhalloffame.com/khalid-samad-2016/,500,411,Khalid Samad giving his acceptance remarks,true
khalid-samad-2016-2016,Khalid Samad – 2016,2016,portrait-or-person-specific,0.84,https://www.clevelandpeople.com/images/hof/hof-2016/event/khalid-samad-raj.jpg,https://clevelandinternationalhalloffame.com/khalid-samad-2016/,500,306,Khalid Samad and his wife Raj,true
khalid-samad-2016-2016,Khalid Samad – 2016,2016,portrait-or-person-specific,0.84,https://www.clevelandpeople.com/images/hof/hof-2016/event/khalid-coughlin-carolyn.jpg,https://clevelandinternationalhalloffame.com/khalid-samad-2016/,500,360,Carolyn Balogh shares a laugh with Khalid Samad and Dan Coughlin,true
khalid-samad-2016-2016,Khalid Samad – 2016,2016,portrait-or-person-specific,0.84,https://www.clevelandpeople.com/images/hof/hof-2016/event/khalid-blaine-group.jpg,https://clevelandinternationalhalloffame.com/khalid-samad-2016/,500,663,Khalid Samad and friends,true
khalid-samad-2016-2016,Khalid Samad – 2016,2016,portrait-or-person-specific,0.84,https://www.clevelandpeople.com/images/hof/hof-2016/event/khalid-samad-anthony-yen.jpg,https://clevelandinternationalhalloffame.com/khalid-samad-2016/,500,451,Anthony Yen and Khalid Samad,true
khalid-samad-2016-2016,Khalid Samad – 2016,2016,portrait-or-person-specific,0.84,https://clevelandinternationalhalloffame.com/wp-content/uploads/2016/10/khalid-samad.jpg,https://clevelandinternationalhalloffame.com/khalid-samad-2016/,500,359,Khalid Samad at Cleveland International Hall of Fame,true
khalid-samad-2016-2016,Khalid Samad – 2016,2016,portrait-or-person-specific,0.84,https://clevelandinternationalhalloffame.com/wp-content/uploads/2016/10/khalid-damad-blaine-griffin.jpg,https://clevelandinternationalhalloffame.com/khalid-samad-2016/,500,381,Khalid Samad and Blaine Griffin at Cleveland International Hall of Fame,true
khalid-samad-2016-2016,Khalid Samad – 2016,2016,portrait-or-person-specific,0.84,https://clevelandinternationalhalloffame.com/wp-content/uploads/2016/10/khalid-samad-500.jpg,https://clevelandinternationalhalloffame.com/khalid-samad-2016/,500,500,Khalid Samad,true
khalid-samad-2016-2016,Khalid Samad – 2016,2016,portrait-or-person-specific,0.84,http://www.clevelandpeople.com/images/hof/hof-2016/khalid-samad-500.jpg,https://clevelandinternationalhalloffame.com/induction-event-info/khalid-samad/,500,500,Khalid Samad,true
le-nguyen-2026,Le Nguyen,2026,portrait-or-person-specific,0.84,https://clevelandinternationalhalloffame.com/wp-content/uploads/2026/03/le-nguyen-500-225x300.jpg,https://clevelandinternationalhalloffame.com/le-nguyen-class-of-2026-vietnames-heritage-cleveland-international-hall-of-fame/,500,667,,true
le-nguyen-2026,Le Nguyen,2026,portrait-or-person-specific,0.84,https://clevelandinternationalhalloffame.com/wp-content/uploads/2026/03/le-nguyen-500.jpg,https://clevelandinternationalhalloffame.com/le-nguyen-class-of-2026-vietnames-heritage-cleveland-international-hall-of-fame/,500,667,Le Nguyen - Class of 2026,true
lucy-torres-2026,Lucy Torres,2026,portrait-or-person-specific,0.84,https://clevelandinternationalhalloffame.com/wp-content/uploads/2026/03/lucy-torres-500-258x300.jpg,https://clevelandinternationalhalloffame.com/lucy-torres/,500,582,,true
lucy-torres-2026,Lucy Torres,2026,portrait-or-person-specific,0.84,https://clevelandinternationalhalloffame.com/wp-content/uploads/2026/03/lucy-torres-500.jpg,https://clevelandinternationalhalloffame.com/lucy-torres/,500,582,,true
margaret-lynch-2020,Margaret Lynch,2020,portrait-or-person-specific,0.84,https://clevelandinternationalhalloffame.com/wp-content/uploads/2022/05/Lynch-Margaret-headshot-color.jpg,https://clevelandinternationalhalloffame.com/margaret-lynch/,610,747,Margaret Lynch,true
marilyn-madigan-2019,Marilyn Madigan,2019,portrait-or-person-specific,0.84,https://clevelandinternationalhalloffame.com/wp-content/uploads/2019/05/marilyn-madigan-john-obrien-2-300x272.jpg,https://clevelandinternationalhalloffame.com/marilyn-madigan/,500,453,"John O’Brien Jr., publisher of Ohio Irish American News inducts Marilyn Madigan, Ladies Ancient Order of Hibernians national secretary, into the Cleveland International Hall of Fame.",true
marilyn-madigan-2019,Marilyn Madigan,2019,portrait-or-person-specific,0.84,https://clevelandinternationalhalloffame.com/wp-content/uploads/2019/05/marilyn-madigan-john-obrien-300x241.jpg,https://clevelandinternationalhalloffame.com/marilyn-madigan/,500,402,"John O’Brien Jr., and Marilyn Madigan",true
marilyn-madigan-2019,Marilyn Madigan,2019,portrait-or-person-specific,0.84,https://clevelandinternationalhalloffame.com/wp-content/uploads/2019/05/marilyn-madigan-3-300x288.jpg,https://clevelandinternationalhalloffame.com/marilyn-madigan/,500,480,Marilyn Madigan induction speech at the Cleveland International Hall of Fame,true
marilyn-madigan-2019,Marilyn Madigan,2019,portrait-or-person-specific,0.84,https://clevelandinternationalhalloffame.com/wp-content/uploads/2019/05/marilyn-madigan-1-300x268.jpg,https://clevelandinternationalhalloffame.com/marilyn-madigan/,500,446,Marilyn Madigan induction speech at the Cleveland International Hall of Fame,true
marilyn-madigan-2019,Marilyn Madigan,2019,portrait-or-person-specific,0.84,https://clevelandinternationalhalloffame.com/wp-content/uploads/2019/05/marilyn-madigan-5-300x267.jpg,https://clevelandinternationalhalloffame.com/marilyn-madigan/,500,445,Marilyn Madigan induction speech at the Cleveland International Hall of Fame,true
marilyn-madigan-2019,Marilyn Madigan,2019,portrait-or-person-specific,0.84,https://clevelandinternationalhalloffame.com/wp-content/uploads/2019/05/crowd-anjan-1-300x172.jpg,https://clevelandinternationalhalloffame.com/marilyn-madigan/,500,287,Marilyn Madigan and Irish friends at the Cleveland International Hall of Fame,true
marilyn-madigan-2019,Marilyn Madigan,2019,portrait-or-person-specific,0.84,https://clevelandinternationalhalloffame.com/wp-content/uploads/2019/05/marilyn-madigan-5.jpg,https://clevelandinternationalhalloffame.com/marilyn-madigan/,500,445,,true
marilyn-madigan-2019,Marilyn Madigan,2019,portrait-or-person-specific,0.84,https://clevelandinternationalhalloffame.com/wp-content/uploads/2019/05/marilyn-madigan-1.jpg,https://clevelandinternationalhalloffame.com/marilyn-madigan/,500,446,,true
marilyn-madigan-2019,Marilyn Madigan,2019,portrait-or-person-specific,0.84,https://clevelandinternationalhalloffame.com/wp-content/uploads/2019/05/marilyn-madigan-3.jpg,https://clevelandinternationalhalloffame.com/marilyn-madigan/,500,480,,true
marilyn-madigan-2019,Marilyn Madigan,2019,portrait-or-person-specific,0.84,https://clevelandinternationalhalloffame.com/wp-content/uploads/2019/05/marilyn-madigan-john-obrien.jpg,https://clevelandinternationalhalloffame.com/marilyn-madigan/,500,402,,true
marilyn-madigan-2019,Marilyn Madigan,2019,portrait-or-person-specific,0.84,https://clevelandinternationalhalloffame.com/wp-content/uploads/2019/05/marilyn-madigan-john-obrien-2.jpg,https://clevelandinternationalhalloffame.com/marilyn-madigan/,500,453,,true
may-chen-2020,May Chen,2020,portrait-or-person-specific,0.84,https://clevelandinternationalhalloffame.com/wp-content/uploads/2022/05/May-Chen.jpg,https://clevelandinternationalhalloffame.com/may-chen/,624,794,May Chen,true
may-chen-2020,May Chen,2020,portrait-or-person-specific,0.84,https://clevelandinternationalhalloffame.com/wp-content/uploads/2022/05/may-chen-cihf-11-600x400.jpg,https://clevelandinternationalhalloffame.com/may-chen/,769,513,Margaret Wong hands May Chen her award,true
mayor-frank-jackson-2025,Mayor Frank Jackson,2025,portrait-or-person-specific,0.84,https://clevelandinternationalhalloffame.com/wp-content/uploads/2025/05/frank-jackson1-240x300.jpg,https://clevelandinternationalhalloffame.com/mayor-frank-jackson/,500,625,,true
mayor-frank-jackson-2025,Mayor Frank Jackson,2025,portrait-or-person-specific,0.84,https://clevelandinternationalhalloffame.com/wp-content/uploads/2025/05/mayor-frank-jackson-induct-51-300x266.jpg,https://clevelandinternationalhalloffame.com/mayor-frank-jackson/,500,443,,true
mayor-frank-jackson-2025,Mayor Frank Jackson,2025,portrait-or-person-specific,0.84,https://clevelandinternationalhalloffame.com/wp-content/uploads/2025/05/mayor-frank-jackson-table1-300x229.jpg,https://clevelandinternationalhalloffame.com/mayor-frank-jackson/,500,382,,true
mayor-frank-jackson-2025,Mayor Frank Jackson,2025,portrait-or-person-specific,0.84,https://clevelandinternationalhalloffame.com/wp-content/uploads/2025/05/mayor-frank-jackson-induct-41-300x209.jpg,https://clevelandinternationalhalloffame.com/mayor-frank-jackson/,500,349,,true
mayor-frank-jackson-2025,Mayor Frank Jackson,2025,portrait-or-person-specific,0.84,https://clevelandinternationalhalloffame.com/wp-content/uploads/2025/05/mayor-frank-jackson-induct-71-300x178.jpg,https://clevelandinternationalhalloffame.com/mayor-frank-jackson/,500,296,,true
mayor-frank-jackson-2025,Mayor Frank Jackson,2025,portrait-or-person-specific,0.84,https://clevelandinternationalhalloffame.com/wp-content/uploads/2025/05/mayor-frank-jackson-induct-81-300x182.jpg,https://clevelandinternationalhalloffame.com/mayor-frank-jackson/,500,303,,true
mayor-frank-jackson-2025,Mayor Frank Jackson,2025,portrait-or-person-specific,0.84,https://clevelandinternationalhalloffame.com/wp-content/uploads/2025/05/mayor-frank-jackson-induct-91-300x182.jpg,https://clevelandinternationalhalloffame.com/mayor-frank-jackson/,500,303,,true
mayor-frank-jackson-2025,Mayor Frank Jackson,2025,portrait-or-person-specific,0.84,https://clevelandinternationalhalloffame.com/wp-content/uploads/2025/05/mayor-frank-jackson-induct-1-valarie1-300x279.jpg,https://clevelandinternationalhalloffame.com/mayor-frank-jackson/,500,465,,true
mayor-frank-jackson-2025,Mayor Frank Jackson,2025,portrait-or-person-specific,0.84,https://clevelandinternationalhalloffame.com/wp-content/uploads/2025/05/mayor-frank-jackson-induct-3-valarie1-300x262.jpg,https://clevelandinternationalhalloffame.com/mayor-frank-jackson/,500,437,,true
mayor-frank-jackson-2025,Mayor Frank Jackson,2025,portrait-or-person-specific,0.84,https://clevelandinternationalhalloffame.com/wp-content/uploads/2025/05/mayor-frank-jackson-induct-101-243x300.jpg,https://clevelandinternationalhalloffame.com/mayor-frank-jackson/,500,617,,true
mayor-frank-jackson-2025,Mayor Frank Jackson,2025,portrait-or-person-specific,0.84,https://clevelandinternationalhalloffame.com/wp-content/uploads/2025/05/mayor-frank-jackson-induct-111-273x300.jpg,https://clevelandinternationalhalloffame.com/mayor-frank-jackson/,500,550,,true
mayor-frank-jackson-2025,Mayor Frank Jackson,2025,portrait-or-person-specific,0.84,https://clevelandinternationalhalloffame.com/wp-content/uploads/2025/05/mayor-frank-jackson-induct-121-300x202.jpg,https://clevelandinternationalhalloffame.com/mayor-frank-jackson/,500,337,,true
mayor-frank-jackson-2025,Mayor Frank Jackson,2025,portrait-or-person-specific,0.84,https://clevelandinternationalhalloffame.com/wp-content/uploads/2025/05/mayor-frank-jackson-induct-131-266x300.jpg,https://clevelandinternationalhalloffame.com/mayor-frank-jackson/,500,564,,true
mayor-frank-jackson-2025,Mayor Frank Jackson,2025,portrait-or-person-specific,0.84,https://clevelandinternationalhalloffame.com/wp-content/uploads/2025/05/mayor-frank-jackson-induct-151-300x280.jpg,https://clevelandinternationalhalloffame.com/mayor-frank-jackson/,500,467,,true
mayor-frank-jackson-2025,Mayor Frank Jackson,2025,portrait-or-person-specific,0.84,https://clevelandinternationalhalloffame.com/wp-content/uploads/2025/05/mayor-frank-jackson-induct-161-300x232.jpg,https://clevelandinternationalhalloffame.com/mayor-frank-jackson/,500,387,,true
mayor-frank-jackson-2025,Mayor Frank Jackson,2025,portrait-or-person-specific,0.84,https://clevelandinternationalhalloffame.com/wp-content/uploads/2025/05/mayor-frank-jackson-induct-171-300x257.jpg,https://clevelandinternationalhalloffame.com/mayor-frank-jackson/,500,428,,true
mayor-frank-jackson-2025,Mayor Frank Jackson,2025,portrait-or-person-specific,0.84,https://clevelandinternationalhalloffame.com/wp-content/uploads/2025/05/mayor-frank-jackson-induct-181-300x215.jpg,https://clevelandinternationalhalloffame.com/mayor-frank-jackson/,500,359,,true
mayor-frank-jackson-2025,Mayor Frank Jackson,2025,portrait-or-person-specific,0.84,https://clevelandinternationalhalloffame.com/wp-content/uploads/2025/05/mayor-frank-jackson-21-300x255.jpg,https://clevelandinternationalhalloffame.com/mayor-frank-jackson/,500,425,,true
mayor-frank-jackson-2025,Mayor Frank Jackson,2025,portrait-or-person-specific,0.84,https://clevelandinternationalhalloffame.com/wp-content/uploads/2025/05/mayor-frank-jackson-su-he1-300x289.jpg,https://clevelandinternationalhalloffame.com/mayor-frank-jackson/,500,482,,true
mayor-frank-jackson-2025,Mayor Frank Jackson,2025,portrait-or-person-specific,0.84,https://clevelandinternationalhalloffame.com/wp-content/uploads/2025/05/blaine-griffin-mayor-frank-jackson1-300x224.jpg,https://clevelandinternationalhalloffame.com/mayor-frank-jackson/,500,374,,true
mayor-frank-jackson-2025,Mayor Frank Jackson,2025,portrait-or-person-specific,0.84,https://clevelandinternationalhalloffame.com/wp-content/uploads/2025/05/mayor-frank-jackson-dan-hanson1-150x150.jpg,https://clevelandinternationalhalloffame.com/mayor-frank-jackson/,500,496,,true
mayor-frank-jackson-2025,Mayor Frank Jackson,2025,portrait-or-person-specific,0.84,https://clevelandinternationalhalloffame.com/wp-content/uploads/2025/05/tania-menese-mayor-jackson1-300x259.jpg,https://clevelandinternationalhalloffame.com/mayor-frank-jackson/,500,432,,true
mayor-frank-jackson-2025,Mayor Frank Jackson,2025,portrait-or-person-specific,0.84,https://clevelandinternationalhalloffame.com/wp-content/uploads/2025/05/frank-jackson-dick-pogue1-300x245.jpg,https://clevelandinternationalhalloffame.com/mayor-frank-jackson/,500,408,,true
mayor-frank-jackson-2025,Mayor Frank Jackson,2025,portrait-or-person-specific,0.84,https://clevelandinternationalhalloffame.com/wp-content/uploads/2025/05/frank-jackson-david-gilbert-awards1-300x224.jpg,https://clevelandinternationalhalloffame.com/mayor-frank-jackson/,500,373,,true
mayor-frank-jackson-2025,Mayor Frank Jackson,2025,portrait-or-person-specific,0.84,https://clevelandinternationalhalloffame.com/wp-content/uploads/2025/05/mayor-frank-jackson-award1-216x300.jpg,https://clevelandinternationalhalloffame.com/mayor-frank-jackson/,500,696,,true
mayor-frank-jackson-2025,Mayor Frank Jackson,2025,portrait-or-person-specific,0.84,https://clevelandinternationalhalloffame.com/wp-content/uploads/2025/05/mayor-frank-jackson-award1.jpg,https://clevelandinternationalhalloffame.com/mayor-frank-jackson/,500,696,,true
mayor-frank-jackson-2025,Mayor Frank Jackson,2025,portrait-or-person-specific,0.84,https://clevelandinternationalhalloffame.com/wp-content/uploads/2025/05/frank-jackson-david-gilbert-awards1.jpg,https://clevelandinternationalhalloffame.com/mayor-frank-jackson/,500,373,,true
mayor-frank-jackson-2025,Mayor Frank Jackson,2025,portrait-or-person-specific,0.84,https://clevelandinternationalhalloffame.com/wp-content/uploads/2025/05/frank-jackson-dick-pogue1.jpg,https://clevelandinternationalhalloffame.com/mayor-frank-jackson/,500,408,,true
mayor-frank-jackson-2025,Mayor Frank Jackson,2025,portrait-or-person-specific,0.84,https://clevelandinternationalhalloffame.com/wp-content/uploads/2025/05/tania-menese-mayor-jackson1.jpg,https://clevelandinternationalhalloffame.com/mayor-frank-jackson/,500,432,,true
mayor-frank-jackson-2025,Mayor Frank Jackson,2025,portrait-or-person-specific,0.84,https://clevelandinternationalhalloffame.com/wp-content/uploads/2025/05/mayor-frank-jackson-dan-hanson1.jpg,https://clevelandinternationalhalloffame.com/mayor-frank-jackson/,500,496,,true
mayor-frank-jackson-2025,Mayor Frank Jackson,2025,portrait-or-person-specific,0.84,https://clevelandinternationalhalloffame.com/wp-content/uploads/2025/05/blaine-griffin-mayor-frank-jackson1.jpg,https://clevelandinternationalhalloffame.com/mayor-frank-jackson/,500,374,,true
mayor-frank-jackson-2025,Mayor Frank Jackson,2025,portrait-or-person-specific,0.84,https://clevelandinternationalhalloffame.com/wp-content/uploads/2025/05/mayor-frank-jackson-su-he1.jpg,https://clevelandinternationalhalloffame.com/mayor-frank-jackson/,500,482,,true
mayor-frank-jackson-2025,Mayor Frank Jackson,2025,portrait-or-person-specific,0.84,https://clevelandinternationalhalloffame.com/wp-content/uploads/2025/05/mayor-frank-jackson-21.jpg,https://clevelandinternationalhalloffame.com/mayor-frank-jackson/,500,425,,true
mayor-frank-jackson-2025,Mayor Frank Jackson,2025,portrait-or-person-specific,0.84,https://clevelandinternationalhalloffame.com/wp-content/uploads/2025/05/mayor-frank-jackson-induct-181.jpg,https://clevelandinternationalhalloffame.com/mayor-frank-jackson/,500,359,,true
mayor-frank-jackson-2025,Mayor Frank Jackson,2025,portrait-or-person-specific,0.84,https://clevelandinternationalhalloffame.com/wp-content/uploads/2025/05/mayor-frank-jackson-induct-171.jpg,https://clevelandinternationalhalloffame.com/mayor-frank-jackson/,500,428,,true
mayor-frank-jackson-2025,Mayor Frank Jackson,2025,portrait-or-person-specific,0.84,https://clevelandinternationalhalloffame.com/wp-content/uploads/2025/05/mayor-frank-jackson-induct-161.jpg,https://clevelandinternationalhalloffame.com/mayor-frank-jackson/,500,387,,true
mayor-frank-jackson-2025,Mayor Frank Jackson,2025,portrait-or-person-specific,0.84,https://clevelandinternationalhalloffame.com/wp-content/uploads/2025/05/mayor-frank-jackson-induct-151.jpg,https://clevelandinternationalhalloffame.com/mayor-frank-jackson/,500,467,,true
mayor-frank-jackson-2025,Mayor Frank Jackson,2025,portrait-or-person-specific,0.84,https://clevelandinternationalhalloffame.com/wp-content/uploads/2025/05/mayor-frank-jackson-induct-131.jpg,https://clevelandinternationalhalloffame.com/mayor-frank-jackson/,500,564,,true
mayor-frank-jackson-2025,Mayor Frank Jackson,2025,portrait-or-person-specific,0.84,https://clevelandinternationalhalloffame.com/wp-content/uploads/2025/05/mayor-frank-jackson-induct-121.jpg,https://clevelandinternationalhalloffame.com/mayor-frank-jackson/,500,337,,true
mayor-frank-jackson-2025,Mayor Frank Jackson,2025,portrait-or-person-specific,0.84,https://clevelandinternationalhalloffame.com/wp-content/uploads/2025/05/mayor-frank-jackson-induct-111.jpg,https://clevelandinternationalhalloffame.com/mayor-frank-jackson/,500,550,,true
mayor-frank-jackson-2025,Mayor Frank Jackson,2025,portrait-or-person-specific,0.84,https://clevelandinternationalhalloffame.com/wp-content/uploads/2025/05/mayor-frank-jackson-induct-101.jpg,https://clevelandinternationalhalloffame.com/mayor-frank-jackson/,500,617,,true
mayor-frank-jackson-2025,Mayor Frank Jackson,2025,portrait-or-person-specific,0.84,https://clevelandinternationalhalloffame.com/wp-content/uploads/2025/05/mayor-frank-jackson-induct-3-valarie1.jpg,https://clevelandinternationalhalloffame.com/mayor-frank-jackson/,500,437,,true
mayor-frank-jackson-2025,Mayor Frank Jackson,2025,portrait-or-person-specific,0.84,https://clevelandinternationalhalloffame.com/wp-content/uploads/2025/05/mayor-frank-jackson-induct-1-valarie1.jpg,https://clevelandinternationalhalloffame.com/mayor-frank-jackson/,500,465,,true
mayor-frank-jackson-2025,Mayor Frank Jackson,2025,portrait-or-person-specific,0.84,https://clevelandinternationalhalloffame.com/wp-content/uploads/2025/05/mayor-frank-jackson-induct-91.jpg,https://clevelandinternationalhalloffame.com/mayor-frank-jackson/,500,303,,true
mayor-frank-jackson-2025,Mayor Frank Jackson,2025,portrait-or-person-specific,0.84,https://clevelandinternationalhalloffame.com/wp-content/uploads/2025/05/mayor-frank-jackson-induct-81.jpg,https://clevelandinternationalhalloffame.com/mayor-frank-jackson/,500,303,,true
mayor-frank-jackson-2025,Mayor Frank Jackson,2025,portrait-or-person-specific,0.84,https://clevelandinternationalhalloffame.com/wp-content/uploads/2025/05/mayor-frank-jackson-induct-71.jpg,https://clevelandinternationalhalloffame.com/mayor-frank-jackson/,500,296,,true
mayor-frank-jackson-2025,Mayor Frank Jackson,2025,portrait-or-person-specific,0.84,https://clevelandinternationalhalloffame.com/wp-content/uploads/2025/05/mayor-frank-jackson-induct-41.jpg,https://clevelandinternationalhalloffame.com/mayor-frank-jackson/,500,349,,true
mayor-frank-jackson-2025,Mayor Frank Jackson,2025,portrait-or-person-specific,0.84,https://clevelandinternationalhalloffame.com/wp-content/uploads/2025/05/mayor-frank-jackson-table1.jpg,https://clevelandinternationalhalloffame.com/mayor-frank-jackson/,500,382,,true
mayor-frank-jackson-2025,Mayor Frank Jackson,2025,portrait-or-person-specific,0.84,https://clevelandinternationalhalloffame.com/wp-content/uploads/2025/05/mayor-frank-jackson-induct-51.jpg,https://clevelandinternationalhalloffame.com/mayor-frank-jackson/,500,443,,true
mayor-frank-jackson-2025,Mayor Frank Jackson,2025,portrait-or-person-specific,0.84,https://clevelandinternationalhalloffame.com/wp-content/uploads/2025/05/frank-jackson1.jpg,https://clevelandinternationalhalloffame.com/mayor-frank-jackson/,500,625,,true
michael-d-polensek-2023,Michael D. Polensek,2023,portrait-or-person-specific,0.84,https://clevelandinternationalhalloffame.com/wp-content/uploads/2023/03/mike-polensek.jpg,https://clevelandinternationalhalloffame.com/michael-d-polensek/,500,625,Michael Polensek,true
mohan-bafna-2016,Mohan Bafna,2016,portrait-or-person-specific,0.84,https://www.clevelandpeople.com/images/hof/hof-2016/event/mohan-bafna-speak-son-4.jpg,https://clevelandinternationalhalloffame.com/mohan-bafna-2016/,500,386,Suresh Bafna presents award to his father Dr. Mohan Bafna,true
mohan-bafna-2016,Mohan Bafna,2016,portrait-or-person-specific,0.84,https://www.clevelandpeople.com/images/hof/hof-2016/event/mohan-bafna-dais.jpg,https://clevelandinternationalhalloffame.com/mohan-bafna-2016/,500,387,Dr. Mohan Bafna,true
mohan-bafna-2016,Mohan Bafna,2016,portrait-or-person-specific,0.84,https://www.clevelandpeople.com/images/hof/hof-2016/event/mohan-bafna-speak-son-1.jpg,https://clevelandinternationalhalloffame.com/mohan-bafna-2016/,500,455,Suresh Bafna inducts his father Dr. Mohan Bafna,true
mohan-bafna-2016,Mohan Bafna,2016,portrait-or-person-specific,0.84,https://www.clevelandpeople.com/images/hof/hof-2016/event/mohan-bafna-speak-son-5.jpg,https://clevelandinternationalhalloffame.com/mohan-bafna-2016/,500,498,Suresh Bafna inducts his father Dr. Mohan Bafna,true
mohan-bafna-2016,Mohan Bafna,2016,portrait-or-person-specific,0.84,https://www.clevelandpeople.com/images/hof/hof-2016/event/mohan-bafna-speak-son-3.jpg,https://clevelandinternationalhalloffame.com/mohan-bafna-2016/,500,501,Suresh Bafna reading the acceptance speech for his father Dr. Mohan Bafna who was just inducted into the 2016 class of the Cleveland International Hall of Fame,true
mohan-bafna-2016,Mohan Bafna,2016,portrait-or-person-specific,0.84,https://www.clevelandpeople.com/images/hof/hof-2016/event/mohan-bafna-speak-son-6.jpg,https://clevelandinternationalhalloffame.com/mohan-bafna-2016/,500,407,Suresh Bafna reading the acceptance speech for his father Dr. Mohan Bafna who was just inducted into the 2016 class of the Cleveland International Hall of Fame,true
mohan-bafna-2016,Mohan Bafna,2016,portrait-or-person-specific,0.84,https://www.clevelandpeople.com/images/hof/hof-2016/event/mohan-bafna-speak-son-2.jpg,https://clevelandinternationalhalloffame.com/mohan-bafna-2016/,500,419,Suresh Bafna reading the acceptance speech for his father Dr. Mohan Bafna who was just inducted into the 2016 class of the Cleveland International Hall of Fame,true
mohan-bafna-2016,Mohan Bafna,2016,portrait-or-person-specific,0.84,https://www.clevelandpeople.com/images/hof/hof-2016/event/mohan-bafna-standing-ovation.jpg,https://clevelandinternationalhalloffame.com/mohan-bafna-2016/,500,332,Standing ovation for Dr. Mohan Bafna,true
mohan-bafna-2016,Mohan Bafna,2016,portrait-or-person-specific,0.84,https://www.clevelandpeople.com/images/hof/hof-2016/event/mohan-bafna-1.jpg,https://clevelandinternationalhalloffame.com/mohan-bafna-2016/,500,383,Dr. Mohan Bafna,true
mohan-bafna-2016,Mohan Bafna,2016,portrait-or-person-specific,0.84,https://www.clevelandpeople.com/images/hof/hof-2016/event/mohan-fafna-suresh-1.jpg,https://clevelandinternationalhalloffame.com/mohan-bafna-2016/,500,345,Dr. Mohan Bafna and his son Suresh Bafna,true
mohan-bafna-2016,Mohan Bafna,2016,portrait-or-person-specific,0.84,https://www.clevelandpeople.com/images/hof/hof-2016/event/mohan-bafna-people-7.jpg,https://clevelandinternationalhalloffame.com/mohan-bafna-2016/,500,612,"Sudarshan Sathe, Mohan Bafna and Sangita Bafna",true
mohan-bafna-2016,Mohan Bafna,2016,portrait-or-person-specific,0.84,https://www.clevelandpeople.com/images/hof/hof-2016/event/mohan-bafna-mona-jains.jpg,https://clevelandinternationalhalloffame.com/mohan-bafna-2016/,500,333,"Mona Alag, Mohan Bafna, Chit and Nesi Jain",true
mohan-bafna-2016,Mohan Bafna,2016,portrait-or-person-specific,0.84,https://www.clevelandpeople.com/images/hof/hof-2016/event/mohan-bafna-man.jpg,https://clevelandinternationalhalloffame.com/mohan-bafna-2016/,500,535,Dr. Mohan Bafna and man,true
mohan-bafna-2016,Mohan Bafna,2016,portrait-or-person-specific,0.84,https://www.clevelandpeople.com/images/hof/hof-2016/event/mohan-bafna-anjan-ghose.jpg,https://clevelandinternationalhalloffame.com/mohan-bafna-2016/,500,529,Dr. Mohan Bafna and Anjan Ghose,true
mohan-bafna-2016,Mohan Bafna,2016,portrait-or-person-specific,0.84,https://www.clevelandpeople.com/images/hof/hof-2016/event/mohan-bafna-people-1.jpg,https://clevelandinternationalhalloffame.com/mohan-bafna-2016/,500,332,Dr. Mohan Bafna and friends,true
mohan-bafna-2016,Mohan Bafna,2016,portrait-or-person-specific,0.84,https://www.clevelandpeople.com/images/hof/hof-2016/event/mohan-bafna-people-2.jpg,https://clevelandinternationalhalloffame.com/mohan-bafna-2016/,500,335,Dr. Mohan Bafna and friends,true
mohan-bafna-2016,Mohan Bafna,2016,portrait-or-person-specific,0.84,https://www.clevelandpeople.com/images/hof/hof-2016/event/mohan-bafna-people-3.jpg,https://clevelandinternationalhalloffame.com/mohan-bafna-2016/,500,419,Dr. Mohan Bafna and friends,true
mohan-bafna-2016,Mohan Bafna,2016,portrait-or-person-specific,0.84,https://www.clevelandpeople.com/images/hof/hof-2016/event/mohan-bafna-people-4.jpg,https://clevelandinternationalhalloffame.com/mohan-bafna-2016/,500,362,Dr. Mohan Bafna and friends,true
mohan-bafna-2016,Mohan Bafna,2016,portrait-or-person-specific,0.84,https://www.clevelandpeople.com/images/hof/hof-2016/event/mohan-bafna-people-5.jpg,https://clevelandinternationalhalloffame.com/mohan-bafna-2016/,500,378,Dr. Mohan Bafna and friends,true
mohan-bafna-2016,Mohan Bafna,2016,portrait-or-person-specific,0.84,https://www.clevelandpeople.com/images/hof/hof-2016/event/mohan-bafna-son.jpg,https://clevelandinternationalhalloffame.com/mohan-bafna-2016/,500,397,Dr. Mohan Bafna son Suresh and wife,true
mohan-bafna-2016,Mohan Bafna,2016,portrait-or-person-specific,0.84,https://www.clevelandpeople.com/images/hof/hof-2016/event/people-indian-ladies.jpg,https://clevelandinternationalhalloffame.com/mohan-bafna-2016/,500,338,Ladies - friends of Mohan Bafna,true
mohan-bafna-2016,Mohan Bafna,2016,portrait-or-person-specific,0.84,https://www.clevelandpeople.com/images/hof/hof-2016/event/people-2.jpg,https://clevelandinternationalhalloffame.com/mohan-bafna-2016/,500,395,Friends and family of Dr. Mohan Bafna,true
mohan-bafna-2016,Mohan Bafna,2016,portrait-or-person-specific,0.84,https://www.clevelandpeople.com/images/hof/hof-2016/event/people-3.jpg,https://clevelandinternationalhalloffame.com/mohan-bafna-2016/,500,371,Friends and family of Dr. Mohan Bafna,true
mohan-bafna-2016,Mohan Bafna,2016,portrait-or-person-specific,0.84,https://www.clevelandpeople.com/images/hof/hof-2016/event/people-8.jpg,https://clevelandinternationalhalloffame.com/mohan-bafna-2016/,500,344,Friends and family of Dr. Mohan Bafna,true
mohan-bafna-2016,Mohan Bafna,2016,portrait-or-person-specific,0.84,https://www.clevelandpeople.com/images/hof/hof-2016/event/people-11.jpg,https://clevelandinternationalhalloffame.com/mohan-bafna-2016/,500,388,Friends and family of Dr. Mohan Bafna,true
mohan-bafna-2016,Mohan Bafna,2016,portrait-or-person-specific,0.84,https://www.clevelandpeople.com/images/hof/hof-2016/event/people-12.jpg,https://clevelandinternationalhalloffame.com/mohan-bafna-2016/,500,477,Friends and family of Dr. Mohan Bafna,true
mohan-bafna-2016,Mohan Bafna,2016,portrait-or-person-specific,0.84,https://www.clevelandpeople.com/images/hof/hof-2016/event/people-13.jpg,https://clevelandinternationalhalloffame.com/mohan-bafna-2016/,500,331,Friends and family of Dr. Mohan Bafna,true
mohan-bafna-2016,Mohan Bafna,2016,portrait-or-person-specific,0.84,https://www.clevelandpeople.com/images/hof/hof-2016/event/people-14.jpg,https://clevelandinternationalhalloffame.com/mohan-bafna-2016/,500,348,Friends and family of Dr. Mohan Bafna,true
mohan-bafna-2016,Mohan Bafna,2016,portrait-or-person-specific,0.84,https://www.clevelandpeople.com/images/hof/hof-2016/event/people-17.jpg,https://clevelandinternationalhalloffame.com/mohan-bafna-2016/,500,379,Friends and family of Dr. Mohan Bafna,true
mohan-bafna-2016,Mohan Bafna,2016,portrait-or-person-specific,0.84,https://www.clevelandpeople.com/images/hof/hof-2016/event/mohan-bafna-asim-mona-harjit.jpg,https://clevelandinternationalhalloffame.com/mohan-bafna-2016/,500,321,"Asim Datta, Mona Alag, Harjit Alag",true
mohan-bafna-2016,Mohan Bafna,2016,portrait-or-person-specific,0.84,https://www.clevelandpeople.com/images/hof/hof-2016/event/people-5.jpg,https://clevelandinternationalhalloffame.com/mohan-bafna-2016/,500,358,Friends and family of Dr. Mohan Bafna,true
mohan-bafna-2016,Mohan Bafna,2016,portrait-or-person-specific,0.84,https://www.clevelandpeople.com/images/hof/hof-2016/event/people-19.jpg,https://clevelandinternationalhalloffame.com/mohan-bafna-2016/,500,366,Friends and family of Dr. Mohan Bafna,true
mohan-bafna-2016,Mohan Bafna,2016,portrait-or-person-specific,0.84,https://www.clevelandpeople.com/images/hof/hof-2016/event/people-6.jpg,https://clevelandinternationalhalloffame.com/mohan-bafna-2016/,500,352,Friends and family of Dr. Mohan Bafna,true
mohan-bafna-2016,Mohan Bafna,2016,portrait-or-person-specific,0.84,https://www.clevelandpeople.com/images/hof/hof-2016/event/people-10.jpg,https://clevelandinternationalhalloffame.com/mohan-bafna-2016/,500,404,Friends and family of Dr. Mohan Bafna,true
mohan-bafna-2016,Mohan Bafna,2016,portrait-or-person-specific,0.84,https://www.clevelandpeople.com/images/hof/hof-2016/event/people-9.jpg,https://clevelandinternationalhalloffame.com/mohan-bafna-2016/,500,357,Ladies -friends of Mohan Bafna,true
mohan-bafna-2016,Mohan Bafna,2016,portrait-or-person-specific,0.84,https://www.clevelandpeople.com/images/hof/hof-2016/event/people-fica-table.jpg,https://clevelandinternationalhalloffame.com/mohan-bafna-2016/,500,314,FICA table - Friends and family of Dr. Mohan Bafna,true
mohan-bafna-2016,Mohan Bafna,2016,portrait-or-person-specific,0.84,https://clevelandinternationalhalloffame.com/wp-content/uploads/2016/10/mohan-suresh-bafna-2.jpg,https://clevelandinternationalhalloffame.com/mohan-bafna-2016/,500,392,Mohan and son Suresh Bafna at Cleveland International Hall of Fame,true
mohan-bafna-2016,Mohan Bafna,2016,portrait-or-person-specific,0.84,https://clevelandinternationalhalloffame.com/wp-content/uploads/2016/10/mohan-suresh-bafna.jpg,https://clevelandinternationalhalloffame.com/mohan-bafna-2016/,500,417,Mohan and son Suresh Bafna at Cleveland International Hall of Fame,true
mohan-bafna-2016,Mohan Bafna,2016,portrait-or-person-specific,0.84,http://www.clevelandpeople.com/images/hof/hof-2016/mohan-bafna-500.jpg,https://clevelandinternationalhalloffame.com/induction-event-info/dr-mohan-bafna/,500,598,Dr. Mohan Bafna,true
mona-alag-2017,Mona Alag,2017,portrait-or-person-specific,0.84,https://clevelandinternationalhalloffame.com/wp-content/uploads/2017/03/mona-alag-500-256x300.jpg,https://clevelandinternationalhalloffame.com/inductees/mona-alag/,500,585,Mona Alag,true
mona-alag-2017,Mona Alag,2017,portrait-or-person-specific,0.84,https://www.clevelandpeople.com/images/hof/hof-2017/ie-mona-alag-sudarshan.jpg,https://clevelandinternationalhalloffame.com/inductees/mona-alag/,500,431,Mona Alag and Sudarshan Sathe,true
mona-alag-2017,Mona Alag,2017,portrait-or-person-specific,0.84,https://www.clevelandpeople.com/images/hof/hof-2017/ia-mona-alag-sudarshan-mic.jpg,https://clevelandinternationalhalloffame.com/inductees/mona-alag/,500,533,Sudarshan Sathe inducting Mona Alag,true
mona-alag-2017,Mona Alag,2017,portrait-or-person-specific,0.84,https://www.clevelandpeople.com/images/hof/hof-2017/ia-mona-alag-sudarshan.jpg,https://clevelandinternationalhalloffame.com/inductees/mona-alag/,500,581,Mona Alag and Sudarshan Sathe,true
mona-alag-2017,Mona Alag,2017,portrait-or-person-specific,0.84,https://www.clevelandpeople.com/images/hof/hof-2017/ih-mona-sudarshan.jpg,https://clevelandinternationalhalloffame.com/inductees/mona-alag/,500,596,Mona Alag and Sudarshan Sathe,true
mona-alag-2017,Mona Alag,2017,portrait-or-person-specific,0.84,https://www.clevelandpeople.com/images/hof/hof-2017/ia-mona-alag-2.jpg,https://clevelandinternationalhalloffame.com/inductees/mona-alag/,500,474,Mona Alag giving acceptance remarks,true
mona-alag-2017,Mona Alag,2017,portrait-or-person-specific,0.84,https://www.clevelandpeople.com/images/hof/hof-2017/ie-mona-alag-2.jpg,https://clevelandinternationalhalloffame.com/inductees/mona-alag/,500,430,Mona Alag giving acceptance remarks,true
mona-alag-2017,Mona Alag,2017,portrait-or-person-specific,0.84,https://www.clevelandpeople.com/images/hof/hof-2017/ih-mona-alag.jpg,https://clevelandinternationalhalloffame.com/inductees/mona-alag/,500,491,Mona Alag giving acceptance remarks,true
mona-alag-2017,Mona Alag,2017,portrait-or-person-specific,0.84,https://www.clevelandpeople.com/images/hof/hof-2017/ia-mona-alag.jpg,https://clevelandinternationalhalloffame.com/inductees/mona-alag/,500,291,Mona Alag giving acceptance remarks,true
mona-alag-2017,Mona Alag,2017,portrait-or-person-specific,0.84,https://www.clevelandpeople.com/images/hof/hof-2017/ia-mona-craciun.jpg,https://clevelandinternationalhalloffame.com/inductees/mona-alag/,500,366,Mona Alag and Jim Craciun,true
mona-alag-2017,Mona Alag,2017,portrait-or-person-specific,0.84,https://www.clevelandpeople.com/images/hof/hof-2017/a-mona-craciun-basil.jpg,https://clevelandinternationalhalloffame.com/inductees/mona-alag/,500,299,"Mona Alag, Jim Craciun and Basil Russo",true
mona-alag-2017,Mona Alag,2017,portrait-or-person-specific,0.84,https://www.clevelandpeople.com/images/hof/hof-2017/pa-mona-harjit-alag.jpg,https://clevelandinternationalhalloffame.com/inductees/mona-alag/,500,366,Mona and Harjit Alag,true
mona-alag-2017,Mona Alag,2017,portrait-or-person-specific,0.84,https://www.clevelandpeople.com/images/hof/hof-2017/ia-mona-alag-grandkids.jpg,https://clevelandinternationalhalloffame.com/inductees/mona-alag/,500,403,Mona Alag grandkids,true
mona-alag-2017,Mona Alag,2017,portrait-or-person-specific,0.84,https://www.clevelandpeople.com/images/hof/hof-2017/ie-mona-family.jpg,https://clevelandinternationalhalloffame.com/inductees/mona-alag/,500,360,Mona Alag family members,true
mona-alag-2017,Mona Alag,2017,portrait-or-person-specific,0.84,https://www.clevelandpeople.com/images/hof/hof-2017/pa-mona-daughter-gkids.jpg,https://clevelandinternationalhalloffame.com/inductees/mona-alag/,500,419,Mona Alag daughter and grandkids,true
mona-alag-2017,Mona Alag,2017,portrait-or-person-specific,0.84,https://www.clevelandpeople.com/images/hof/hof-2017/pa-mona-gkids.jpg,https://clevelandinternationalhalloffame.com/inductees/mona-alag/,500,412,Mona Alag and grandkids,true
mona-alag-2017,Mona Alag,2017,portrait-or-person-specific,0.84,https://www.clevelandpeople.com/images/hof/hof-2017/pa-mona-gkids-2.jpg,https://clevelandinternationalhalloffame.com/inductees/mona-alag/,500,379,Mona Alag and grandkids,true
mona-alag-2017,Mona Alag,2017,portrait-or-person-specific,0.84,https://www.clevelandpeople.com/images/hof/hof-2017/pa-16.jpg,https://clevelandinternationalhalloffame.com/inductees/mona-alag/,500,356,Mona Alag and friends,true
mona-alag-2017,Mona Alag,2017,portrait-or-person-specific,0.84,https://www.clevelandpeople.com/images/hof/hof-2017/pa-25.jpg,https://clevelandinternationalhalloffame.com/inductees/mona-alag/,500,353,Mona Alag and friends,true
mona-alag-2017,Mona Alag,2017,portrait-or-person-specific,0.84,https://www.clevelandpeople.com/images/hof/hof-2017/pa-mona-alag-debbie-hanson.jpg,https://clevelandinternationalhalloffame.com/inductees/mona-alag/,500,400,Mona Alag and Debbie Hanson,true
mona-alag-2017,Mona Alag,2017,portrait-or-person-specific,0.84,https://www.clevelandpeople.com/images/hof/hof-2017/pa-26.jpg,https://clevelandinternationalhalloffame.com/inductees/mona-alag/,500,363,Friends of Mona Alag,true
mona-alag-2017,Mona Alag,2017,portrait-or-person-specific,0.84,https://www.clevelandpeople.com/images/hof/hof-2017/pa-4.jpg,https://clevelandinternationalhalloffame.com/inductees/mona-alag/,500,360,Friends of Mona Alag,true
mona-alag-2017,Mona Alag,2017,portrait-or-person-specific,0.84,https://www.clevelandpeople.com/images/hof/hof-2017/pa-6.jpg,https://clevelandinternationalhalloffame.com/inductees/mona-alag/,500,367,Friends of Mona Alag,true
mona-alag-2017,Mona Alag,2017,portrait-or-person-specific,0.84,https://www.clevelandpeople.com/images/hof/hof-2017/pa-7.jpg,https://clevelandinternationalhalloffame.com/inductees/mona-alag/,500,367,Friends of Mona Alag,true
mona-alag-2017,Mona Alag,2017,portrait-or-person-specific,0.84,https://www.clevelandpeople.com/images/hof/hof-2017/pe-mona-sathes.jpg,https://clevelandinternationalhalloffame.com/inductees/mona-alag/,500,374,Mona Alag with Sudarshan and Swati Sathe,true
mona-alag-2017,Mona Alag,2017,portrait-or-person-specific,0.84,https://www.clevelandpeople.com/images/hof/hof-2017/pa-8.jpg,https://clevelandinternationalhalloffame.com/inductees/mona-alag/,500,364,Friends of Mona Alag,true
mona-alag-2017,Mona Alag,2017,portrait-or-person-specific,0.84,https://www.clevelandpeople.com/images/hof/hof-2017/pa-9.jpg,https://clevelandinternationalhalloffame.com/inductees/mona-alag/,500,398,Friends of Mona Alag,true
mona-alag-2017,Mona Alag,2017,portrait-or-person-specific,0.84,https://www.clevelandpeople.com/images/hof/hof-2017/pa-mona-alag-dick-russ.jpg,https://clevelandinternationalhalloffame.com/inductees/mona-alag/,500,406,Mona Alag and Dick Russ,true
mona-alag-2017,Mona Alag,2017,portrait-or-person-specific,0.84,https://www.clevelandpeople.com/images/hof/hof-2017/pa-28.jpg,https://clevelandinternationalhalloffame.com/inductees/mona-alag/,500,391,Friends of Mona Alag,true
mona-alag-2017,Mona Alag,2017,portrait-or-person-specific,0.84,https://www.clevelandpeople.com/images/hof/hof-2017/ph-mona-ladies.jpg,https://clevelandinternationalhalloffame.com/inductees/mona-alag/,500,409,Mona Alag friends,true
mona-alag-2017,Mona Alag,2017,portrait-or-person-specific,0.84,https://www.clevelandpeople.com/images/hof/hof-2017/pa-17.jpg,https://clevelandinternationalhalloffame.com/inductees/mona-alag/,500,416,Friends of Mona Alag,true
mona-alag-2017,Mona Alag,2017,portrait-or-person-specific,0.84,https://clevelandinternationalhalloffame.com/wp-content/uploads/2017/03/pa-mona-harjit-alag.jpg,https://clevelandinternationalhalloffame.com/inductees/mona-alag/,500,366,Mona and Harjit Alag,true
mona-alag-2017,Mona Alag,2017,portrait-or-person-specific,0.84,https://clevelandinternationalhalloffame.com/wp-content/uploads/2017/03/ih-mona-alag.jpg,https://clevelandinternationalhalloffame.com/inductees/mona-alag/,500,491,Mona and Harjit Alag,true
mona-alag-2017,Mona Alag,2017,portrait-or-person-specific,0.84,https://clevelandinternationalhalloffame.com/wp-content/uploads/2017/03/ie-mona-family.jpg,https://clevelandinternationalhalloffame.com/inductees/mona-alag/,500,360,Mona Alag family members,true
mona-alag-2017,Mona Alag,2017,portrait-or-person-specific,0.84,https://clevelandinternationalhalloffame.com/wp-content/uploads/2017/03/ie-mona-alag-sudarshan.jpg,https://clevelandinternationalhalloffame.com/inductees/mona-alag/,500,431,Mona Alag and Sudarshan Sathe,true
mona-alag-2017,Mona Alag,2017,portrait-or-person-specific,0.84,https://clevelandinternationalhalloffame.com/wp-content/uploads/2017/03/ie-mona-alag-2.jpg,https://clevelandinternationalhalloffame.com/inductees/mona-alag/,500,430,,true
mona-alag-2017,Mona Alag,2017,portrait-or-person-specific,0.84,https://clevelandinternationalhalloffame.com/wp-content/uploads/2017/03/ia-mona-alag-sudarshan-mic.jpg,https://clevelandinternationalhalloffame.com/inductees/mona-alag/,500,533,Sudarshan Sathe inducts Mona Alag,true
mona-alag-2017,Mona Alag,2017,portrait-or-person-specific,0.84,https://clevelandinternationalhalloffame.com/wp-content/uploads/2017/03/ia-mona-alag-grandkids.jpg,https://clevelandinternationalhalloffame.com/inductees/mona-alag/,500,403,Mona Alag grandsons,true
mona-alag-2017,Mona Alag,2017,portrait-or-person-specific,0.84,https://clevelandinternationalhalloffame.com/wp-content/uploads/2017/03/ia-mona-alag-2.jpg,https://clevelandinternationalhalloffame.com/inductees/mona-alag/,500,474,Mona Alag,true
mona-alag-2017,Mona Alag,2017,portrait-or-person-specific,0.84,https://clevelandinternationalhalloffame.com/wp-content/uploads/2017/03/ia-mona-alag.jpg,https://clevelandinternationalhalloffame.com/inductees/mona-alag/,500,291,Mona Alag,true
pat-dowd-2023,Pat Dowd,2023,portrait-or-person-specific,0.84,https://clevelandinternationalhalloffame.com/wp-content/uploads/2023/04/s-pat-dowd-1-300x262.jpg,https://clevelandinternationalhalloffame.com/pat-dowd/,500,436,,true
pat-dowd-2023,Pat Dowd,2023,portrait-or-person-specific,0.84,https://clevelandinternationalhalloffame.com/wp-content/uploads/2023/04/s-pat-dowd-3-300x263.jpg,https://clevelandinternationalhalloffame.com/pat-dowd/,500,438,,true
pat-dowd-2023,Pat Dowd,2023,portrait-or-person-specific,0.84,https://clevelandinternationalhalloffame.com/wp-content/uploads/2023/04/s-pat-dowd-gerry-quinn-award-300x244.jpg,https://clevelandinternationalhalloffame.com/pat-dowd/,500,406,,true
pat-dowd-2023,Pat Dowd,2023,portrait-or-person-specific,0.84,https://clevelandinternationalhalloffame.com/wp-content/uploads/2023/04/s-pat-dowd-gerry-quinn-award-2.jpg,https://clevelandinternationalhalloffame.com/pat-dowd/,500,406,,true
pat-dowd-2023,Pat Dowd,2023,portrait-or-person-specific,0.84,https://clevelandinternationalhalloffame.com/wp-content/uploads/2023/04/s-pat-dowd-gerry-quinn-award.jpg,https://clevelandinternationalhalloffame.com/pat-dowd/,500,406,,true
pat-dowd-2023,Pat Dowd,2023,portrait-or-person-specific,0.84,https://clevelandinternationalhalloffame.com/wp-content/uploads/2023/04/s-pat-dowd-3.jpg,https://clevelandinternationalhalloffame.com/pat-dowd/,500,438,,true
pat-dowd-2023,Pat Dowd,2023,portrait-or-person-specific,0.84,https://clevelandinternationalhalloffame.com/wp-content/uploads/2023/04/s-pat-dowd-1.jpg,https://clevelandinternationalhalloffame.com/pat-dowd/,500,436,,true
paul-burik-2019,Paul Burik,2019,portrait-or-person-specific,0.84,https://clevelandinternationalhalloffame.com/wp-content/uploads/2019/03/paul-burik-500-217x300.jpg,https://clevelandinternationalhalloffame.com/paul-burik/,500,692,Paul Burik,true
paul-burik-2019,Paul Burik,2019,portrait-or-person-specific,0.84,https://clevelandinternationalhalloffame.com/wp-content/uploads/2019/05/chris-ronayne-1-300x206.jpg,https://clevelandinternationalhalloffame.com/paul-burik/,500,343,University Circle Incorporated CEO Chris Ronayne inducts Paul Burik into the Cleveland International Hall of Fame.,true
paul-burik-2019,Paul Burik,2019,portrait-or-person-specific,0.84,https://clevelandinternationalhalloffame.com/wp-content/uploads/2019/05/paul-burik-chris-ronayne-300x244.jpg,https://clevelandinternationalhalloffame.com/paul-burik/,500,407,Chris Ronayne and Paul Burik,true
paul-burik-2019,Paul Burik,2019,portrait-or-person-specific,0.84,https://clevelandinternationalhalloffame.com/wp-content/uploads/2019/05/paul-burik-1-300x275.jpg,https://clevelandinternationalhalloffame.com/paul-burik/,500,458,Paul Burik gives his induction speech at the Cleveland International Hall of Fame,true
paul-burik-2019,Paul Burik,2019,portrait-or-person-specific,0.84,https://clevelandinternationalhalloffame.com/wp-content/uploads/2019/05/paul-burik-3-300x214.jpg,https://clevelandinternationalhalloffame.com/paul-burik/,500,357,Paul Burik gives his induction speech at the Cleveland International Hall of Fame,true
paul-burik-2019,Paul Burik,2019,portrait-or-person-specific,0.84,https://clevelandinternationalhalloffame.com/wp-content/uploads/2019/05/paul-burik-6-300x237.jpg,https://clevelandinternationalhalloffame.com/paul-burik/,500,395,Paul Burik gives his induction speech at the Cleveland International Hall of Fame,true
paul-burik-2019,Paul Burik,2019,portrait-or-person-specific,0.84,https://clevelandinternationalhalloffame.com/wp-content/uploads/2019/05/paula-tilisky-fran-burik-300x211.jpg,https://clevelandinternationalhalloffame.com/paul-burik/,500,352,Paula Tilisky and Fran Burik,true
paul-burik-2019,Paul Burik,2019,portrait-or-person-specific,0.84,https://clevelandinternationalhalloffame.com/wp-content/uploads/2019/05/paula-tilisky-fran-burik.jpg,https://clevelandinternationalhalloffame.com/paul-burik/,500,352,,true
paul-burik-2019,Paul Burik,2019,portrait-or-person-specific,0.84,https://clevelandinternationalhalloffame.com/wp-content/uploads/2019/05/paul-burik-6.jpg,https://clevelandinternationalhalloffame.com/paul-burik/,500,395,,true
paul-burik-2019,Paul Burik,2019,portrait-or-person-specific,0.84,https://clevelandinternationalhalloffame.com/wp-content/uploads/2019/05/paul-burik-3.jpg,https://clevelandinternationalhalloffame.com/paul-burik/,500,357,,true
paul-burik-2019,Paul Burik,2019,portrait-or-person-specific,0.84,https://clevelandinternationalhalloffame.com/wp-content/uploads/2019/05/paul-burik-1.jpg,https://clevelandinternationalhalloffame.com/paul-burik/,500,458,,true
paul-burik-2019,Paul Burik,2019,portrait-or-person-specific,0.84,https://clevelandinternationalhalloffame.com/wp-content/uploads/2019/05/paul-burik-chris-ronayne.jpg,https://clevelandinternationalhalloffame.com/paul-burik/,500,407,,true
paul-burik-2019,Paul Burik,2019,portrait-or-person-specific,0.84,https://clevelandinternationalhalloffame.com/wp-content/uploads/2019/05/paul-burik-chris-ronayne-4.jpg,https://clevelandinternationalhalloffame.com/paul-burik/,500,420,,true
paul-burik-2019,Paul Burik,2019,portrait-or-person-specific,0.84,https://clevelandinternationalhalloffame.com/wp-content/uploads/2019/03/paul-burik-500.jpg,https://clevelandinternationalhalloffame.com/paul-burik/,500,692,,true
pierre-bejjani-2023,Pierre Bejjani,2023,portrait-or-person-specific,0.84,https://clevelandinternationalhalloffame.com/wp-content/uploads/2023/04/s-pierre-bejjani-1-300x251.jpg,https://clevelandinternationalhalloffame.com/pierre-bejjani/,500,418,,true
pierre-bejjani-2023,Pierre Bejjani,2023,portrait-or-person-specific,0.84,https://clevelandinternationalhalloffame.com/wp-content/uploads/2023/04/s-pierre-bejjani-3-300x194.jpg,https://clevelandinternationalhalloffame.com/pierre-bejjani/,500,323,,true
pierre-bejjani-2023,Pierre Bejjani,2023,portrait-or-person-specific,0.84,https://clevelandinternationalhalloffame.com/wp-content/uploads/2023/04/s-pierre-bejjani-award-300x254.jpg,https://clevelandinternationalhalloffame.com/pierre-bejjani/,500,424,,true
pierre-bejjani-2023,Pierre Bejjani,2023,portrait-or-person-specific,0.84,https://clevelandinternationalhalloffame.com/wp-content/uploads/2023/04/s-pierre-bejjani-2-300x250.jpg,https://clevelandinternationalhalloffame.com/pierre-bejjani/,500,416,,true
pierre-bejjani-2023,Pierre Bejjani,2023,portrait-or-person-specific,0.84,https://clevelandinternationalhalloffame.com/wp-content/uploads/2023/04/s-pierre-bejjani-2.jpg,https://clevelandinternationalhalloffame.com/pierre-bejjani/,500,416,,true
pierre-bejjani-2023,Pierre Bejjani,2023,portrait-or-person-specific,0.84,https://clevelandinternationalhalloffame.com/wp-content/uploads/2023/04/s-pierre-bejjani-award.jpg,https://clevelandinternationalhalloffame.com/pierre-bejjani/,500,424,,true
pierre-bejjani-2023,Pierre Bejjani,2023,portrait-or-person-specific,0.84,https://clevelandinternationalhalloffame.com/wp-content/uploads/2023/04/s-pierre-bejjani-3.jpg,https://clevelandinternationalhalloffame.com/pierre-bejjani/,500,323,,true
pierre-bejjani-2023,Pierre Bejjani,2023,portrait-or-person-specific,0.84,https://clevelandinternationalhalloffame.com/wp-content/uploads/2023/04/s-pierre-bejjani-1.jpg,https://clevelandinternationalhalloffame.com/pierre-bejjani/,500,418,,true
raj-aggarwal-2025,Raj Aggarwal,2025,portrait-or-person-specific,0.84,https://clevelandinternationalhalloffame.com/wp-content/uploads/2025/05/raj-aggarwal1-280x300.jpg,https://clevelandinternationalhalloffame.com/raj-aggarwal/,500,536,,true
raj-aggarwal-2025,Raj Aggarwal,2025,portrait-or-person-specific,0.84,https://clevelandinternationalhalloffame.com/wp-content/uploads/2025/05/raj-aggarwal-award1-200x300.jpg,https://clevelandinternationalhalloffame.com/raj-aggarwal/,500,750,,true
raj-aggarwal-2025,Raj Aggarwal,2025,portrait-or-person-specific,0.84,https://clevelandinternationalhalloffame.com/wp-content/uploads/2025/05/raj-aggarwall-stuart-muszynski-11-300x276.jpg,https://clevelandinternationalhalloffame.com/raj-aggarwal/,500,460,,true
raj-aggarwal-2025,Raj Aggarwal,2025,portrait-or-person-specific,0.84,https://clevelandinternationalhalloffame.com/wp-content/uploads/2025/05/raj-aggarwall-stuart-muszynski-21-300x280.jpg,https://clevelandinternationalhalloffame.com/raj-aggarwal/,500,467,,true
raj-aggarwal-2025,Raj Aggarwal,2025,portrait-or-person-specific,0.84,https://clevelandinternationalhalloffame.com/wp-content/uploads/2025/05/raj-aggarwall-stuart-muszynski-russ-mitchell1-295x300.jpg,https://clevelandinternationalhalloffame.com/raj-aggarwal/,500,508,,true
raj-aggarwal-2025,Raj Aggarwal,2025,portrait-or-person-specific,0.84,https://clevelandinternationalhalloffame.com/wp-content/uploads/2025/05/raj-aggarwall-stuart-muszynski-russ-mitchell1.jpg,https://clevelandinternationalhalloffame.com/raj-aggarwal/,500,508,,true
raj-aggarwal-2025,Raj Aggarwal,2025,portrait-or-person-specific,0.84,https://clevelandinternationalhalloffame.com/wp-content/uploads/2025/05/raj-aggarwall-stuart-muszynski-21.jpg,https://clevelandinternationalhalloffame.com/raj-aggarwal/,500,467,,true
raj-aggarwal-2025,Raj Aggarwal,2025,portrait-or-person-specific,0.84,https://clevelandinternationalhalloffame.com/wp-content/uploads/2025/05/raj-aggarwall-stuart-muszynski-11.jpg,https://clevelandinternationalhalloffame.com/raj-aggarwal/,500,460,,true
raj-aggarwal-2025,Raj Aggarwal,2025,portrait-or-person-specific,0.84,https://clevelandinternationalhalloffame.com/wp-content/uploads/2025/05/raj-aggarwal-award1.jpg,https://clevelandinternationalhalloffame.com/raj-aggarwal/,500,750,,true
raj-aggarwal-2025,Raj Aggarwal,2025,portrait-or-person-specific,0.84,https://clevelandinternationalhalloffame.com/wp-content/uploads/2025/05/raj-aggarwal1.jpg,https://clevelandinternationalhalloffame.com/raj-aggarwal/,500,536,,true
ralph-perk-jr-2018,Ralph Perk Jr.,2018,portrait-or-person-specific,0.84,https://clevelandinternationalhalloffame.com/wp-content/uploads/2018/03/ralph-perk-jr-b-248x300.jpg,https://clevelandinternationalhalloffame.com/inductees-europe/ralph-perk-jr/,500,604,"Ralph J. Perk, Jr.",true
ralph-perk-jr-2018,Ralph Perk Jr.,2018,portrait-or-person-specific,0.84,https://www.clevelandpeople.com/images/hof/hof-2018/cihf-c-rocky-perk.jpg,https://clevelandinternationalhalloffame.com/inductees-europe/ralph-perk-jr/,500,507,Ralph J. (Rocky) Perk Jr. giving his acceptance remarks,true
ralph-perk-jr-2018,Ralph Perk Jr.,2018,portrait-or-person-specific,0.84,https://www.clevelandpeople.com/images/hof/hof-2018/cihf-c-rocky-perk-2.jpg,https://clevelandinternationalhalloffame.com/inductees-europe/ralph-perk-jr/,500,490,Ralph J. (Rocky) Perk Jr. giving his acceptance remarks,true
ralph-perk-jr-2018,Ralph Perk Jr.,2018,portrait-or-person-specific,0.84,https://www.clevelandpeople.com/images/hof/hof-2018/cihf-c-rocky-perk-3.jpg,https://clevelandinternationalhalloffame.com/inductees-europe/ralph-perk-jr/,500,423,Ralph J. (Rocky) Perk Jr. giving his acceptance remarks,true
ralph-perk-jr-2018,Ralph Perk Jr.,2018,portrait-or-person-specific,0.84,https://www.clevelandpeople.com/images/hof/hof-2018/cihf-c-rocky-perk-5.jpg,https://clevelandinternationalhalloffame.com/inductees-europe/ralph-perk-jr/,500,382,Ralph J. (Rocky) Perk Jr. giving his acceptance remarks,true
ralph-perk-jr-2018,Ralph Perk Jr.,2018,portrait-or-person-specific,0.84,https://www.clevelandpeople.com/images/hof/hof-2018/cihf-p-perks.jpg,https://clevelandinternationalhalloffame.com/inductees-europe/ralph-perk-jr/,500,353,Ralph Perk Jr. with daughter Vicky Perk and wife Kelli Perk,true
ralph-perk-jr-2018,Ralph Perk Jr.,2018,portrait-or-person-specific,0.84,https://clevelandinternationalhalloffame.com/wp-content/uploads/2018/06/cihf-p-irene-rocky-sheila-gerry.jpg,https://clevelandinternationalhalloffame.com/inductees-europe/ralph-perk-jr/,500,498,"4 Hall of Famers: Irene Morrow, Gerry Quinn, Ralph Perk Jr. and Sheila Murphy Crawford",true
ralph-perk-jr-2018,Ralph Perk Jr.,2018,portrait-or-person-specific,0.84,https://clevelandinternationalhalloffame.com/wp-content/uploads/2018/06/cihf-p-perks.jpg,https://clevelandinternationalhalloffame.com/inductees-europe/ralph-perk-jr/,500,353,Ralph Perk Jr. with daughter Vicky Perk and wife Kelli Perk,true
ralph-perk-jr-2018,Ralph Perk Jr.,2018,portrait-or-person-specific,0.84,https://clevelandinternationalhalloffame.com/wp-content/uploads/2018/06/cihf-c-rocky-perk-maryrose-2.jpg,https://clevelandinternationalhalloffame.com/inductees-europe/ralph-perk-jr/,500,438,Congresswoman Mary Rose Oakar inducts Judge Ralph Perk Jr. into the Cleveland International Hall of Fame,true
ralph-perk-jr-2018,Ralph Perk Jr.,2018,portrait-or-person-specific,0.84,https://clevelandinternationalhalloffame.com/wp-content/uploads/2018/06/cihf-c-rocky-perk-maryrose.jpg,https://clevelandinternationalhalloffame.com/inductees-europe/ralph-perk-jr/,500,713,Congresswoman Mary Rose Oakar inducts Judge Ralph Perk Jr. into the Cleveland International Hall of Fame,true
ralph-perk-jr-2018,Ralph Perk Jr.,2018,portrait-or-person-specific,0.84,https://clevelandinternationalhalloffame.com/wp-content/uploads/2018/06/cihf-c-rocky-perk-award.jpg,https://clevelandinternationalhalloffame.com/inductees-europe/ralph-perk-jr/,500,676,Judge Ralph Perk Jr. award at his induction into the Cleveland International Hall of Fame,true
ralph-perk-jr-2018,Ralph Perk Jr.,2018,portrait-or-person-specific,0.84,https://clevelandinternationalhalloffame.com/wp-content/uploads/2018/06/cihf-c-rocky-perk-5.jpg,https://clevelandinternationalhalloffame.com/inductees-europe/ralph-perk-jr/,500,382,Judge Ralph Perk Jr. gives acceptance speech at his induction into the Cleveland International Hall of Fame,true
ralph-perk-jr-2018,Ralph Perk Jr.,2018,portrait-or-person-specific,0.84,https://clevelandinternationalhalloffame.com/wp-content/uploads/2018/06/cihf-c-rocky-perk-4.jpg,https://clevelandinternationalhalloffame.com/inductees-europe/ralph-perk-jr/,500,699,Judge Ralph Perk Jr. gives acceptance speech at his induction into the Cleveland International Hall of Fame,true
ralph-perk-jr-2018,Ralph Perk Jr.,2018,portrait-or-person-specific,0.84,https://clevelandinternationalhalloffame.com/wp-content/uploads/2018/06/cihf-c-rocky-perk-3.jpg,https://clevelandinternationalhalloffame.com/inductees-europe/ralph-perk-jr/,500,423,Judge Ralph Perk Jr. gives acceptance speech at his induction into the Cleveland International Hall of Fame,true
ralph-perk-jr-2018,Ralph Perk Jr.,2018,portrait-or-person-specific,0.84,https://clevelandinternationalhalloffame.com/wp-content/uploads/2018/06/cihf-c-rocky-perk-2.jpg,https://clevelandinternationalhalloffame.com/inductees-europe/ralph-perk-jr/,500,490,Judge Ralph Perk Jr. gives acceptance speech at his induction into the Cleveland International Hall of Fame,true
ralph-perk-jr-2018,Ralph Perk Jr.,2018,portrait-or-person-specific,0.84,https://clevelandinternationalhalloffame.com/wp-content/uploads/2018/06/cihf-c-rocky-perk.jpg,https://clevelandinternationalhalloffame.com/inductees-europe/ralph-perk-jr/,500,507,Judge Ralph Perk Jr. gives acceptance speech at his induction into the Cleveland International Hall of Fame,true
ralph-perk-jr-2018,Ralph Perk Jr.,2018,portrait-or-person-specific,0.84,https://clevelandinternationalhalloffame.com/wp-content/uploads/2018/06/cihf-cp-tanaka-perk-bejjani.jpg,https://clevelandinternationalhalloffame.com/inductees-europe/ralph-perk-jr/,500,358,"MC Chris Tanaka, inductee Ralph Perk Jr. and Pierre Bejjani",true
ralph-perk-jr-2018,Ralph Perk Jr.,2018,portrait-or-person-specific,0.84,https://clevelandinternationalhalloffame.com/wp-content/uploads/2018/06/cihf-cp-anjan-23.jpg,https://clevelandinternationalhalloffame.com/inductees-europe/ralph-perk-jr/,500,394,Everyone wanted a photo with the new inductee Ralph Perk Jr.,true
ralph-perk-jr-2018,Ralph Perk Jr.,2018,portrait-or-person-specific,0.84,https://clevelandinternationalhalloffame.com/wp-content/uploads/2018/03/ralph-perk-jr-b.jpg,https://clevelandinternationalhalloffame.com/inductees-europe/ralph-perk-jr/,500,604,"Ralph J. Perk, Jr.",true
ramesh-shah-2020,Ramesh Shah,2020,portrait-or-person-specific,0.84,https://clevelandinternationalhalloffame.com/wp-content/uploads/2021/06/sudarshan-ramesh-jaya-param-baiju-600x470.jpg,https://clevelandinternationalhalloffame.com/ramesh-shah/,1024,803,"Sudarshan Sathe, Ramesh Shah, Jaya Shah, Paramjit Singh and Baiju Shah in front of the Gandhi statue in the India Cultural Garden",true
ramesh-shah-2020,Ramesh Shah,2020,portrait-or-person-specific,0.84,https://clevelandinternationalhalloffame.com/wp-content/uploads/2021/06/sudarshan-ramesh-600x556.jpg,https://clevelandinternationalhalloffame.com/ramesh-shah/,1024,949,Sudarshan Sathe hands Ramesh Shah his award,true
ramesh-shah-2020,Ramesh Shah,2020,portrait-or-person-specific,0.84,https://clevelandinternationalhalloffame.com/wp-content/uploads/2021/06/jaya-ramesh-baiju-1-600x661.jpg,https://clevelandinternationalhalloffame.com/ramesh-shah/,929,1024,"Dr Jaya Shah, Ramesh Shah and son Baiju Shah",true
ramesh-shah-2020,Ramesh Shah,2020,portrait-or-person-specific,0.84,https://clevelandinternationalhalloffame.com/wp-content/uploads/2021/06/sudarshan-ramesh-paramjit-600x556.jpg,https://clevelandinternationalhalloffame.com/inductees/ramesh-shah/,768,712,"Sudarshan Sathe, Ramesh Shah and Paramjit Singh",true
ramesh-shah-2020,Ramesh Shah,2020,portrait-or-person-specific,0.84,https://clevelandinternationalhalloffame.com/wp-content/uploads/2021/06/jaya-ramesh-baiju-600x661.jpg,https://clevelandinternationalhalloffame.com/inductees/ramesh-shah/,697,768,"Dr. Jaya Shah, Ramesh Shah and Baiju Shah",true
ray-pianka-2018,Ray Pianka,2018,portrait-or-person-specific,0.84,https://clevelandinternationalhalloffame.com/wp-content/uploads/2018/03/ray-pianka-214x300.jpg,https://clevelandinternationalhalloffame.com/inductees-europe/ray-pianka/,500,700,Judge Ray Pianka,true
ray-pianka-2018,Ray Pianka,2018,portrait-or-person-specific,0.84,https://www.clevelandpeople.com/images/hof/hof-2018/cihf-c-tony-brancatelli-3.jpg,https://clevelandinternationalhalloffame.com/inductees-europe/ray-pianka/,500,338,Coucilman Anthony (Tony) Brancatelli inducts Judge Ray Pianka,true
ray-pianka-2018,Ray Pianka,2018,portrait-or-person-specific,0.84,https://www.clevelandpeople.com/images/hof/hof-2018/cihf-c-tony-brancatelli-2.jpg,https://clevelandinternationalhalloffame.com/inductees-europe/ray-pianka/,500,422,Coucilman Anthony (Tony) Brancatelli inducts Judge Ray Pianka,true
ray-pianka-2018,Ray Pianka,2018,portrait-or-person-specific,0.84,https://www.clevelandpeople.com/images/hof/hof-2018/cihf-c-tony-brancatelli-5.jpg,https://clevelandinternationalhalloffame.com/inductees-europe/ray-pianka/,500,434,Coucilman Anthony (Tony) Brancatelli inducts Judge Ray Pianka,true
ray-pianka-2018,Ray Pianka,2018,portrait-or-person-specific,0.84,https://www.clevelandpeople.com/images/hof/hof-2018/cihf-c-ray-pianka-3.jpg,https://clevelandinternationalhalloffame.com/inductees-europe/ray-pianka/,500,692,Kirsten Pianka and Karen Pianka with Tony Brancatelli,true
ray-pianka-2018,Ray Pianka,2018,portrait-or-person-specific,0.84,https://www.clevelandpeople.com/images/hof/hof-2018/cihf-c-ray-pianka-2.jpg,https://clevelandinternationalhalloffame.com/inductees-europe/ray-pianka/,500,371,Kirsten Pianka and Karen Pianka with Tony Brancatelli,true
ray-pianka-2018,Ray Pianka,2018,portrait-or-person-specific,0.84,https://www.clevelandpeople.com/images/hof/hof-2018/cihf-c-ray-pianka-4.jpg,https://clevelandinternationalhalloffame.com/inductees-europe/ray-pianka/,500,399,Kirsten Pianka and Karen Pianka accept for Judge Ray Pianka,true
ray-pianka-2018,Ray Pianka,2018,portrait-or-person-specific,0.84,https://www.clevelandpeople.com/images/hof/hof-2018/cihf-c-pianka.jpg,https://clevelandinternationalhalloffame.com/inductees-europe/ray-pianka/,500,385,Kirsten Pianka and Karen Pianka accept for Judge Ray Pianka,true
ray-pianka-2018,Ray Pianka,2018,portrait-or-person-specific,0.84,https://clevelandinternationalhalloffame.com/wp-content/uploads/2018/06/cihf-c-ray-pianka-4.jpg,https://clevelandinternationalhalloffame.com/inductees-europe/ray-pianka/,500,399,Kirsten Pianka and Karen Pianka accept the award for their late father/husband Judge Ray Pianka,true
ray-pianka-2018,Ray Pianka,2018,portrait-or-person-specific,0.84,https://clevelandinternationalhalloffame.com/wp-content/uploads/2018/06/cihf-c-ray-pianka-3.jpg,https://clevelandinternationalhalloffame.com/inductees-europe/ray-pianka/,500,692,"Congratulation Judge Pianka. You were well represented by your family and friends. Kirsten Pianka, Councilman Tony Brancatelli and Karen Pianka",true
ray-pianka-2018,Ray Pianka,2018,portrait-or-person-specific,0.84,https://clevelandinternationalhalloffame.com/wp-content/uploads/2018/06/cihf-c-ray-pianka-2.jpg,https://clevelandinternationalhalloffame.com/inductees-europe/ray-pianka/,500,371,"Kirsten Pianka, Councilman Anthony Brancatelli and Karen Pianka",true
ray-pianka-2018,Ray Pianka,2018,portrait-or-person-specific,0.84,https://clevelandinternationalhalloffame.com/wp-content/uploads/2018/06/cihf-c-pianka.jpg,https://clevelandinternationalhalloffame.com/inductees-europe/ray-pianka/,500,385,Kirsten Pianka and Karen Pianka accept the award for their late father/husband Judge Ray Pianka,true
ray-pianka-2018,Ray Pianka,2018,portrait-or-person-specific,0.84,https://clevelandinternationalhalloffame.com/wp-content/uploads/2018/06/cihf-c-karen-pianka.jpg,https://clevelandinternationalhalloffame.com/inductees-europe/ray-pianka/,500,480,Karen Pianka accepts the Cleveland International Hall of Fame induction award for her late husband Judge Ray Pianka,true
ray-pianka-2018,Ray Pianka,2018,portrait-or-person-specific,0.84,https://clevelandinternationalhalloffame.com/wp-content/uploads/2018/03/ray-pianka.jpg,https://clevelandinternationalhalloffame.com/inductees-europe/ray-pianka/,500,700,Judge Ray Pianka,true
rev-mikhail-mikhail-2016,Rev. Mikhail Mikhail,2016,portrait-or-person-specific,0.84,http://www.clevelandpeople.com/images/hof/hof-2016/rev-mikhail-500.jpg,https://clevelandinternationalhalloffame.com/induction-event-info/rev-mikhail-mikhail/,500,776,Rev. Mikhail Mikhail,true
rev-mikhail-mikhail-2016,Rev. Mikhail Mikhail,2016,portrait-or-person-specific,0.84,https://clevelandinternationalhalloffame.com/wp-content/uploads/2016/10/rev-mikhail-500-193x300.jpg,https://clevelandinternationalhalloffame.com/reverend-mikhail-mikhail-2016/,500,776,Rev. Mikhail Mikhail,true
rev-mikhail-mikhail-2016,Rev. Mikhail Mikhail,2016,portrait-or-person-specific,0.84,https://www.clevelandpeople.com/images/hof/hof-2016/event/father-mikhail-mayor-2.jpg,https://clevelandinternationalhalloffame.com/reverend-mikhail-mikhail-2016/,500,536,Seven Hills Mayor Richard Dell’Aquila inducting Fr. Mikhail Mikhail into the Cleveland International Hall of Fame,true
rev-mikhail-mikhail-2016,Rev. Mikhail Mikhail,2016,portrait-or-person-specific,0.84,https://www.clevelandpeople.com/images/hof/hof-2016/event/father-mikhail-mayor-4.jpg,https://clevelandinternationalhalloffame.com/reverend-mikhail-mikhail-2016/,500,475,Seven Hills Mayor Richard Dell’Aquila inducting Fr. Mikhail Mikhail into the Cleveland International Hall of Fame,true
rev-mikhail-mikhail-2016,Rev. Mikhail Mikhail,2016,portrait-or-person-specific,0.84,https://www.clevelandpeople.com/images/hof/hof-2016/event/father-mikhail-mayor-3.jpg,https://clevelandinternationalhalloffame.com/reverend-mikhail-mikhail-2016/,500,347,Seven Hills Mayor Richard Dell’Aquila inducting Fr. Mikhail Mikhail into the Cleveland International Hall of Fame,true
rev-mikhail-mikhail-2016,Rev. Mikhail Mikhail,2016,portrait-or-person-specific,0.84,https://www.clevelandpeople.com/images/hof/hof-2016/event/father-mikhail-mayor-5.jpg,https://clevelandinternationalhalloffame.com/reverend-mikhail-mikhail-2016/,500,316,Seven Hills Mayor Richard Dell’Aquila inducting Fr. Mikhail Mikhail into the Cleveland International Hall of Fame,true
rev-mikhail-mikhail-2016,Rev. Mikhail Mikhail,2016,portrait-or-person-specific,0.84,https://www.clevelandpeople.com/images/hof/hof-2016/event/father-mikhail-1.jpg,https://clevelandinternationalhalloffame.com/reverend-mikhail-mikhail-2016/,500,410,Fr. Mikhail Edward Mikhail,true
rev-mikhail-mikhail-2016,Rev. Mikhail Mikhail,2016,portrait-or-person-specific,0.84,https://www.clevelandpeople.com/images/hof/hof-2016/event/father-mikhail-bishoy.jpg,https://clevelandinternationalhalloffame.com/reverend-mikhail-mikhail-2016/,500,332,Fr. Mikhail Edward Mikhail and son Bishoy,true
rev-mikhail-mikhail-2016,Rev. Mikhail Mikhail,2016,portrait-or-person-specific,0.84,https://www.clevelandpeople.com/images/hof/hof-2016/event/father-mikhail-jack-kahl.jpg,https://clevelandinternationalhalloffame.com/reverend-mikhail-mikhail-2016/,500,326,Fr. Mikhail Edward Mikhail and Jack Kahl,true
rev-mikhail-mikhail-2016,Rev. Mikhail Mikhail,2016,portrait-or-person-specific,0.84,https://www.clevelandpeople.com/images/hof/hof-2016/event/father-mikhail-maria-pujana.jpg,https://clevelandinternationalhalloffame.com/reverend-mikhail-mikhail-2016/,500,485,Fr. Mikhail Edward Mikhail and Maria Pujana,true
rev-mikhail-mikhail-2016,Rev. Mikhail Mikhail,2016,portrait-or-person-specific,0.84,https://www.clevelandpeople.com/images/hof/hof-2016/event/father-mikhail-mervat-eldabh.jpg,https://clevelandinternationalhalloffame.com/reverend-mikhail-mikhail-2016/,500,329,Mervat Eldabh and Fr. Mikhail Edward Mikhail,true
rev-mikhail-mikhail-2016,Rev. Mikhail Mikhail,2016,portrait-or-person-specific,0.84,https://www.clevelandpeople.com/images/hof/hof-2016/event/father-mikhail-midday-pust.jpg,https://clevelandinternationalhalloffame.com/reverend-mikhail-mikhail-2016/,500,333,"Daughter Sherrie Midday, Fr. Mikhail Edward Mikhail and August Pust",true
rev-mikhail-mikhail-2016,Rev. Mikhail Mikhail,2016,portrait-or-person-specific,0.84,https://www.clevelandpeople.com/images/hof/hof-2016/event/father-mikhail-priest.jpg,https://clevelandinternationalhalloffame.com/reverend-mikhail-mikhail-2016/,500,391,Fr. Mikhail Edward Mikhail and priest,true
rev-mikhail-mikhail-2016,Rev. Mikhail Mikhail,2016,portrait-or-person-specific,0.84,https://www.clevelandpeople.com/images/hof/hof-2016/event/father-mikhail-crowd.jpg,https://clevelandinternationalhalloffame.com/reverend-mikhail-mikhail-2016/,500,304,Singing to Fr. Mikhail Edward Mikhail,true
rev-mikhail-mikhail-2016,Rev. Mikhail Mikhail,2016,portrait-or-person-specific,0.84,https://www.clevelandpeople.com/images/hof/hof-2016/event/people-group.jpg,https://clevelandinternationalhalloffame.com/reverend-mikhail-mikhail-2016/,500,332,Singing to Fr. Mikhail Edward Mikhail,true
rev-mikhail-mikhail-2016,Rev. Mikhail Mikhail,2016,portrait-or-person-specific,0.84,https://www.clevelandpeople.com/images/hof/hof-2016/event/people-group-2.jpg,https://clevelandinternationalhalloffame.com/reverend-mikhail-mikhail-2016/,500,347,Singing to Fr. Mikhail Edward Mikhail,true
rev-mikhail-mikhail-2016,Rev. Mikhail Mikhail,2016,portrait-or-person-specific,0.84,https://clevelandinternationalhalloffame.com/wp-content/uploads/2016/10/rev-mikhail-mikhail.jpg,https://clevelandinternationalhalloffame.com/reverend-mikhail-mikhail-2016/,500,408,Reverend Mikhail in Cleveland International Hall of Fame,true
rev-mikhail-mikhail-2016,Rev. Mikhail Mikhail,2016,portrait-or-person-specific,0.84,https://clevelandinternationalhalloffame.com/wp-content/uploads/2016/10/mayor-dellaquilla-rev-mikhail.jpg,https://clevelandinternationalhalloffame.com/reverend-mikhail-mikhail-2016/,500,353,Seven Hills Mayor Richard Dell'Aquila and Reverend Mikhail Mikhail,true
rev-mikhail-mikhail-2016,Rev. Mikhail Mikhail,2016,portrait-or-person-specific,0.84,https://clevelandinternationalhalloffame.com/wp-content/uploads/2016/10/rev-mikhail-500.jpg,https://clevelandinternationalhalloffame.com/reverend-mikhail-mikhail-2016/,500,776,Rev. Mikhail Mikhail,true
richard-a-ganim-2015,Richard A. Ganim,2015,portrait-or-person-specific,0.84,https://www.clevelandpeople.com/images/hof/hof-2015/event/richard-ganim-5.jpg,https://clevelandinternationalhalloffame.com/richard-ganim-2015/,500,460,Pierre Bejjani inducting Mayor Richard Ganim,true
richard-a-ganim-2015,Richard A. Ganim,2015,portrait-or-person-specific,0.84,https://www.clevelandpeople.com/images/hof/hof-2015/event/richard-ganim-3.jpg,https://clevelandinternationalhalloffame.com/richard-ganim-2015/,500,463,Pierre Bejjani inducting Mayor Richard Ganim,true
richard-a-ganim-2015,Richard A. Ganim,2015,portrait-or-person-specific,0.84,https://www.clevelandpeople.com/images/hof/hof-2015/event/richard-ganim-6.jpg,https://clevelandinternationalhalloffame.com/richard-ganim-2015/,500,361,Seven Hills Mayor with Betsy Ganim and Pierre Bejjani,true
richard-a-ganim-2015,Richard A. Ganim,2015,portrait-or-person-specific,0.84,https://www.clevelandpeople.com/images/hof/hof-2015/event/richard-ganim--wife.jpg,https://clevelandinternationalhalloffame.com/richard-ganim-2015/,500,450,Mayor Ganim's daughter Betsy giving her dad's acceptance speech,true
richard-a-ganim-2015,Richard A. Ganim,2015,portrait-or-person-specific,0.84,https://www.clevelandpeople.com/images/hof/hof-2015/event/richard-ganim-4.jpg,https://clevelandinternationalhalloffame.com/richard-ganim-2015/,500,497,Mayor Ganim's daughter Betsy giving her dad's acceptance speech,true
richard-a-ganim-2015,Richard A. Ganim,2015,portrait-or-person-specific,0.84,https://www.clevelandpeople.com/images/hof/hof-2015/event/richard-ganim-7.jpg,https://clevelandinternationalhalloffame.com/richard-ganim-2015/,500,423,Mayor Ganim's daughter Betsy giving her dad's acceptance speech,true
richard-fleischman-2019,Richard Fleischman,2019,portrait-or-person-specific,0.84,https://clevelandinternationalhalloffame.com/wp-content/uploads/2019/05/richard-fleischman-ernie-mihaly-3-300x284.jpg,https://clevelandinternationalhalloffame.com/richard-fleischman/,500,473,Hungarian community leader Ernie Mihaly inducts architect Richard Fleischman into the Cleveland International Hall of Fame.,true
richard-fleischman-2019,Richard Fleischman,2019,portrait-or-person-specific,0.84,https://clevelandinternationalhalloffame.com/wp-content/uploads/2019/05/richard-fleischman-ernie-mihaly-2-300x231.jpg,https://clevelandinternationalhalloffame.com/richard-fleischman/,500,385,Ernie Mihaly and Richard Fleischman,true
richard-fleischman-2019,Richard Fleischman,2019,portrait-or-person-specific,0.84,https://clevelandinternationalhalloffame.com/wp-content/uploads/2019/05/richard-fleischman-1-300x277.jpg,https://clevelandinternationalhalloffame.com/richard-fleischman/,500,461,Richard Fleischman gives his induction speech at the Cleveland International Hall of Fame,true
richard-fleischman-2019,Richard Fleischman,2019,portrait-or-person-specific,0.84,https://clevelandinternationalhalloffame.com/wp-content/uploads/2019/05/richard-fleischman-3-300x270.jpg,https://clevelandinternationalhalloffame.com/richard-fleischman/,500,450,Richard Fleischman gives his induction speech at the Cleveland International Hall of Fame,true
richard-fleischman-2019,Richard Fleischman,2019,portrait-or-person-specific,0.84,https://clevelandinternationalhalloffame.com/wp-content/uploads/2019/05/richard-fleischman-4-300x235.jpg,https://clevelandinternationalhalloffame.com/richard-fleischman/,500,392,Richard Fleischman gives his induction speech at the Cleveland International Hall of Fame,true
richard-fleischman-2019,Richard Fleischman,2019,portrait-or-person-specific,0.84,https://clevelandinternationalhalloffame.com/wp-content/uploads/2019/05/richard-fleischman-daughter-300x254.jpg,https://clevelandinternationalhalloffame.com/richard-fleischman/,500,424,Richard Fleischman with daughter and friends,true
richard-fleischman-2019,Richard Fleischman,2019,portrait-or-person-specific,0.84,https://clevelandinternationalhalloffame.com/wp-content/uploads/2019/05/crowd-anjan-3-300x241.jpg,https://clevelandinternationalhalloffame.com/richard-fleischman/,500,401,Richard Fleischman daughters,true
richard-fleischman-2019,Richard Fleischman,2019,portrait-or-person-specific,0.84,https://clevelandinternationalhalloffame.com/wp-content/uploads/2019/05/crowd-cihf-2019-12-300x205.jpg,https://clevelandinternationalhalloffame.com/richard-fleischman/,500,342,Richard Fleischman at Cleveland International Hall of Fame,true
richard-fleischman-2019,Richard Fleischman,2019,portrait-or-person-specific,0.84,https://clevelandinternationalhalloffame.com/wp-content/uploads/2019/05/richard-fleischman-daughter.jpg,https://clevelandinternationalhalloffame.com/richard-fleischman/,500,424,,true
richard-fleischman-2019,Richard Fleischman,2019,portrait-or-person-specific,0.84,https://clevelandinternationalhalloffame.com/wp-content/uploads/2019/05/richard-fleischman-4.jpg,https://clevelandinternationalhalloffame.com/richard-fleischman/,500,392,,true
richard-fleischman-2019,Richard Fleischman,2019,portrait-or-person-specific,0.84,https://clevelandinternationalhalloffame.com/wp-content/uploads/2019/05/richard-fleischman-3.jpg,https://clevelandinternationalhalloffame.com/richard-fleischman/,500,450,,true
richard-fleischman-2019,Richard Fleischman,2019,portrait-or-person-specific,0.84,https://clevelandinternationalhalloffame.com/wp-content/uploads/2019/05/richard-fleischman-1.jpg,https://clevelandinternationalhalloffame.com/richard-fleischman/,500,461,,true
richard-fleischman-2019,Richard Fleischman,2019,portrait-or-person-specific,0.84,https://clevelandinternationalhalloffame.com/wp-content/uploads/2019/05/richard-fleischman-ernie-mihaly-2.jpg,https://clevelandinternationalhalloffame.com/richard-fleischman/,500,385,,true
richard-fleischman-2019,Richard Fleischman,2019,portrait-or-person-specific,0.84,https://clevelandinternationalhalloffame.com/wp-content/uploads/2019/05/richard-fleischman-ernie-mihaly-3.jpg,https://clevelandinternationalhalloffame.com/richard-fleischman/,500,473,,true
sam-kim-2017,Sam Kim,2017,portrait-or-person-specific,0.84,https://clevelandinternationalhalloffame.com/wp-content/uploads/2017/03/sam-kim-500-243x300.jpg,https://clevelandinternationalhalloffame.com/inductees-asia/sam-kim/,500,618,Sam Kim,true
sam-kim-2017,Sam Kim,2017,portrait-or-person-specific,0.84,https://www.clevelandpeople.com/images/hof/hof-2017/ia-sam-kim-ki-kim.jpg,https://clevelandinternationalhalloffame.com/inductees-asia/sam-kim/,500,349,Ki Kim inducting his father Sam Kim,true
sam-kim-2017,Sam Kim,2017,portrait-or-person-specific,0.84,https://www.clevelandpeople.com/images/hof/hof-2017/ih-ki-kim.jpg,https://clevelandinternationalhalloffame.com/inductees-asia/sam-kim/,500,521,Ki Kim inducting his father Sam Kim,true
sam-kim-2017,Sam Kim,2017,portrait-or-person-specific,0.84,https://www.clevelandpeople.com/images/hof/hof-2017/ie-ki-kim.jpg,https://clevelandinternationalhalloffame.com/inductees-asia/sam-kim/,500,442,Ki Kim inducting his father Sam Kim,true
sam-kim-2017,Sam Kim,2017,portrait-or-person-specific,0.84,https://www.clevelandpeople.com/images/hof/hof-2017/ie-ki-sam-kim.jpg,https://clevelandinternationalhalloffame.com/inductees-asia/sam-kim/,500,414,Ki Kim inducting his father Sam Kim,true
sam-kim-2017,Sam Kim,2017,portrait-or-person-specific,0.84,https://www.clevelandpeople.com/images/hof/hof-2017/ia-sam-kim-1.jpg,https://clevelandinternationalhalloffame.com/inductees-asia/sam-kim/,500,501,Seung 'Sam' Kim giving his acceptance remarks,true
sam-kim-2017,Sam Kim,2017,portrait-or-person-specific,0.84,https://www.clevelandpeople.com/images/hof/hof-2017/ie-sam-kim.jpg,https://clevelandinternationalhalloffame.com/inductees-asia/sam-kim/,500,347,Seung 'Sam' Kim giving his acceptance remarks,true
sam-kim-2017,Sam Kim,2017,portrait-or-person-specific,0.84,https://www.clevelandpeople.com/images/hof/hof-2017/ie-sam-kim-1.jpg,https://clevelandinternationalhalloffame.com/inductees-asia/sam-kim/,500,382,Seung 'Sam' Kim giving his acceptance remarks,true
sam-kim-2017,Sam Kim,2017,portrait-or-person-specific,0.84,https://www.clevelandpeople.com/images/hof/hof-2017/ih-sam-kim.jpg,https://clevelandinternationalhalloffame.com/inductees-asia/sam-kim/,500,481,Seung 'Sam' Kim giving his acceptance remarks,true
sam-kim-2017,Sam Kim,2017,portrait-or-person-specific,0.84,https://www.clevelandpeople.com/images/hof/hof-2017/pa-korean-group.jpg,https://clevelandinternationalhalloffame.com/inductees-asia/sam-kim/,500,336,Honoring Sam Kim,true
sam-kim-2017,Sam Kim,2017,portrait-or-person-specific,0.84,https://www.clevelandpeople.com/images/hof/hof-2017/pa-korean-group-2.jpg,https://clevelandinternationalhalloffame.com/inductees-asia/sam-kim/,500,358,Honoring Sam Kim,true
sam-kim-2017,Sam Kim,2017,portrait-or-person-specific,0.84,https://www.clevelandpeople.com/images/hof/hof-2017/pa-sam-kim.jpg,https://clevelandinternationalhalloffame.com/inductees-asia/sam-kim/,500,393,Honoring Sam Kim,true
sam-kim-2017,Sam Kim,2017,portrait-or-person-specific,0.84,https://www.clevelandpeople.com/images/hof/hof-2017/pa-sam-kim-debbie-hanson.jpg,https://clevelandinternationalhalloffame.com/inductees-asia/sam-kim/,500,381,Sam Kim and Debbie Hanson,true
sam-kim-2017,Sam Kim,2017,portrait-or-person-specific,0.84,https://www.clevelandpeople.com/images/hof/hof-2017/pe-2.jpg,https://clevelandinternationalhalloffame.com/inductees-asia/sam-kim/,500,413,Friends and family honoring Sam Kim,true
sam-kim-2017,Sam Kim,2017,portrait-or-person-specific,0.84,https://www.clevelandpeople.com/images/hof/hof-2017/pe-3.jpg,https://clevelandinternationalhalloffame.com/inductees-asia/sam-kim/,500,347,Friends and family honoring Sam Kim,true
sam-kim-2017,Sam Kim,2017,portrait-or-person-specific,0.84,https://www.clevelandpeople.com/images/hof/hof-2017/pe-7.jpg,https://clevelandinternationalhalloffame.com/inductees-asia/sam-kim/,500,340,Friends and family honoring Sam Kim,true
sam-kim-2017,Sam Kim,2017,portrait-or-person-specific,0.84,https://www.clevelandpeople.com/images/hof/hof-2017/pe-sam-kim-margaret-wong.jpg,https://clevelandinternationalhalloffame.com/inductees-asia/sam-kim/,500,411,Sam Kim and Margaret Wong,true
sam-kim-2017,Sam Kim,2017,portrait-or-person-specific,0.84,https://www.clevelandpeople.com/images/hof/hof-2017/pe-sam-kim-group.jpg,https://clevelandinternationalhalloffame.com/inductees-asia/sam-kim/,500,369,Friends and family honoring Sam Kim,true
sam-kim-2017,Sam Kim,2017,portrait-or-person-specific,0.84,https://www.clevelandpeople.com/images/hof/hof-2017/ph-11.jpg,https://clevelandinternationalhalloffame.com/inductees-asia/sam-kim/,500,631,Young Lady honoring Sam Kim,true
sam-kim-2017,Sam Kim,2017,portrait-or-person-specific,0.84,https://www.clevelandpeople.com/images/hof/hof-2017/ph-korean-ladies.jpg,https://clevelandinternationalhalloffame.com/inductees-asia/sam-kim/,500,579,Korean ladies honoring Sam Kim,true
sam-kim-2017,Sam Kim,2017,portrait-or-person-specific,0.84,https://clevelandinternationalhalloffame.com/wp-content/uploads/2017/03/pa-sam-kim.jpg,https://clevelandinternationalhalloffame.com/inductees-asia/sam-kim/,500,393,Sam Kim,true
sam-kim-2017,Sam Kim,2017,portrait-or-person-specific,0.84,https://clevelandinternationalhalloffame.com/wp-content/uploads/2017/03/ih-ki-sam-kim.jpg,https://clevelandinternationalhalloffame.com/inductees-asia/sam-kim/,500,481,Ki Kim and Seung (Sam) Kim,true
sam-kim-2017,Sam Kim,2017,portrait-or-person-specific,0.84,https://clevelandinternationalhalloffame.com/wp-content/uploads/2017/03/ie-sam-kim-1.jpg,https://clevelandinternationalhalloffame.com/inductees-asia/sam-kim/,500,382,Sam Kim,true
sam-kim-2017,Sam Kim,2017,portrait-or-person-specific,0.84,https://clevelandinternationalhalloffame.com/wp-content/uploads/2017/03/ie-sam-kim.jpg,https://clevelandinternationalhalloffame.com/inductees-asia/sam-kim/,500,347,Sam Kim,true
sam-kim-2017,Sam Kim,2017,portrait-or-person-specific,0.84,https://clevelandinternationalhalloffame.com/wp-content/uploads/2017/03/ie-ki-sam-kim.jpg,https://clevelandinternationalhalloffame.com/inductees-asia/sam-kim/,500,414,Ki Kim inducting his father Seung (Sam) Kim in 2017,true
sam-kim-2017,Sam Kim,2017,portrait-or-person-specific,0.84,https://clevelandinternationalhalloffame.com/wp-content/uploads/2017/03/ia-sam-kim-1.jpg,https://clevelandinternationalhalloffame.com/inductees-asia/sam-kim/,500,501,,true
sheila-murphy-crawford-2018,Sheila Murphy Crawford,2018,portrait-or-person-specific,0.84,https://clevelandinternationalhalloffame.com/wp-content/uploads/2018/03/sheila-murphy-crawford-500-246x300.jpg,https://clevelandinternationalhalloffame.com/inductees-europe/sheila-murphy-crawford/,500,610,Sheila Murphy Crawford,true
sheila-murphy-crawford-2018,Sheila Murphy Crawford,2018,portrait-or-person-specific,0.84,https://www.clevelandpeople.com/images/hof/hof-2018/cihf-c-gerry-quinn-sheila-crawford.4.jpg,https://clevelandinternationalhalloffame.com/inductees-europe/sheila-murphy-crawford/,500,595,Gerry Quinn inducts Sheila Murphy Crawford,true
sheila-murphy-crawford-2018,Sheila Murphy Crawford,2018,portrait-or-person-specific,0.84,https://www.clevelandpeople.com/images/hof/hof-2018/cihf-c-gerry-quinn-2.jpg,https://clevelandinternationalhalloffame.com/inductees-europe/sheila-murphy-crawford/,500,457,Gerry Quinn inducts Sheila Murphy Crawford,true
sheila-murphy-crawford-2018,Sheila Murphy Crawford,2018,portrait-or-person-specific,0.84,https://www.clevelandpeople.com/images/hof/hof-2018/cihf-c-gerry-quinn-3.jpg,https://clevelandinternationalhalloffame.com/inductees-europe/sheila-murphy-crawford/,500,411,Gerry Quinn inducts Sheila Murphy Crawford,true
sheila-murphy-crawford-2018,Sheila Murphy Crawford,2018,portrait-or-person-specific,0.84,https://www.clevelandpeople.com/images/hof/hof-2018/cihf-c-gerry-quinn-sheila-crawford.-2.jpg,https://clevelandinternationalhalloffame.com/inductees-europe/sheila-murphy-crawford/,500,467,Gerry Quinn inducts Sheila Murphy Crawford,true
sheila-murphy-crawford-2018,Sheila Murphy Crawford,2018,portrait-or-person-specific,0.84,https://www.clevelandpeople.com/images/hof/hof-2018/cihf-c-gerry-quinn-sheila-crawford.3.jpg,https://clevelandinternationalhalloffame.com/inductees-europe/sheila-murphy-crawford/,500,397,Gerry Quinn inducts Sheila Murphy Crawford,true
sheila-murphy-crawford-2018,Sheila Murphy Crawford,2018,portrait-or-person-specific,0.84,https://www.clevelandpeople.com/images/hof/hof-2018/cihf-c-gerry-quinn-sheila-crawford.jpg,https://clevelandinternationalhalloffame.com/inductees-europe/sheila-murphy-crawford/,500,504,Gerry Quinn inducts Sheila Murphy Crawford,true
sheila-murphy-crawford-2018,Sheila Murphy Crawford,2018,portrait-or-person-specific,0.84,https://www.clevelandpeople.com/images/hof/hof-2018/cihf-c-sheila-murphy-crawford.jpg,https://clevelandinternationalhalloffame.com/inductees-europe/sheila-murphy-crawford/,500,419,Sheila Murphy Crawford giving ve her acceptance remarks,true
sheila-murphy-crawford-2018,Sheila Murphy Crawford,2018,portrait-or-person-specific,0.84,https://www.clevelandpeople.com/images/hof/hof-2018/cihf-c-sheila-murphy-crawford-2.jpg,https://clevelandinternationalhalloffame.com/inductees-europe/sheila-murphy-crawford/,500,487,Sheila Murphy Crawford giving her acceptance remarks,true
sheila-murphy-crawford-2018,Sheila Murphy Crawford,2018,portrait-or-person-specific,0.84,https://www.clevelandpeople.com/images/hof/hof-2018/cihf-c-sheila-murphy-crawford-3.jpg,https://clevelandinternationalhalloffame.com/inductees-europe/sheila-murphy-crawford/,500,512,Sheila Murphy Crawford giving her acceptance remarks,true
sheila-murphy-crawford-2018,Sheila Murphy Crawford,2018,portrait-or-person-specific,0.84,https://www.clevelandpeople.com/images/hof/hof-2018/cihf-c-sheila-murphy-crawford-4.jpg,https://clevelandinternationalhalloffame.com/inductees-europe/sheila-murphy-crawford/,500,606,Sheila Murphy Crawford giving her acceptance remarks,true
sheila-murphy-crawford-2018,Sheila Murphy Crawford,2018,portrait-or-person-specific,0.84,https://www.clevelandpeople.com/images/hof/hof-2018/cihf-c-sheila-murphy-crawford-5.jpg,https://clevelandinternationalhalloffame.com/inductees-europe/sheila-murphy-crawford/,500,441,Sheila Murphy Crawford giving her acceptance remarks,true
sheila-murphy-crawford-2018,Sheila Murphy Crawford,2018,portrait-or-person-specific,0.84,https://www.clevelandpeople.com/images/hof/hof-2018/cihf-p-sheila-crawford-chris-tanaka.jpg,https://clevelandinternationalhalloffame.com/inductees-europe/sheila-murphy-crawford/,500,633,Sheila Murphy Crawford and MC Chris Tanaka,true
sheila-murphy-crawford-2018,Sheila Murphy Crawford,2018,portrait-or-person-specific,0.84,https://www.clevelandpeople.com/images/hof/hof-2018/cihf-p-lady-inductees.jpg,https://clevelandinternationalhalloffame.com/inductees-europe/sheila-murphy-crawford/,500,293,"Karen Pianka, Sister Alicia Alvarado and Sheila Murphy Crawford",true
sheila-murphy-crawford-2018,Sheila Murphy Crawford,2018,portrait-or-person-specific,0.84,https://www.clevelandpeople.com/images/hof/hof-2018/cihf-p-irene-rocky-sheila-gerry.jpg,https://clevelandinternationalhalloffame.com/inductees-europe/sheila-murphy-crawford/,500,498,"Irene Morrow, Gerry Quinn, Sheila Murphy Crawford and Rocky Perk",true
sheila-murphy-crawford-2018,Sheila Murphy Crawford,2018,portrait-or-person-specific,0.84,https://www.clevelandpeople.com/images/hof/hof-2018/cihf-cp-anjan-sheila-bechtel.jpg,https://clevelandinternationalhalloffame.com/inductees-europe/sheila-murphy-crawford/,500,371,Sheila Murphy Crawford with the Bechtels,true
sheila-murphy-crawford-2018,Sheila Murphy Crawford,2018,portrait-or-person-specific,0.84,https://www.clevelandpeople.com/images/hof/hof-2018/cihf-p-crawford-sheila-tanaka.jpg,https://clevelandinternationalhalloffame.com/inductees-europe/sheila-murphy-crawford/,500,632,Bob and Sheila Murphy Crawford with Chris Tanaka,true
sheila-murphy-crawford-2018,Sheila Murphy Crawford,2018,portrait-or-person-specific,0.84,https://www.clevelandpeople.com/images/hof/hof-2018/cihf-c-toast-2.jpg,https://clevelandinternationalhalloffame.com/inductees-europe/sheila-murphy-crawford/,500,334,Sheila Murphy Crawford toasting,true
sheila-murphy-crawford-2018,Sheila Murphy Crawford,2018,portrait-or-person-specific,0.84,https://www.clevelandpeople.com/images/hof/hof-2018/cihf-p-sheila-murphy-group.jpg,https://clevelandinternationalhalloffame.com/inductees-europe/sheila-murphy-crawford/,500,376,Sheila Murphy Crawford group,true
sheila-murphy-crawford-2018,Sheila Murphy Crawford,2018,portrait-or-person-specific,0.84,https://clevelandinternationalhalloffame.com/wp-content/uploads/2018/05/cihf-p-sheila-murphy-group.jpg,https://clevelandinternationalhalloffame.com/inductees-europe/sheila-murphy-crawford/,500,376,Some Murphy Irish Dance alums with Bob and Sheila Murphy Crawford,true
sheila-murphy-crawford-2018,Sheila Murphy Crawford,2018,portrait-or-person-specific,0.84,https://clevelandinternationalhalloffame.com/wp-content/uploads/2018/05/cihf-p-crawford-sheila-tanaka.jpg,https://clevelandinternationalhalloffame.com/inductees-europe/sheila-murphy-crawford/,500,632,Bob and Sheila Murphy Crawford with MC Chris Tanaka,true
sheila-murphy-crawford-2018,Sheila Murphy Crawford,2018,portrait-or-person-specific,0.84,https://clevelandinternationalhalloffame.com/wp-content/uploads/2018/05/cihf-c-sheila-murphy-crawford.jpg,https://clevelandinternationalhalloffame.com/inductees-europe/sheila-murphy-crawford/,500,419,Hall of Fame inductee Sheila Murphy Crawford,true
sheila-murphy-crawford-2018,Sheila Murphy Crawford,2018,portrait-or-person-specific,0.84,https://clevelandinternationalhalloffame.com/wp-content/uploads/2018/05/cihf-c-sheila-murphy-crawford-5.jpg,https://clevelandinternationalhalloffame.com/inductees-europe/sheila-murphy-crawford/,500,441,Sheila Murphy Crawford acceptance speech,true
sheila-murphy-crawford-2018,Sheila Murphy Crawford,2018,portrait-or-person-specific,0.84,https://clevelandinternationalhalloffame.com/wp-content/uploads/2018/05/cihf-c-sheila-murphy-crawford-4.jpg,https://clevelandinternationalhalloffame.com/inductees-europe/sheila-murphy-crawford/,500,606,Sheila Murphy Crawford acceptance speech,true
sheila-murphy-crawford-2018,Sheila Murphy Crawford,2018,portrait-or-person-specific,0.84,https://clevelandinternationalhalloffame.com/wp-content/uploads/2018/05/cihf-c-gerry-quinn-sheila-crawford.5.jpg,https://clevelandinternationalhalloffame.com/inductees-europe/sheila-murphy-crawford/,500,390,Gerry Quinn inducts Sheila Murphy Crawford,true
sheila-murphy-crawford-2018,Sheila Murphy Crawford,2018,portrait-or-person-specific,0.84,https://clevelandinternationalhalloffame.com/wp-content/uploads/2018/05/cihf-c-gerry-quinn-sheila-crawford.4.jpg,https://clevelandinternationalhalloffame.com/inductees-europe/sheila-murphy-crawford/,500,595,Gerry Quinn inducts Sheila Murphy Crawford,true
sheila-murphy-crawford-2018,Sheila Murphy Crawford,2018,portrait-or-person-specific,0.84,https://clevelandinternationalhalloffame.com/wp-content/uploads/2018/05/cihf-c-gerry-quinn-sheila-crawford.3.jpg,https://clevelandinternationalhalloffame.com/inductees-europe/sheila-murphy-crawford/,500,397,Gerry Quinn inducts Sheila Murphy Crawford,true
sheila-murphy-crawford-2018,Sheila Murphy Crawford,2018,portrait-or-person-specific,0.84,https://clevelandinternationalhalloffame.com/wp-content/uploads/2018/05/cihf-c-sheila-murphy-crawford-3.jpg,https://clevelandinternationalhalloffame.com/inductees-europe/sheila-murphy-crawford/,500,512,Sheila Murphy Crawford inducted into the Cleveland International Hall of Fame,true
sheila-murphy-crawford-2018,Sheila Murphy Crawford,2018,portrait-or-person-specific,0.84,https://clevelandinternationalhalloffame.com/wp-content/uploads/2018/03/sheila-murphy-crawford-500.jpg,https://clevelandinternationalhalloffame.com/inductees-europe/sheila-murphy-crawford/,500,610,Sheila Murphy Crawford,true
shiv-k-aggarwal-2015,Shiv K. Aggarwal,2015,portrait-or-person-specific,0.84,https://www.clevelandpeople.com/images/hof/hof-2015/event/shiv-aggarwal-4.jpg,https://clevelandinternationalhalloffame.com/shiv-k-aggarwal-2015/,500,433,Michael Sreshta inducts Shiv Aggarwal,true
shiv-k-aggarwal-2015,Shiv K. Aggarwal,2015,portrait-or-person-specific,0.84,https://www.clevelandpeople.com/images/hof/hof-2015/event/shiv-aggarwal-sreshta.jpg,https://clevelandinternationalhalloffame.com/shiv-k-aggarwal-2015/,500,512,Michael Sreshta inducts Shiv Aggarwal,true
shiv-k-aggarwal-2015,Shiv K. Aggarwal,2015,portrait-or-person-specific,0.84,https://www.clevelandpeople.com/images/hof/hof-2015/event/shiv-aggarwal-sreshta-2.jpg,https://clevelandinternationalhalloffame.com/shiv-k-aggarwal-2015/,500,471,Michael Sreshta inducts Shiv Aggarwal,true
shiv-k-aggarwal-2015,Shiv K. Aggarwal,2015,portrait-or-person-specific,0.84,https://www.clevelandpeople.com/images/hof/hof-2015/event/shiv-aggarwal-1.jpg,https://clevelandinternationalhalloffame.com/shiv-k-aggarwal-2015/,500,436,Michael Sreshta inducts Shiv Aggarwal,true
shiv-k-aggarwal-2015,Shiv K. Aggarwal,2015,portrait-or-person-specific,0.84,https://www.clevelandpeople.com/images/hof/hof-2015/event/shiv-aggarwal-5.jpg,https://clevelandinternationalhalloffame.com/shiv-k-aggarwal-2015/,500,468,Shiv K. Aggarwal giving his acceptance remarks,true
shiv-k-aggarwal-2015,Shiv K. Aggarwal,2015,portrait-or-person-specific,0.84,https://www.clevelandpeople.com/images/hof/hof-2015/event/shiv-aggarwal-9.jpg,https://clevelandinternationalhalloffame.com/shiv-k-aggarwal-2015/,500,407,Shiv K. Aggarwal giving his acceptance remarks,true
shiv-k-aggarwal-2015,Shiv K. Aggarwal,2015,portrait-or-person-specific,0.84,https://www.clevelandpeople.com/images/hof/hof-2015/event/shiv-aggarwal-2.jpg,https://clevelandinternationalhalloffame.com/shiv-k-aggarwal-2015/,500,435,Shiv K. Aggarwal giving his acceptance remarks,true
shiv-k-aggarwal-2015,Shiv K. Aggarwal,2015,portrait-or-person-specific,0.84,https://www.clevelandpeople.com/images/hof/hof-2015/event/shiv-aggarwal-3.jpg,https://clevelandinternationalhalloffame.com/shiv-k-aggarwal-2015/,500,434,Saroj - Mrs. Shiv K. Aggarwal,true
shiv-k-aggarwal-2015,Shiv K. Aggarwal,2015,portrait-or-person-specific,0.84,https://www.clevelandpeople.com/images/hof/hof-2015/event/shiv-aggarwal-8.jpg,https://clevelandinternationalhalloffame.com/shiv-k-aggarwal-2015/,500,414,Dr. George Daas During Shiv K. Aggarwal giving his acceptance remarks,true
sister-alicia-alvarado-2018,Sister Alicia Alvarado,2018,portrait-or-person-specific,0.84,https://clevelandinternationalhalloffame.com/wp-content/uploads/2018/03/sister-alicia-alvarado-500-200x300.jpg,https://clevelandinternationalhalloffame.com/inductees-south-america/sister-alicia-alvarado/,500,750,"Sister Alicia Alvarado, OP",true
sister-alicia-alvarado-2018,Sister Alicia Alvarado,2018,portrait-or-person-specific,0.84,https://www.clevelandpeople.com/images/hof/hof-2018/cihf-c-jose-feliciano-sister-alvarado-4.jpg,https://clevelandinternationalhalloffame.com/inductees-south-america/sister-alicia-alvarado/,500,688,Jose Feliciano and Sister Alicia Alvarado,true
sister-alicia-alvarado-2018,Sister Alicia Alvarado,2018,portrait-or-person-specific,0.84,https://www.clevelandpeople.com/images/hof/hof-2018/cihf-c-jose-feliciano.jpg,https://clevelandinternationalhalloffame.com/inductees-south-america/sister-alicia-alvarado/,500,379,Jose Feliciano inducts Sister Alicia Alvarado,true
sister-alicia-alvarado-2018,Sister Alicia Alvarado,2018,portrait-or-person-specific,0.84,https://www.clevelandpeople.com/images/hof/hof-2018/cihf-c-jose-feliciano-2.jpg,https://clevelandinternationalhalloffame.com/inductees-south-america/sister-alicia-alvarado/,500,471,Jose Feliciano inducts Sister Alicia Alvarado,true
sister-alicia-alvarado-2018,Sister Alicia Alvarado,2018,portrait-or-person-specific,0.84,https://www.clevelandpeople.com/images/hof/hof-2018/cihf-c-jose-feliciano-sister-alvarado-3.jpg,https://clevelandinternationalhalloffame.com/inductees-south-america/sister-alicia-alvarado/,500,665,Jose Feliciano inducts Sister Alicia Alvarado,true
sister-alicia-alvarado-2018,Sister Alicia Alvarado,2018,portrait-or-person-specific,0.84,https://www.clevelandpeople.com/images/hof/hof-2018/cihf-c-jose-feliciano-sister-alvarado.jpg,https://clevelandinternationalhalloffame.com/inductees-south-america/sister-alicia-alvarado/,500,464,Jose Feliciano inducts Sister Alicia Alvarado,true
sister-alicia-alvarado-2018,Sister Alicia Alvarado,2018,portrait-or-person-specific,0.84,https://www.clevelandpeople.com/images/hof/hof-2018/cihf-c-jose-feliciano-sister-alvarado-5.jpg,https://clevelandinternationalhalloffame.com/inductees-south-america/sister-alicia-alvarado/,500,671,Jose Feliciano inducts Sister Alicia Alvarado,true
sister-alicia-alvarado-2018,Sister Alicia Alvarado,2018,portrait-or-person-specific,0.84,https://www.clevelandpeople.com/images/hof/hof-2018/cihf-c-sister-alicia-alvarado.jpg,https://clevelandinternationalhalloffame.com/inductees-south-america/sister-alicia-alvarado/,500,365,Sister Alicia Alvarado accepting her award,true
sister-alicia-alvarado-2018,Sister Alicia Alvarado,2018,portrait-or-person-specific,0.84,https://www.clevelandpeople.com/images/hof/hof-2018/cihf-c-sister-alicia-alvarado-2.jpg,https://clevelandinternationalhalloffame.com/inductees-south-america/sister-alicia-alvarado/,500,332,Sister Alicia Alvarado accepting her award,true
sister-alicia-alvarado-2018,Sister Alicia Alvarado,2018,portrait-or-person-specific,0.84,https://www.clevelandpeople.com/images/hof/hof-2018/cihf-cp-anjan-sister-alicia-alvarado.jpg,https://clevelandinternationalhalloffame.com/inductees-south-america/sister-alicia-alvarado/,500,634,Sister Alicia Alvarado,true
sister-alicia-alvarado-2018,Sister Alicia Alvarado,2018,portrait-or-person-specific,0.84,https://www.clevelandpeople.com/images/hof/hof-2018/cihf-p-sister-alicia-tv20.jpg,https://clevelandinternationalhalloffame.com/inductees-south-america/sister-alicia-alvarado/,500,448,Sister Alicia Alvarado being interviewed,true
sister-alicia-alvarado-2018,Sister Alicia Alvarado,2018,portrait-or-person-specific,0.84,https://www.clevelandpeople.com/images/hof/hof-2018/cihf-p-jose-feliciano-sister-alicia.jpg,https://clevelandinternationalhalloffame.com/inductees-south-america/sister-alicia-alvarado/,500,365,Jose Feliciano and Sister Alicia Alvarado,true
sister-alicia-alvarado-2018,Sister Alicia Alvarado,2018,portrait-or-person-specific,0.84,https://www.clevelandpeople.com/images/hof/hof-2018/cihf-c-rocky-sister.jpg,https://clevelandinternationalhalloffame.com/inductees-south-america/sister-alicia-alvarado/,500,388,Rocky Perk and Sister Alicia Alvarado,true
sister-alicia-alvarado-2018,Sister Alicia Alvarado,2018,portrait-or-person-specific,0.84,https://www.clevelandpeople.com/images/hof/hof-2018/cihf-cp-anjan-26-sister.jpg,https://clevelandinternationalhalloffame.com/inductees-south-america/sister-alicia-alvarado/,500,387,"Diana Centeno Gomez, Sister Alicia Alvarado and Magda Gomez",true
sister-alicia-alvarado-2018,Sister Alicia Alvarado,2018,portrait-or-person-specific,0.84,https://www.clevelandpeople.com/images/hof/hof-2018/cihf-p-sheila-sister.jpg,https://clevelandinternationalhalloffame.com/inductees-south-america/sister-alicia-alvarado/,500,386,Sheila Crawford and Sister Alicia Alvarado,true
sister-alicia-alvarado-2018,Sister Alicia Alvarado,2018,portrait-or-person-specific,0.84,https://www.clevelandpeople.com/images/hof/hof-2018/cihf-p-lady-inductees.jpg,https://clevelandinternationalhalloffame.com/inductees-south-america/sister-alicia-alvarado/,500,293,"Karen Pianka, Sister Alicia Alvarado and Sheila Crawford",true
sister-alicia-alvarado-2018,Sister Alicia Alvarado,2018,portrait-or-person-specific,0.84,https://clevelandinternationalhalloffame.com/wp-content/uploads/2018/05/cihf-p-jose-feliciano-sister-alicia.jpg,https://clevelandinternationalhalloffame.com/inductees-south-america/sister-alicia-alvarado/,500,365,Jose Feliciano and Sister Alicia Alvarado point to a photo of Judge Villanueva's induction,true
sister-alicia-alvarado-2018,Sister Alicia Alvarado,2018,portrait-or-person-specific,0.84,https://clevelandinternationalhalloffame.com/wp-content/uploads/2018/05/cihf-p-lady-inductees-1.jpg,https://clevelandinternationalhalloffame.com/inductees-south-america/sister-alicia-alvarado/,500,293,"Karen Pianka, Sister Alicia Alvarado and Sheila Murphy Crawford",true
sister-alicia-alvarado-2018,Sister Alicia Alvarado,2018,portrait-or-person-specific,0.84,https://clevelandinternationalhalloffame.com/wp-content/uploads/2018/05/cihf-p-sister-alicia-tv20.jpg,https://clevelandinternationalhalloffame.com/inductees-south-america/sister-alicia-alvarado/,500,448,Sister Alicia Alvarado being interviewed for TV,true
sister-alicia-alvarado-2018,Sister Alicia Alvarado,2018,portrait-or-person-specific,0.84,https://clevelandinternationalhalloffame.com/wp-content/uploads/2018/05/cihf-c-sister-alicia-alvarado-2.jpg,https://clevelandinternationalhalloffame.com/inductees-south-america/sister-alicia-alvarado/,500,332,Sister Alicia Alvarado giving her acceptance speech,true
sister-alicia-alvarado-2018,Sister Alicia Alvarado,2018,portrait-or-person-specific,0.84,https://clevelandinternationalhalloffame.com/wp-content/uploads/2018/05/cihf-c-sister-alicia-alvarado.jpg,https://clevelandinternationalhalloffame.com/inductees-south-america/sister-alicia-alvarado/,500,365,Sister Alicia Alvarado,true
sister-alicia-alvarado-2018,Sister Alicia Alvarado,2018,portrait-or-person-specific,0.84,https://clevelandinternationalhalloffame.com/wp-content/uploads/2018/05/cihf-c-rocky-sister.jpg,https://clevelandinternationalhalloffame.com/inductees-south-america/sister-alicia-alvarado/,500,388,Judge Ralph Perk Jr. and Sister Alicia Alvarado,true
sister-alicia-alvarado-2018,Sister Alicia Alvarado,2018,portrait-or-person-specific,0.84,https://clevelandinternationalhalloffame.com/wp-content/uploads/2018/05/cihf-cp-anjan-sister-alicia-alvarado.jpg,https://clevelandinternationalhalloffame.com/inductees-south-america/sister-alicia-alvarado/,500,634,Sister Alicia Alvarado in Cleveland International Hall of Fame,true
sister-alicia-alvarado-2018,Sister Alicia Alvarado,2018,portrait-or-person-specific,0.84,https://clevelandinternationalhalloffame.com/wp-content/uploads/2018/05/cihf-cp-anjan-26-sister.jpg,https://clevelandinternationalhalloffame.com/inductees-south-america/sister-alicia-alvarado/,500,387,Sister Alicia Alvarado and well wishers,true
sister-alicia-alvarado-2018,Sister Alicia Alvarado,2018,portrait-or-person-specific,0.84,https://clevelandinternationalhalloffame.com/wp-content/uploads/2018/05/cihf-c-karen-pianka-sister-alicia.jpg,https://clevelandinternationalhalloffame.com/inductees-south-america/sister-alicia-alvarado/,500,368,Sister Alicia Alvarado,true
sister-alicia-alvarado-2018,Sister Alicia Alvarado,2018,portrait-or-person-specific,0.84,https://clevelandinternationalhalloffame.com/wp-content/uploads/2018/05/cihf-c-jose-feliciano-sister-alvarado-4.jpg,https://clevelandinternationalhalloffame.com/inductees-south-america/sister-alicia-alvarado/,500,688,Jose Feliciano and Sister Alicia Alvarado,true
sister-alicia-alvarado-2018,Sister Alicia Alvarado,2018,portrait-or-person-specific,0.84,https://clevelandinternationalhalloffame.com/wp-content/uploads/2018/05/cihf-c-jose-feliciano-sister-alvarado-3.jpg,https://clevelandinternationalhalloffame.com/inductees-south-america/sister-alicia-alvarado/,500,665,Jose Feliciano and Sister Alicia Alvarado,true
sister-alicia-alvarado-2018,Sister Alicia Alvarado,2018,portrait-or-person-specific,0.84,https://clevelandinternationalhalloffame.com/wp-content/uploads/2018/05/cihf-c-jose-feliciano-sister-alvarado-2.jpg,https://clevelandinternationalhalloffame.com/inductees-south-america/sister-alicia-alvarado/,500,509,,true
sister-alicia-alvarado-2018,Sister Alicia Alvarado,2018,portrait-or-person-specific,0.84,https://clevelandinternationalhalloffame.com/wp-content/uploads/2018/05/cihf-c-jose-feliciano-sister-alvarado.jpg,https://clevelandinternationalhalloffame.com/inductees-south-america/sister-alicia-alvarado/,500,464,Jose Feliciano and Sister Alicia Alvarado,true
sister-alicia-alvarado-2018,Sister Alicia Alvarado,2018,portrait-or-person-specific,0.84,https://clevelandinternationalhalloffame.com/wp-content/uploads/2018/03/sister-alicia-alvarado-500.jpg,https://clevelandinternationalhalloffame.com/inductees-south-america/sister-alicia-alvarado/,500,750,"Sister Alicia Alvarado, OP",true
sree-sreenath-2019,Sree Sreenath,2019,portrait-or-person-specific,0.84,https://clevelandinternationalhalloffame.com/wp-content/uploads/2019/03/sree-sreenath.jpg,https://clevelandinternationalhalloffame.com/sree-sreenath/,533,768,"Sree N. Sreenath, Ph.D., MNO",true
sree-sreenath-2019,Sree Sreenath,2019,portrait-or-person-specific,0.84,https://clevelandinternationalhalloffame.com/wp-content/uploads/2019/05/sree-sreenath-ramesh-shah-2-300x284.jpg,https://clevelandinternationalhalloffame.com/sree-sreenath/,500,474,"Ramesh Shah of the Association of Indian Physicians of Northern Ohio inducts Sree Sreenath PhD, into the Cleveland International Hall of Fame.",true
sree-sreenath-2019,Sree Sreenath,2019,portrait-or-person-specific,0.84,https://clevelandinternationalhalloffame.com/wp-content/uploads/2019/05/sree-sreenath-ramesh-shah-300x254.jpg,https://clevelandinternationalhalloffame.com/sree-sreenath/,500,423,Ramesh Shah and Sree Sreenath,true
sree-sreenath-2019,Sree Sreenath,2019,portrait-or-person-specific,0.84,https://clevelandinternationalhalloffame.com/wp-content/uploads/2019/05/sree-sreenath-7-300x279.jpg,https://clevelandinternationalhalloffame.com/sree-sreenath/,500,465,Sree Sreenath induction speech at the Cleveland International Hall of Fame,true
sree-sreenath-2019,Sree Sreenath,2019,portrait-or-person-specific,0.84,https://clevelandinternationalhalloffame.com/wp-content/uploads/2019/05/sree-sreenath-5-300x229.jpg,https://clevelandinternationalhalloffame.com/sree-sreenath/,500,382,Sree Sreenath induction speech at the Cleveland International Hall of Fame,true
sree-sreenath-2019,Sree Sreenath,2019,portrait-or-person-specific,0.84,https://clevelandinternationalhalloffame.com/wp-content/uploads/2019/05/sree-sreenath-6-300x287.jpg,https://clevelandinternationalhalloffame.com/sree-sreenath/,500,479,Sree Sreenath induction speech at the Cleveland International Hall of Fame,true
sree-sreenath-2019,Sree Sreenath,2019,portrait-or-person-specific,0.84,https://clevelandinternationalhalloffame.com/wp-content/uploads/2019/05/sree-sreenath-father-kiran-300x207.jpg,https://clevelandinternationalhalloffame.com/sree-sreenath/,500,345,Father Kiran and Sree Sreenath,true
sree-sreenath-2019,Sree Sreenath,2019,portrait-or-person-specific,0.84,https://clevelandinternationalhalloffame.com/wp-content/uploads/2019/05/sree-sreenath-9-300x268.jpg,https://clevelandinternationalhalloffame.com/sree-sreenath/,500,446,Nair Sreedhar and Sree Sreenath,true
sree-sreenath-2019,Sree Sreenath,2019,portrait-or-person-specific,0.84,https://clevelandinternationalhalloffame.com/wp-content/uploads/2019/05/sree-sreenath-group-300x187.jpg,https://clevelandinternationalhalloffame.com/sree-sreenath/,500,311,Sree Sreenath and friends,true
sree-sreenath-2019,Sree Sreenath,2019,portrait-or-person-specific,0.84,https://clevelandinternationalhalloffame.com/wp-content/uploads/2019/05/sree-sreenath-8-1-300x260.jpg,https://clevelandinternationalhalloffame.com/sree-sreenath/,500,433,Sree Sreenath,true
sree-sreenath-2019,Sree Sreenath,2019,portrait-or-person-specific,0.84,https://clevelandinternationalhalloffame.com/wp-content/uploads/2019/05/sree-sreenath-8-1.jpg,https://clevelandinternationalhalloffame.com/sree-sreenath/,500,433,,true
sree-sreenath-2019,Sree Sreenath,2019,portrait-or-person-specific,0.84,https://clevelandinternationalhalloffame.com/wp-content/uploads/2019/05/sree-sreenath-8.jpg,https://clevelandinternationalhalloffame.com/sree-sreenath/,500,433,,true
sree-sreenath-2019,Sree Sreenath,2019,portrait-or-person-specific,0.84,https://clevelandinternationalhalloffame.com/wp-content/uploads/2019/05/sree-sreenath-group.jpg,https://clevelandinternationalhalloffame.com/sree-sreenath/,500,311,,true
sree-sreenath-2019,Sree Sreenath,2019,portrait-or-person-specific,0.84,https://clevelandinternationalhalloffame.com/wp-content/uploads/2019/05/sree-sreenath-9.jpg,https://clevelandinternationalhalloffame.com/sree-sreenath/,500,446,,true
sree-sreenath-2019,Sree Sreenath,2019,portrait-or-person-specific,0.84,https://clevelandinternationalhalloffame.com/wp-content/uploads/2019/05/sree-sreenath-father-kiran.jpg,https://clevelandinternationalhalloffame.com/sree-sreenath/,500,345,,true
sree-sreenath-2019,Sree Sreenath,2019,portrait-or-person-specific,0.84,https://clevelandinternationalhalloffame.com/wp-content/uploads/2019/05/sree-sreenath-6.jpg,https://clevelandinternationalhalloffame.com/sree-sreenath/,500,479,,true
sree-sreenath-2019,Sree Sreenath,2019,portrait-or-person-specific,0.84,https://clevelandinternationalhalloffame.com/wp-content/uploads/2019/05/sree-sreenath-5.jpg,https://clevelandinternationalhalloffame.com/sree-sreenath/,500,382,,true
sree-sreenath-2019,Sree Sreenath,2019,portrait-or-person-specific,0.84,https://clevelandinternationalhalloffame.com/wp-content/uploads/2019/05/sree-sreenath-7.jpg,https://clevelandinternationalhalloffame.com/sree-sreenath/,500,465,,true
sree-sreenath-2019,Sree Sreenath,2019,portrait-or-person-specific,0.84,https://clevelandinternationalhalloffame.com/wp-content/uploads/2019/05/sree-sreenath-ramesh-shah.jpg,https://clevelandinternationalhalloffame.com/sree-sreenath/,500,423,,true
sree-sreenath-2019,Sree Sreenath,2019,portrait-or-person-specific,0.84,https://clevelandinternationalhalloffame.com/wp-content/uploads/2019/05/sree-sreenath-ramesh-shah-2.jpg,https://clevelandinternationalhalloffame.com/sree-sreenath/,500,474,,true
steve-mulloy-2015,Steve Mulloy,2015,portrait-or-person-specific,0.84,https://www.clevelandpeople.com/images/hof/hof-2015/event/steve-mulloy-2.jpg,https://clevelandinternationalhalloffame.com/steve-mulloy-2015/,500,502,Tom Mulloy and Mayor Jane Campbell,true
steve-mulloy-2015,Steve Mulloy,2015,portrait-or-person-specific,0.84,https://www.clevelandpeople.com/images/hof/hof-2015/event/steve-mulloy-4-jane-campbell.jpg,https://clevelandinternationalhalloffame.com/steve-mulloy-2015/,500,408,Mayor Jane Campbell inducting Steve Mulloy,true
steve-mulloy-2015,Steve Mulloy,2015,portrait-or-person-specific,0.84,https://www.clevelandpeople.com/images/hof/hof-2015/event/steve-mulloy-5-jane-campbell.jpg,https://clevelandinternationalhalloffame.com/steve-mulloy-2015/,500,457,Mayor Jane Campbell inducting Steve Mulloy,true
steve-mulloy-2015,Steve Mulloy,2015,portrait-or-person-specific,0.84,https://www.clevelandpeople.com/images/hof/hof-2015/event/steve-mulloy-8-jane-campbell.jpg,https://clevelandinternationalhalloffame.com/steve-mulloy-2015/,500,355,Mayor Jane Campbell inducting Steve Mulloy,true
steve-mulloy-2015,Steve Mulloy,2015,portrait-or-person-specific,0.84,https://www.clevelandpeople.com/images/hof/hof-2015/event/steve-mulloy.jpg,https://clevelandinternationalhalloffame.com/steve-mulloy-2015/,500,453,Tom Mulloy accepting for his father Steve Mulloy,true
steve-mulloy-2015,Steve Mulloy,2015,portrait-or-person-specific,0.84,https://www.clevelandpeople.com/images/hof/hof-2015/event/steve-mulloy-3.jpg,https://clevelandinternationalhalloffame.com/steve-mulloy-2015/,500,458,Tom Mulloy accepting for his father Steve Mulloy,true
steve-mulloy-2015,Steve Mulloy,2015,portrait-or-person-specific,0.84,https://www.clevelandpeople.com/images/hof/hof-2015/event/steve-mulloy-9-jane-campbell.jpg,https://clevelandinternationalhalloffame.com/steve-mulloy-2015/,500,457,Tom Mulloy and Jane Campbell,true
sudarshan-sathe-2023,Sudarshan Sathe,2023,portrait-or-person-specific,0.84,https://clevelandinternationalhalloffame.com/wp-content/uploads/2023/04/s-sudarshan-sathe-1-300x259.jpg,https://clevelandinternationalhalloffame.com/sudarshan-sathe/,500,431,,true
sudarshan-sathe-2023,Sudarshan Sathe,2023,portrait-or-person-specific,0.84,https://clevelandinternationalhalloffame.com/wp-content/uploads/2023/04/s-sudarshan-sathe-3-300x246.jpg,https://clevelandinternationalhalloffame.com/sudarshan-sathe/,500,410,,true
sudarshan-sathe-2023,Sudarshan Sathe,2023,portrait-or-person-specific,0.84,https://clevelandinternationalhalloffame.com/wp-content/uploads/2023/04/s-sudarshan-sathe-baiju-2-300x271.jpg,https://clevelandinternationalhalloffame.com/sudarshan-sathe/,500,452,,true
sudarshan-sathe-2023,Sudarshan Sathe,2023,portrait-or-person-specific,0.84,https://clevelandinternationalhalloffame.com/wp-content/uploads/2023/04/s-sudarshan-sathe-baiju-2.jpg,https://clevelandinternationalhalloffame.com/sudarshan-sathe/,500,452,,true
sudarshan-sathe-2023,Sudarshan Sathe,2023,portrait-or-person-specific,0.84,https://clevelandinternationalhalloffame.com/wp-content/uploads/2023/04/s-sudarshan-sathe-3.jpg,https://clevelandinternationalhalloffame.com/sudarshan-sathe/,500,410,,true
sudarshan-sathe-2023,Sudarshan Sathe,2023,portrait-or-person-specific,0.84,https://clevelandinternationalhalloffame.com/wp-content/uploads/2023/04/s-sudarshan-sathe-1.jpg,https://clevelandinternationalhalloffame.com/sudarshan-sathe/,500,431,,true
svetlana-stolyarova-2025,Svetlana Stolyarova,2025,portrait-or-person-specific,0.84,https://clevelandinternationalhalloffame.com/wp-content/uploads/2025/05/svetlana-stolyarova1-225x300.jpg,https://clevelandinternationalhalloffame.com/svetlana-stolyarova/,500,667,,true
svetlana-stolyarova-2025,Svetlana Stolyarova,2025,portrait-or-person-specific,0.84,https://clevelandinternationalhalloffame.com/wp-content/uploads/2025/05/svetlana-stolyarova-class-picture1-224x300.jpg,https://clevelandinternationalhalloffame.com/svetlana-stolyarova/,500,670,,true
svetlana-stolyarova-2025,Svetlana Stolyarova,2025,portrait-or-person-specific,0.84,https://clevelandinternationalhalloffame.com/wp-content/uploads/2025/05/svetlana-stolyarova-induction-21-150x150.jpg,https://clevelandinternationalhalloffame.com/svetlana-stolyarova/,500,502,,true
svetlana-stolyarova-2025,Svetlana Stolyarova,2025,portrait-or-person-specific,0.84,https://clevelandinternationalhalloffame.com/wp-content/uploads/2025/05/svetlana-stolyarova-induction-31-300x290.jpg,https://clevelandinternationalhalloffame.com/svetlana-stolyarova/,500,484,,true
svetlana-stolyarova-2025,Svetlana Stolyarova,2025,portrait-or-person-specific,0.84,https://clevelandinternationalhalloffame.com/wp-content/uploads/2025/05/svetlana-stolyarova-induction-41-300x266.jpg,https://clevelandinternationalhalloffame.com/svetlana-stolyarova/,500,444,,true
svetlana-stolyarova-2025,Svetlana Stolyarova,2025,portrait-or-person-specific,0.84,https://clevelandinternationalhalloffame.com/wp-content/uploads/2025/05/svetlana-stolyarova-induction-51-300x264.jpg,https://clevelandinternationalhalloffame.com/svetlana-stolyarova/,500,440,,true
svetlana-stolyarova-2025,Svetlana Stolyarova,2025,portrait-or-person-specific,0.84,https://clevelandinternationalhalloffame.com/wp-content/uploads/2025/05/svetlana-stolyarova-induction-61-288x300.jpg,https://clevelandinternationalhalloffame.com/svetlana-stolyarova/,500,521,,true
svetlana-stolyarova-2025,Svetlana Stolyarova,2025,portrait-or-person-specific,0.84,https://clevelandinternationalhalloffame.com/wp-content/uploads/2025/05/svetlana-stolyarova-induction-71-300x236.jpg,https://clevelandinternationalhalloffame.com/svetlana-stolyarova/,500,394,,true
svetlana-stolyarova-2025,Svetlana Stolyarova,2025,portrait-or-person-specific,0.84,https://clevelandinternationalhalloffame.com/wp-content/uploads/2025/05/svetlana-stolyarova-induction-81-300x258.jpg,https://clevelandinternationalhalloffame.com/svetlana-stolyarova/,500,430,,true
svetlana-stolyarova-2025,Svetlana Stolyarova,2025,portrait-or-person-specific,0.84,https://clevelandinternationalhalloffame.com/wp-content/uploads/2025/05/svetlana-stolyarova-induction-91-277x300.jpg,https://clevelandinternationalhalloffame.com/svetlana-stolyarova/,500,541,,true
svetlana-stolyarova-2025,Svetlana Stolyarova,2025,portrait-or-person-specific,0.84,https://clevelandinternationalhalloffame.com/wp-content/uploads/2025/05/svetlana-stolyarova-induction-101-300x229.jpg,https://clevelandinternationalhalloffame.com/svetlana-stolyarova/,500,381,,true
svetlana-stolyarova-2025,Svetlana Stolyarova,2025,portrait-or-person-specific,0.84,https://clevelandinternationalhalloffame.com/wp-content/uploads/2025/05/svetlana-stolyarova-induction-111-300x247.jpg,https://clevelandinternationalhalloffame.com/svetlana-stolyarova/,500,411,,true
svetlana-stolyarova-2025,Svetlana Stolyarova,2025,portrait-or-person-specific,0.84,https://clevelandinternationalhalloffame.com/wp-content/uploads/2025/05/svetlana-stolyarova-induction-121-300x269.jpg,https://clevelandinternationalhalloffame.com/svetlana-stolyarova/,500,449,,true
svetlana-stolyarova-2025,Svetlana Stolyarova,2025,portrait-or-person-specific,0.84,https://clevelandinternationalhalloffame.com/wp-content/uploads/2025/05/svetlana-stolyarova-induction-141-300x250.jpg,https://clevelandinternationalhalloffame.com/svetlana-stolyarova/,500,416,,true
svetlana-stolyarova-2025,Svetlana Stolyarova,2025,portrait-or-person-specific,0.84,https://clevelandinternationalhalloffame.com/wp-content/uploads/2025/05/svetlana-stolyarova-group1-300x182.jpg,https://clevelandinternationalhalloffame.com/svetlana-stolyarova/,500,304,,true
svetlana-stolyarova-2025,Svetlana Stolyarova,2025,portrait-or-person-specific,0.84,https://clevelandinternationalhalloffame.com/wp-content/uploads/2025/05/svetlana-stolyarova-induction-wael-khoury1-300x295.jpg,https://clevelandinternationalhalloffame.com/svetlana-stolyarova/,500,491,,true
svetlana-stolyarova-2025,Svetlana Stolyarova,2025,portrait-or-person-specific,0.84,https://clevelandinternationalhalloffame.com/wp-content/uploads/2025/05/svetlana-stolyarova-pierre-bejjani-21-300x221.jpg,https://clevelandinternationalhalloffame.com/svetlana-stolyarova/,500,368,,true
svetlana-stolyarova-2025,Svetlana Stolyarova,2025,portrait-or-person-specific,0.84,https://clevelandinternationalhalloffame.com/wp-content/uploads/2025/05/svetlana-stolyarova-pose-11-300x253.jpg,https://clevelandinternationalhalloffame.com/svetlana-stolyarova/,500,422,,true
svetlana-stolyarova-2025,Svetlana Stolyarova,2025,portrait-or-person-specific,0.84,https://clevelandinternationalhalloffame.com/wp-content/uploads/2025/05/svetlana-stolyarova-pose-21-300x247.jpg,https://clevelandinternationalhalloffame.com/svetlana-stolyarova/,500,411,,true
svetlana-stolyarova-2025,Svetlana Stolyarova,2025,portrait-or-person-specific,0.84,https://clevelandinternationalhalloffame.com/wp-content/uploads/2025/05/svetlana-stolyarova-pose-31-300x251.jpg,https://clevelandinternationalhalloffame.com/svetlana-stolyarova/,500,419,,true
svetlana-stolyarova-2025,Svetlana Stolyarova,2025,portrait-or-person-specific,0.84,https://clevelandinternationalhalloffame.com/wp-content/uploads/2025/05/svetlana-stolyarova-pose-41-260x300.jpg,https://clevelandinternationalhalloffame.com/svetlana-stolyarova/,500,576,,true
svetlana-stolyarova-2025,Svetlana Stolyarova,2025,portrait-or-person-specific,0.84,https://clevelandinternationalhalloffame.com/wp-content/uploads/2025/05/svetlana-stolyarova-pose-51-300x256.jpg,https://clevelandinternationalhalloffame.com/svetlana-stolyarova/,500,426,,true
svetlana-stolyarova-2025,Svetlana Stolyarova,2025,portrait-or-person-specific,0.84,https://clevelandinternationalhalloffame.com/wp-content/uploads/2025/05/svetlana-stolyarova-pose-61-300x224.jpg,https://clevelandinternationalhalloffame.com/svetlana-stolyarova/,500,374,,true
svetlana-stolyarova-2025,Svetlana Stolyarova,2025,portrait-or-person-specific,0.84,https://clevelandinternationalhalloffame.com/wp-content/uploads/2025/05/svetlana-stolyarova-pose-71-300x197.jpg,https://clevelandinternationalhalloffame.com/svetlana-stolyarova/,500,328,,true
svetlana-stolyarova-2025,Svetlana Stolyarova,2025,portrait-or-person-specific,0.84,https://clevelandinternationalhalloffame.com/wp-content/uploads/2025/05/svetlana-stolyarova-award1-242x300.jpg,https://clevelandinternationalhalloffame.com/svetlana-stolyarova/,500,621,,true
svetlana-stolyarova-2025,Svetlana Stolyarova,2025,portrait-or-person-specific,0.84,https://clevelandinternationalhalloffame.com/wp-content/uploads/2025/05/svetlana-stolyarova-award1.jpg,https://clevelandinternationalhalloffame.com/svetlana-stolyarova/,500,621,,true
svetlana-stolyarova-2025,Svetlana Stolyarova,2025,portrait-or-person-specific,0.84,https://clevelandinternationalhalloffame.com/wp-content/uploads/2025/05/svetlana-stolyarova-pose-71.jpg,https://clevelandinternationalhalloffame.com/svetlana-stolyarova/,500,328,,true
svetlana-stolyarova-2025,Svetlana Stolyarova,2025,portrait-or-person-specific,0.84,https://clevelandinternationalhalloffame.com/wp-content/uploads/2025/05/svetlana-stolyarova-pose-61.jpg,https://clevelandinternationalhalloffame.com/svetlana-stolyarova/,500,374,,true
svetlana-stolyarova-2025,Svetlana Stolyarova,2025,portrait-or-person-specific,0.84,https://clevelandinternationalhalloffame.com/wp-content/uploads/2025/05/svetlana-stolyarova-pose-51.jpg,https://clevelandinternationalhalloffame.com/svetlana-stolyarova/,500,426,,true
svetlana-stolyarova-2025,Svetlana Stolyarova,2025,portrait-or-person-specific,0.84,https://clevelandinternationalhalloffame.com/wp-content/uploads/2025/05/svetlana-stolyarova-pose-41.jpg,https://clevelandinternationalhalloffame.com/svetlana-stolyarova/,500,576,,true
svetlana-stolyarova-2025,Svetlana Stolyarova,2025,portrait-or-person-specific,0.84,https://clevelandinternationalhalloffame.com/wp-content/uploads/2025/05/svetlana-stolyarova-pose-31.jpg,https://clevelandinternationalhalloffame.com/svetlana-stolyarova/,500,419,,true
svetlana-stolyarova-2025,Svetlana Stolyarova,2025,portrait-or-person-specific,0.84,https://clevelandinternationalhalloffame.com/wp-content/uploads/2025/05/svetlana-stolyarova-pose-21.jpg,https://clevelandinternationalhalloffame.com/svetlana-stolyarova/,500,411,,true
svetlana-stolyarova-2025,Svetlana Stolyarova,2025,portrait-or-person-specific,0.84,https://clevelandinternationalhalloffame.com/wp-content/uploads/2025/05/svetlana-stolyarova-pose-11.jpg,https://clevelandinternationalhalloffame.com/svetlana-stolyarova/,500,422,,true
svetlana-stolyarova-2025,Svetlana Stolyarova,2025,portrait-or-person-specific,0.84,https://clevelandinternationalhalloffame.com/wp-content/uploads/2025/05/svetlana-stolyarova-pierre-bejjani-21.jpg,https://clevelandinternationalhalloffame.com/svetlana-stolyarova/,500,368,,true
svetlana-stolyarova-2025,Svetlana Stolyarova,2025,portrait-or-person-specific,0.84,https://clevelandinternationalhalloffame.com/wp-content/uploads/2025/05/svetlana-stolyarova-induction-wael-khoury1.jpg,https://clevelandinternationalhalloffame.com/svetlana-stolyarova/,500,491,,true
svetlana-stolyarova-2025,Svetlana Stolyarova,2025,portrait-or-person-specific,0.84,https://clevelandinternationalhalloffame.com/wp-content/uploads/2025/05/svetlana-stolyarova-group1.jpg,https://clevelandinternationalhalloffame.com/svetlana-stolyarova/,500,304,,true
svetlana-stolyarova-2025,Svetlana Stolyarova,2025,portrait-or-person-specific,0.84,https://clevelandinternationalhalloffame.com/wp-content/uploads/2025/05/svetlana-stolyarova-induction-141.jpg,https://clevelandinternationalhalloffame.com/svetlana-stolyarova/,500,416,,true
svetlana-stolyarova-2025,Svetlana Stolyarova,2025,portrait-or-person-specific,0.84,https://clevelandinternationalhalloffame.com/wp-content/uploads/2025/05/svetlana-stolyarova-induction-121.jpg,https://clevelandinternationalhalloffame.com/svetlana-stolyarova/,500,449,,true
svetlana-stolyarova-2025,Svetlana Stolyarova,2025,portrait-or-person-specific,0.84,https://clevelandinternationalhalloffame.com/wp-content/uploads/2025/05/svetlana-stolyarova-induction-111.jpg,https://clevelandinternationalhalloffame.com/svetlana-stolyarova/,500,411,,true
svetlana-stolyarova-2025,Svetlana Stolyarova,2025,portrait-or-person-specific,0.84,https://clevelandinternationalhalloffame.com/wp-content/uploads/2025/05/svetlana-stolyarova-induction-101.jpg,https://clevelandinternationalhalloffame.com/svetlana-stolyarova/,500,381,,true
svetlana-stolyarova-2025,Svetlana Stolyarova,2025,portrait-or-person-specific,0.84,https://clevelandinternationalhalloffame.com/wp-content/uploads/2025/05/svetlana-stolyarova-induction-91.jpg,https://clevelandinternationalhalloffame.com/svetlana-stolyarova/,500,541,,true
svetlana-stolyarova-2025,Svetlana Stolyarova,2025,portrait-or-person-specific,0.84,https://clevelandinternationalhalloffame.com/wp-content/uploads/2025/05/svetlana-stolyarova-induction-81.jpg,https://clevelandinternationalhalloffame.com/svetlana-stolyarova/,500,430,,true
svetlana-stolyarova-2025,Svetlana Stolyarova,2025,portrait-or-person-specific,0.84,https://clevelandinternationalhalloffame.com/wp-content/uploads/2025/05/svetlana-stolyarova-induction-71.jpg,https://clevelandinternationalhalloffame.com/svetlana-stolyarova/,500,394,,true
svetlana-stolyarova-2025,Svetlana Stolyarova,2025,portrait-or-person-specific,0.84,https://clevelandinternationalhalloffame.com/wp-content/uploads/2025/05/svetlana-stolyarova-induction-61.jpg,https://clevelandinternationalhalloffame.com/svetlana-stolyarova/,500,521,,true
svetlana-stolyarova-2025,Svetlana Stolyarova,2025,portrait-or-person-specific,0.84,https://clevelandinternationalhalloffame.com/wp-content/uploads/2025/05/svetlana-stolyarova-induction-51.jpg,https://clevelandinternationalhalloffame.com/svetlana-stolyarova/,500,440,,true
svetlana-stolyarova-2025,Svetlana Stolyarova,2025,portrait-or-person-specific,0.84,https://clevelandinternationalhalloffame.com/wp-content/uploads/2025/05/svetlana-stolyarova-induction-41.jpg,https://clevelandinternationalhalloffame.com/svetlana-stolyarova/,500,444,,true
svetlana-stolyarova-2025,Svetlana Stolyarova,2025,portrait-or-person-specific,0.84,https://clevelandinternationalhalloffame.com/wp-content/uploads/2025/05/svetlana-stolyarova-induction-31.jpg,https://clevelandinternationalhalloffame.com/svetlana-stolyarova/,500,484,,true
svetlana-stolyarova-2025,Svetlana Stolyarova,2025,portrait-or-person-specific,0.84,https://clevelandinternationalhalloffame.com/wp-content/uploads/2025/05/svetlana-stolyarova-induction-21.jpg,https://clevelandinternationalhalloffame.com/svetlana-stolyarova/,500,502,,true
svetlana-stolyarova-2025,Svetlana Stolyarova,2025,portrait-or-person-specific,0.84,https://clevelandinternationalhalloffame.com/wp-content/uploads/2025/05/svetlana-stolyarova-class-picture1.jpg,https://clevelandinternationalhalloffame.com/svetlana-stolyarova/,500,670,,true
svetlana-stolyarova-2025,Svetlana Stolyarova,2025,portrait-or-person-specific,0.84,https://clevelandinternationalhalloffame.com/wp-content/uploads/2025/05/svetlana-stolyarova1.jpg,https://clevelandinternationalhalloffame.com/svetlana-stolyarova/,500,667,,true
taras-szmagala-2022,Taras Szmagala,2022,portrait-or-person-specific,0.84,https://clevelandinternationalhalloffame.com/wp-content/uploads/2022/05/taras.jpeg,https://clevelandinternationalhalloffame.com/taras-szmagala/,768,1024,Midge and Taras Szmagala,true
veronica-dahlberg-2024,Veronica Dahlberg,2024,portrait-or-person-specific,0.84,https://clevelandinternationalhalloffame.com/wp-content/uploads/2024/01/Veronica-Dahlberg-500-300x289.jpg,https://clevelandinternationalhalloffame.com/inductees/veronica-dahlberg/,500,481,,true
veronica-dahlberg-2024,Veronica Dahlberg,2024,portrait-or-person-specific,0.84,https://clevelandinternationalhalloffame.com/wp-content/uploads/2024/01/ribbon-cutting1-300x155.jpg,https://clevelandinternationalhalloffame.com/inductees/veronica-dahlberg/,500,259,Veronica Dahlberg cuts the ribbon at the new HOLA Center,true
veronica-dahlberg-2024,Veronica Dahlberg,2024,portrait-or-person-specific,0.84,https://clevelandinternationalhalloffame.com/wp-content/uploads/2024/01/Veronica-Dahlberg-500.jpg,https://clevelandinternationalhalloffame.com/inductees/veronica-dahlberg/,500,481,Veronica Dahlberg,true
veronica-dahlberg-2024,Veronica Dahlberg,2024,portrait-or-person-specific,0.84,https://clevelandinternationalhalloffame.com/wp-content/uploads/2024/01/Veronica-Dahlberg-1000.jpg,https://clevelandinternationalhalloffame.com/inductees/veronica-dahlberg/,1000,962,,true
victor-ruiz-2022,Victor Ruiz,2022,portrait-or-person-specific,0.84,https://clevelandinternationalhalloffame.com/wp-content/uploads/2022/05/Victor-A.-Ruiz-819x1024.png,https://clevelandinternationalhalloffame.com/victor-ruiz/,599,747,Victor Ruiz,true
wael-khoury-2017,Wael Khoury,2017,portrait-or-person-specific,0.84,https://clevelandinternationalhalloffame.com/wp-content/uploads/2017/03/wael-khoury-500-273x300.jpg,https://clevelandinternationalhalloffame.com/inductees-asia/wael-khoury/,500,550,"Wael Khoury,M.D.",true
wael-khoury-2017,Wael Khoury,2017,portrait-or-person-specific,0.84,https://www.clevelandpeople.com/images/hof/hof-2017/ia-wael-khoury-nizar-zein.jpg,https://clevelandinternationalhalloffame.com/inductees-asia/wael-khoury/,500,430,Dr. Nizar Zein inducts Dr. Wael Khoury,true
wael-khoury-2017,Wael Khoury,2017,portrait-or-person-specific,0.84,https://www.clevelandpeople.com/images/hof/hof-2017/ie-nizar-zein.jpg,https://clevelandinternationalhalloffame.com/inductees-asia/wael-khoury/,500,511,Dr. Nizar Zein inducts Dr. Wael Khoury,true
wael-khoury-2017,Wael Khoury,2017,portrait-or-person-specific,0.84,https://www.clevelandpeople.com/images/hof/hof-2017/ih-nizar-zein-2.jpg,https://clevelandinternationalhalloffame.com/inductees-asia/wael-khoury/,500,357,Dr. Nizar Zein inducts Dr. Wael Khoury,true
wael-khoury-2017,Wael Khoury,2017,portrait-or-person-specific,0.84,https://www.clevelandpeople.com/images/hof/hof-2017/ih-nizar-zein-wael-khoury.jpg,https://clevelandinternationalhalloffame.com/inductees-asia/wael-khoury/,500,550,Dr. Nizar Zein inducts Dr. Wael Khoury,true
wael-khoury-2017,Wael Khoury,2017,portrait-or-person-specific,0.84,https://www.clevelandpeople.com/images/hof/hof-2017/ie-wael-khoury-nizar-zein.jpg,https://clevelandinternationalhalloffame.com/inductees-asia/wael-khoury/,500,454,Dr. Nizar Zein and Dr. Wael Khoury,true
wael-khoury-2017,Wael Khoury,2017,portrait-or-person-specific,0.84,https://www.clevelandpeople.com/images/hof/hof-2017/ie-wael-khoury-zein-wife.jpg,https://clevelandinternationalhalloffame.com/inductees-asia/wael-khoury/,500,395,"Dr. Nizar Zein, Dr. Wael Khoury and Mrs. Sassan Khoury",true
wael-khoury-2017,Wael Khoury,2017,portrait-or-person-specific,0.84,https://www.clevelandpeople.com/images/hof/hof-2017/ie-wael-khoury.jpg,https://clevelandinternationalhalloffame.com/inductees-asia/wael-khoury/,500,441,Dr. Wael Khoury giving his acceptance remarks,true
wael-khoury-2017,Wael Khoury,2017,portrait-or-person-specific,0.84,https://www.clevelandpeople.com/images/hof/hof-2017/ia-wael-khoury-1.jpg,https://clevelandinternationalhalloffame.com/inductees-asia/wael-khoury/,500,481,Dr. Wael Khoury giving his acceptance remarks,true
wael-khoury-2017,Wael Khoury,2017,portrait-or-person-specific,0.84,https://www.clevelandpeople.com/images/hof/hof-2017/ih-wael-khoury-2.jpg,https://clevelandinternationalhalloffame.com/inductees-asia/wael-khoury/,500,582,Dr. Wael Khoury giving his acceptance remarks,true
wael-khoury-2017,Wael Khoury,2017,portrait-or-person-specific,0.84,https://www.clevelandpeople.com/images/hof/hof-2017/ih-wael-khoury.jpg,https://clevelandinternationalhalloffame.com/inductees-asia/wael-khoury/,500,461,Dr. Wael Khoury giving his acceptance remarks,true
wael-khoury-2017,Wael Khoury,2017,portrait-or-person-specific,0.84,https://www.clevelandpeople.com/images/hof/hof-2017/a-wael-miller-kim.jpg,https://clevelandinternationalhalloffame.com/inductees-asia/wael-khoury/,500,284,"Inductees Dr. Wael Khoury, Marianna Miller and Sam Kim",true
wael-khoury-2017,Wael Khoury,2017,portrait-or-person-specific,0.84,https://www.clevelandpeople.com/images/hof/hof-2017/pa-ccwa.jpg,https://clevelandinternationalhalloffame.com/inductees-asia/wael-khoury/,500,371,CCWA group honoring Dr. Wael Khoury,true
wael-khoury-2017,Wael Khoury,2017,portrait-or-person-specific,0.84,https://www.clevelandpeople.com/images/hof/hof-2017/pa-petras-wael-hodges.jpg,https://clevelandinternationalhalloffame.com/inductees-asia/wael-khoury/,500,351,Steve and Mrs. Petras. Dr. Wael Khoury and Ambassador Heather Hodges,true
wael-khoury-2017,Wael Khoury,2017,portrait-or-person-specific,0.84,https://www.clevelandpeople.com/images/hof/hof-2017/pa-warl-khoury-george-koussa.jpg,https://clevelandinternationalhalloffame.com/inductees-asia/wael-khoury/,500,432,Dr. Wael Khoury and George Koussa,true
wael-khoury-2017,Wael Khoury,2017,portrait-or-person-specific,0.84,https://www.clevelandpeople.com/images/hof/hof-2017/pe-5.jpg,https://clevelandinternationalhalloffame.com/inductees-asia/wael-khoury/,500,330,Friends of Dr. Wael Khoury,true
wael-khoury-2017,Wael Khoury,2017,portrait-or-person-specific,0.84,https://clevelandinternationalhalloffame.com/wp-content/uploads/2017/03/ih-wael-khoury.jpg,https://clevelandinternationalhalloffame.com/inductees-asia/wael-khoury/,500,461,Dr. Wael Khoury,true
wael-khoury-2017,Wael Khoury,2017,portrait-or-person-specific,0.84,https://clevelandinternationalhalloffame.com/wp-content/uploads/2017/03/ie-wael-khoury-zein-wife.jpg,https://clevelandinternationalhalloffame.com/inductees-asia/wael-khoury/,500,395,"Dr. Nizar Zein, Dr. Wael Khoury and Mrs. Sasha Khoury",true
wael-khoury-2017,Wael Khoury,2017,portrait-or-person-specific,0.84,https://clevelandinternationalhalloffame.com/wp-content/uploads/2017/03/ie-wael-khoury-nizar-zein.jpg,https://clevelandinternationalhalloffame.com/inductees-asia/wael-khoury/,500,454,Dr. Nizar Zein and Dr. Wael Khoury,true
wael-khoury-2017,Wael Khoury,2017,portrait-or-person-specific,0.84,https://clevelandinternationalhalloffame.com/wp-content/uploads/2017/03/ie-wael-khoury.jpg,https://clevelandinternationalhalloffame.com/inductees-asia/wael-khoury/,500,441,Dr. Wael Khoury,true
wael-khoury-2017,Wael Khoury,2017,portrait-or-person-specific,0.84,https://clevelandinternationalhalloffame.com/wp-content/uploads/2017/03/ia-wael-khoury-nizar-zein.jpg,https://clevelandinternationalhalloffame.com/inductees-asia/wael-khoury/,500,430,Dr. Nizar Zein,true
wael-khoury-2017,Wael Khoury,2017,portrait-or-person-specific,0.84,https://clevelandinternationalhalloffame.com/wp-content/uploads/2017/03/ia-wael-khoury-1.jpg,https://clevelandinternationalhalloffame.com/inductees-asia/wael-khoury/,500,481,,true
abby-mina-2018,Abby Mina,2018,profile-inline-image,0.72,https://www.clevelandpeople.com/images/hof/hof-2018/class-picture-ed-1.jpg,https://clevelandinternationalhalloffame.com/inductees-asia/abby-mina/,500,385,Cleveland International Hall of Fame 2018 Class,true
aklilu-demessie-2026,Aklilu Demessie,2026,profile-inline-image,0.72,https://www.clevelandpeople.com/images/hof/hof-2026-rada/aklilu-award.jpg,https://clevelandinternationalhalloffame.com/aklilu-demessie/,,,Aklilu Demessie in Cleveland International Hall of Fame - award,true
ambassador-edward-f-crawford-2024,Ambassador Edward F. Crawford,2024,profile-inline-image,0.72,http://www.clevelandpeople.com/images/irish/2014/mayo-ball/tom-rob-ed-gerry.jpg,https://clevelandinternationalhalloffame.com/inductees/ambassador-edward-f-crawford/,,,,true
anda-cook-2022,Anda Cook,2022,profile-inline-image,0.72,https://www.clevelandpeople.com/images/hof/hof-2022/anda-cook-2.jpg,https://clevelandinternationalhalloffame.com/anda-cook/,,,,true
andy-chakalis-2026,Andy Chakalis,2026,profile-inline-image,0.72,https://www.clevelandpeople.com/images/hof/hof-2026-rada/andy-chakalis-award.jpg,https://clevelandinternationalhalloffame.com/andy-chakalis/,,,Andy Chakalis award,true
andy-fedynsky-2026,Andy Fedynsky,2026,profile-inline-image,0.72,https://clevelandinternationalhalloffame.com/wp-content/uploads/2026/05/image-5-244x300.png,https://clevelandinternationalhalloffame.com/andy-fedynsky/,500,616,,true
arnie-de-la-porte-2016-2016,Arnie de la Porte – 2016,2016,profile-inline-image,0.72,https://www.clevelandpeople.com/images/hof/hof-2016/event/peter-de-la-porte-ingrida-4.jpg,https://clevelandinternationalhalloffame.com/arnie-de-la-porte-2016/,500,348,Peter de la Porte and Ingrida Bublys,true
atul-mehta-2018,Atul Mehta,2018,profile-inline-image,0.72,https://www.clevelandpeople.com/images/hof/hof-2018/class-picture-ed-1.jpg,https://clevelandinternationalhalloffame.com/inductees-asia/atul-mehta/,500,385,Cleveland International Hall of Fame 2018 Class,true
basil-russo-2017,Basil Russo,2017,profile-inline-image,0.72,https://www.clevelandpeople.com/images/hof/hof-2017/2017-class.jpg,https://clevelandinternationalhalloffame.com/inductees-europe/basil-russo/,500,524,2017 Class of the Cleveland International Hall of Fame,true
berj-shakarian-2020,Berj Shakarian,2020,profile-inline-image,0.72,https://clevelandinternationalhalloffame.com/wp-content/uploads/2022/05/mayor-berj-2-600x547.jpg,https://clevelandinternationalhalloffame.com/berj-shakarian/,1024,933,,true
bill-miller-2017,Bill Miller,2017,profile-inline-image,0.72,https://www.clevelandpeople.com/images/hof/hof-2017/2017-class.jpg,https://clevelandinternationalhalloffame.com/inductees-europe/bill-miller/,500,524,2017 Class of the Cleveland International Hall of Fame,true
carl-robson-2022,Carl Robson,2022,profile-inline-image,0.72,https://www.clevelandpeople.com/images/ethiopian/2019/ethiopian-garden-dedication/ethiopian-garden-mural-group-1.jpg,https://clevelandinternationalhalloffame.com/carl-robson/,,,,true
catherine-jorgensen-mccutcheon-2026,Catherine Jorgensen McCutcheon,2026,profile-inline-image,0.72,https://www.clevelandpeople.com/images/hof/hof-2026-rada/catherine-award.jpg,https://clevelandinternationalhalloffame.com/catherine-jorgensen-mccutcheon/,,,Catherine Jorgensen McCutcheon Cleveland International Hall of Fame award,true
dr-eugene-jordan-2024,Dr. Eugene Jordan,2024,profile-inline-image,0.72,https://clevelandinternationalhalloffame.com/wp-content/uploads/2024/04/dr-jordan-2.jpg,https://clevelandinternationalhalloffame.com/inductees/dr-eugene-jordan/,876,1024,,true
dr-eugene-jordan-2024,Dr. Eugene Jordan,2024,profile-inline-image,0.72,https://clevelandinternationalhalloffame.com/wp-content/uploads/2024/01/ribbon-cutting-31-300x224.jpg,https://clevelandinternationalhalloffame.com/inductees/dr-eugene-jordan/,500,374,Sabra Pierce Scott and Dr. Jordan cut the ribbon at Phase 1 of the African-American Cultural Garden,true
georgine-welo-2023,Georgine Welo,2023,profile-inline-image,0.72,https://www.clevelandpeople.com/images/hof/hof-2023/georgine-welo.jpg,https://clevelandinternationalhalloffame.com/georgine-welo/,,,,true
jack-kahl-2016,Jack Kahl,2016,profile-inline-image,0.72,https://www.clevelandpeople.com/images/hof/hof-2016/event/2016-class-picture.jpg,https://clevelandinternationalhalloffame.com/jack-kahl-2016/,500,404,Class of 2016,true
jim-craciun-2017,Jim Craciun,2017,profile-inline-image,0.72,https://www.clevelandpeople.com/images/hof/hof-2017/2017-class.jpg,https://clevelandinternationalhalloffame.com/inductees-europe/jim-craciun/,500,524,2017 Class of the Cleveland International Hall of Fame,true
joe-valencic-2020,Joe Valencic,2020,profile-inline-image,0.72,https://clevelandinternationalhalloffame.com/wp-content/uploads/2022/05/Valencic002milner_2-scaled.jpg,https://clevelandinternationalhalloffame.com/joe-valencic/,683,1024,,true
joe-valencic-2020,Joe Valencic,2020,profile-inline-image,0.72,https://www.clevelandpeople.com/images/hof/hof-2022/mike-polensek-induct.jpg,https://clevelandinternationalhalloffame.com/joe-valencic/,,,,true
joyce-mariani-2023,Joyce Mariani,2023,profile-inline-image,0.72,https://www.clevelandpeople.com/images/hof/hof-2023/joyce-mariani-cropped.jpg,https://clevelandinternationalhalloffame.com/joyce-mariani/,,,,true
le-nguyen-2026,Le Nguyen,2026,profile-inline-image,0.72,https://www.clevelandpeople.com/images/hof/hof-2026-rada/le-nguyen-award.jpg,https://clevelandinternationalhalloffame.com/le-nguyen-class-of-2026-vietnames-heritage-cleveland-international-hall-of-fame/,,,Le Nguyen Cleveland International Hall of Fame award,true
lucy-torres-2026,Lucy Torres,2026,profile-inline-image,0.72,https://www.clevelandpeople.com/images/hof/hof-2026-rada/lucy-torres-award.jpg,https://clevelandinternationalhalloffame.com/lucy-torres/,,,Lucy Torres Cleveland International Hall of Fame award,true
margaret-lynch-2020,Margaret Lynch,2020,profile-inline-image,0.72,https://www.clevelandpeople.com/images/irish/2014/johnny-kilbane-statue/johnny-kilbane-lynch-quinn.jpg,https://clevelandinternationalhalloffame.com/margaret-lynch/,,,Margaret Lynch and Gerry Quinn at the Johnny Kilbane statue,true
marilyn-madigan-2019,Marilyn Madigan,2019,profile-inline-image,0.72,https://clevelandinternationalhalloffame.com/wp-content/uploads/2019/03/marilyn-madigan-700.jpg,https://clevelandinternationalhalloffame.com/marilyn-madigan/,,,Marilyn Madigan,true
michael-d-polensek-2023,Michael D. Polensek,2023,profile-inline-image,0.72,https://clevelandinternationalhalloffame.com/wp-content/uploads/2023/03/mike-polensek-240x300.jpg,https://clevelandinternationalhalloffame.com/michael-d-polensek/,500,625,,true
michael-d-polensek-2023,Michael D. Polensek,2023,profile-inline-image,0.72,https://clevelandinternationalhalloffame.com/wp-content/uploads/2023/04/s-mike-polensek-3-300x251.jpg,https://clevelandinternationalhalloffame.com/michael-d-polensek/,500,419,,true
mohan-bafna-2016,Mohan Bafna,2016,profile-inline-image,0.72,https://www.clevelandpeople.com/images/hof/hof-2016/event/2016-class-picture.jpg,https://clevelandinternationalhalloffame.com/mohan-bafna-2016/,500,404,Class of 2016,true
mona-alag-2017,Mona Alag,2017,profile-inline-image,0.72,https://www.clevelandpeople.com/images/hof/hof-2017/2017-class.jpg,https://clevelandinternationalhalloffame.com/inductees/mona-alag/,500,524,2017 Class of the Cleveland International Hall of Fame,true
pat-dowd-2023,Pat Dowd,2023,profile-inline-image,0.72,https://www.clevelandpeople.com/images/hof/hof-2023/pat-dowd.jpg,https://clevelandinternationalhalloffame.com/pat-dowd/,,,,true
pierre-bejjani-2023,Pierre Bejjani,2023,profile-inline-image,0.72,https://www.clevelandpeople.com/images/hof/hof-2023/pierre-bejjani.jpg,https://clevelandinternationalhalloffame.com/pierre-bejjani/,,,,true
ralph-perk-jr-2018,Ralph Perk Jr.,2018,profile-inline-image,0.72,https://www.clevelandpeople.com/images/hof/hof-2018/class-picture-ed-1.jpg,https://clevelandinternationalhalloffame.com/inductees-europe/ralph-perk-jr/,500,385,Cleveland International Hall of Fame 2018 Class,true
ramesh-shah-2020,Ramesh Shah,2020,profile-inline-image,0.72,https://clevelandinternationalhalloffame.com/wp-content/uploads/2022/05/ramesh-2-600x577.jpg,https://clevelandinternationalhalloffame.com/ramesh-shah/,741,713,,true
ramesh-shah-2020,Ramesh Shah,2020,profile-inline-image,0.72,https://clevelandinternationalhalloffame.com/wp-content/uploads/2021/06/sudarshan-ramesh-jaya-param-baiju-gandhi-scaled.jpg,https://clevelandinternationalhalloffame.com/inductees/ramesh-shah/,651,1024,,true
ray-pianka-2018,Ray Pianka,2018,profile-inline-image,0.72,https://www.clevelandpeople.com/images/hof/hof-2018/class-picture-ed-1.jpg,https://clevelandinternationalhalloffame.com/inductees-europe/ray-pianka/,500,385,Cleveland International Hall of Fame 2018 Class,true
richard-fleischman-2019,Richard Fleischman,2019,profile-inline-image,0.72,https://clevelandinternationalhalloffame.com/wp-content/uploads/2019/03/richard-fleischman-1500-756x1024.jpg,https://clevelandinternationalhalloffame.com/richard-fleischman/,,,Richard Fleischman,true
sam-kim-2017,Sam Kim,2017,profile-inline-image,0.72,https://www.clevelandpeople.com/images/hof/hof-2017/2017-class.jpg,https://clevelandinternationalhalloffame.com/inductees-asia/sam-kim/,500,524,2017 Class of the Cleveland International Hall of Fame,true
sheila-murphy-crawford-2018,Sheila Murphy Crawford,2018,profile-inline-image,0.72,https://www.clevelandpeople.com/images/hof/hof-2018/class-picture-ed-1.jpg,https://clevelandinternationalhalloffame.com/inductees-europe/sheila-murphy-crawford/,500,385,Cleveland International Hall of Fame 2018 Class,true
sister-alicia-alvarado-2018,Sister Alicia Alvarado,2018,profile-inline-image,0.72,https://www.clevelandpeople.com/images/hof/hof-2018/class-picture-ed-1.jpg,https://clevelandinternationalhalloffame.com/inductees-south-america/sister-alicia-alvarado/,500,385,Cleveland International Hall of Fame 2018 Class,true
sudarshan-sathe-2023,Sudarshan Sathe,2023,profile-inline-image,0.72,https://www.clevelandpeople.com/images/hof/hof-2023/sudarshan-sathe.jpg,https://clevelandinternationalhalloffame.com/sudarshan-sathe/,,,,true
taras-szmagala-2022,Taras Szmagala,2022,profile-inline-image,0.72,https://www.clevelandpeople.com/images/hof/hof-2022/taras-szmagala-2.jpg,https://clevelandinternationalhalloffame.com/taras-szmagala/,,,,true
valarie-mccall-2020,Valarie McCall,2020,profile-inline-image,0.72,https://clevelandinternationalhalloffame.com/wp-content/uploads/2022/05/valarie-201x300.jpeg,https://clevelandinternationalhalloffame.com/valarie-mccall/,360,538,,true
valarie-mccall-2020,Valarie McCall,2020,profile-inline-image,0.72,https://www.clevelandpeople.com/images/hof/hof-2022/albert-ratner-induct-4.jpg,https://clevelandinternationalhalloffame.com/valarie-mccall/,,,,true
veronica-dahlberg-2024,Veronica Dahlberg,2024,profile-inline-image,0.72,https://clevelandinternationalhalloffame.com/wp-content/uploads/2024/01/veronica-joe-who1-300x243.jpg,https://clevelandinternationalhalloffame.com/inductees/veronica-dahlberg/,500,405,,true
victor-ruiz-2022,Victor Ruiz,2022,profile-inline-image,0.72,https://www.clevelandpeople.com/images/hof/hof-2022/victor-ruiz.jpg,https://clevelandinternationalhalloffame.com/victor-ruiz/,,,,true
wael-khoury-2017,Wael Khoury,2017,profile-inline-image,0.72,https://www.clevelandpeople.com/images/hof/hof-2017/2017-class.jpg,https://clevelandinternationalhalloffame.com/inductees-asia/wael-khoury/,500,524,2017 Class of the Cleveland International Hall of Fame,true
abby-mina-2018,Abby Mina,2018,profile-gallery-image,0.56,https://www.clevelandpeople.com/images/hof/hof-2018/cihf-cp-anjan-abdulkarims.jpg,https://clevelandinternationalhalloffame.com/inductees-asia/abby-mina/,500,454,Mrs and Tony Abdulkarim,true
abby-mina-2018,Abby Mina,2018,profile-gallery-image,0.56,https://clevelandinternationalhalloffame.com/wp-content/uploads/2018/06/cihf-cp-anjan-29.jpg,https://clevelandinternationalhalloffame.com/inductees-asia/abby-mina/,500,372,One of many proclamations for Abby - from State Representative Marlene Anielski with the Abdulkarims and Mary Bejjani,true
abby-mina-2018,Abby Mina,2018,profile-gallery-image,0.56,https://clevelandinternationalhalloffame.com/wp-content/uploads/2018/06/cihf-p-ed-6.jpg,https://clevelandinternationalhalloffame.com/inductees-asia/abby-mina/,500,349,,true
aklilu-demessie-2026,Aklilu Demessie,2026,profile-gallery-image,0.56,https://www.clevelandpeople.com/images/hof/hof-2026-rada/aklilu-demessie-0.jpg,https://clevelandinternationalhalloffame.com/aklilu-demessie/,,,Aklilu Demessie in Cleveland International Hall of Fame,true
aklilu-demessie-2026,Aklilu Demessie,2026,profile-gallery-image,0.56,https://www.clevelandpeople.com/images/hof/hof-2026-rada/aklilu-demessie-s1-daughter.jpg,https://clevelandinternationalhalloffame.com/aklilu-demessie/,,,Dr. Menna Demessie inducts Aklilu Demessie into Cleveland International Hall of Fame,true
aklilu-demessie-2026,Aklilu Demessie,2026,profile-gallery-image,0.56,https://www.clevelandpeople.com/images/hof/hof-2026-rada/aklilu-demessie-s2-daughter.jpg,https://clevelandinternationalhalloffame.com/aklilu-demessie/,,,Dr. Menna Demessie inducts Aklilu Demessie into Cleveland International Hall of Fame,true
aklilu-demessie-2026,Aklilu Demessie,2026,profile-gallery-image,0.56,https://www.clevelandpeople.com/images/hof/hof-2026-rada/aklilu-demessie-s3-daughter.jpg,https://clevelandinternationalhalloffame.com/aklilu-demessie/,,,Dr. Menna Demessie inducts Aklilu Demessie into Cleveland International Hall of Fame,true
aklilu-demessie-2026,Aklilu Demessie,2026,profile-gallery-image,0.56,https://www.clevelandpeople.com/images/hof/hof-2026-rada/aklilu-demessie-s4-daughter.jpg,https://clevelandinternationalhalloffame.com/aklilu-demessie/,,,Dr. Menna Demessie inducts Aklilu Demessie into Cleveland International Hall of Fame,true
aklilu-demessie-2026,Aklilu Demessie,2026,profile-gallery-image,0.56,https://www.clevelandpeople.com/images/hof/hof-2026-rada/aklilu-demessie-s5.jpg,https://clevelandinternationalhalloffame.com/aklilu-demessie/,,,Dr. Menna Demessie inducts Aklilu Demessie into Cleveland International Hall of Fame,true
aklilu-demessie-2026,Aklilu Demessie,2026,profile-gallery-image,0.56,https://www.clevelandpeople.com/images/hof/hof-2026-rada/aklilu-demessie-s6.jpg,https://clevelandinternationalhalloffame.com/aklilu-demessie/,,,Dr. Menna Demessie inducts Aklilu Demessie into Cleveland International Hall of Fame,true
aklilu-demessie-2026,Aklilu Demessie,2026,profile-gallery-image,0.56,https://www.clevelandpeople.com/images/hof/hof-2026-rada/aklilu-demessie-s7.jpg,https://clevelandinternationalhalloffame.com/aklilu-demessie/,,,Dr. Menna Demessie inducts Aklilu Demessie into Cleveland International Hall of Fame,true
aklilu-demessie-2026,Aklilu Demessie,2026,profile-gallery-image,0.56,https://www.clevelandpeople.com/images/hof/hof-2026-rada/aklilu-demessie-s8.jpg,https://clevelandinternationalhalloffame.com/aklilu-demessie/,,,Aklilu Demessie acceptance into Cleveland International Hall of Fame,true
aklilu-demessie-2026,Aklilu Demessie,2026,profile-gallery-image,0.56,https://www.clevelandpeople.com/images/hof/hof-2026-rada/aklilu-demessie-s9.jpg,https://clevelandinternationalhalloffame.com/aklilu-demessie/,,,Aklilu Demessie acceptance into Cleveland International Hall of Fame,true
aklilu-demessie-2026,Aklilu Demessie,2026,profile-gallery-image,0.56,https://www.clevelandpeople.com/images/hof/hof-2026-rada/akli-group-1.jpg,https://clevelandinternationalhalloffame.com/aklilu-demessie/,,,Aklilu Demessie freinds at Cleveland International Hall of Fame,true
aklilu-demessie-2026,Aklilu Demessie,2026,profile-gallery-image,0.56,https://www.clevelandpeople.com/images/hof/hof-2026-rada/p-akli-table.jpg,https://clevelandinternationalhalloffame.com/aklilu-demessie/,,,Aklilu Demessie freinds at Cleveland International Hall of Fame,true
aklilu-demessie-2026,Aklilu Demessie,2026,profile-gallery-image,0.56,https://www.clevelandpeople.com/images/hof/hof-2026-rada/p-akli-couple.jpg,https://clevelandinternationalhalloffame.com/aklilu-demessie/,,,Aklilu Demessie freinds at Cleveland International Hall of Fame,true
aklilu-demessie-2026,Aklilu Demessie,2026,profile-gallery-image,0.56,https://www.clevelandpeople.com/images/hof/hof-2026-rada/p-akli-daughter-nada-martinovics.jpg,https://clevelandinternationalhalloffame.com/aklilu-demessie/,,,Aklilu Demessie freinds at Cleveland International Hall of Fame,true
aklilu-demessie-2026,Aklilu Demessie,2026,profile-gallery-image,0.56,https://www.clevelandpeople.com/images/hof/hof-2026-rada/p-akli-cameo.jpg,https://clevelandinternationalhalloffame.com/aklilu-demessie/,,,Aklilu Demessie freinds at Cleveland International Hall of Fame,true
aklilu-demessie-2026,Aklilu Demessie,2026,profile-gallery-image,0.56,https://www.clevelandpeople.com/images/hof/hof-2026-rada/p9-akli-win.jpg,https://clevelandinternationalhalloffame.com/aklilu-demessie/,,,Aklilu Demessie friends at Cleveland International Hall of Fame,true
aklilu-demessie-2026,Aklilu Demessie,2026,profile-gallery-image,0.56,https://www.clevelandpeople.com/images/hof/hof-2026/others/andy-fedynsky-ingrida-akli-demessie.jpg,https://clevelandinternationalhalloffame.com/aklilu-demessie/,,,"Andy Fedynsky, Ingrida Bublys and Aklilu Demessie",true
aklilu-demessie-2026,Aklilu Demessie,2026,profile-gallery-image,0.56,https://www.clevelandpeople.com/images/hof/hof-2026/others/george-burke-akli-demessie-lisa-wong.jpg,https://clevelandinternationalhalloffame.com/aklilu-demessie/,,,"George Burke, Aklilu Demessie and Lisa Wong",true
aklilu-demessie-2026,Aklilu Demessie,2026,profile-gallery-image,0.56,https://www.clevelandpeople.com/images/hof/hof-2026/others/nada-akli-oanh-ying.jpg,https://clevelandinternationalhalloffame.com/aklilu-demessie/,,,Aklilu Demessie friends at Cleveland International Hall of Fame,true
aklilu-demessie-2026,Aklilu Demessie,2026,profile-gallery-image,0.56,https://www.clevelandpeople.com/images/hof/hof-2026/others/p-bharat-kumar-aklilu-demessie.jpg,https://clevelandinternationalhalloffame.com/aklilu-demessie/,,,Bharat Kumar and Aklilu Demessie,true
akram-boutros-2019,Akram Boutros,2019,profile-gallery-image,0.56,https://clevelandinternationalhalloffame.com/wp-content/uploads/2019/05/crowd-anjan-cameo-300x179.jpg,https://clevelandinternationalhalloffame.com/akram-boutros/,500,298,,true
akram-boutros-2019,Akram Boutros,2019,profile-gallery-image,0.56,https://clevelandinternationalhalloffame.com/wp-content/uploads/2019/05/crowd-cihf-2019-1-300x209.jpg,https://clevelandinternationalhalloffame.com/akram-boutros/,500,349,,true
akram-boutros-2019,Akram Boutros,2019,profile-gallery-image,0.56,https://clevelandinternationalhalloffame.com/wp-content/uploads/2019/05/crowd-cihf-2019-1.jpg,https://clevelandinternationalhalloffame.com/akram-boutros/,500,349,,true
akram-boutros-2019,Akram Boutros,2019,profile-gallery-image,0.56,https://clevelandinternationalhalloffame.com/wp-content/uploads/2019/05/crowd-anjan-cameo.jpg,https://clevelandinternationalhalloffame.com/akram-boutros/,500,298,,true
ambassador-edward-f-crawford-2024,Ambassador Edward F. Crawford,2024,profile-gallery-image,0.56,http://www.clevelandpeople.com/images/irish/2010/irish-fountain/john-lennon-ed-crawford.jpg,https://clevelandinternationalhalloffame.com/inductees/ambassador-edward-f-crawford/,,,,true
ambassador-edward-f-crawford-2024,Ambassador Edward F. Crawford,2024,profile-gallery-image,0.56,http://www.clevelandpeople.com/images/irish/2012/taoiseach-garden-dan/taoiseach-consul-crawford.jpg,https://clevelandinternationalhalloffame.com/inductees/ambassador-edward-f-crawford/,,,,true
ambassador-edward-f-crawford-2024,Ambassador Edward F. Crawford,2024,profile-gallery-image,0.56,https://www.clevelandpeople.com/images/hof/hof-2024/p-irish-ambassadors.jpg,https://clevelandinternationalhalloffame.com/inductees/ambassador-edward-f-crawford/,,,,true
ambassador-edward-f-crawford-2024,Ambassador Edward F. Crawford,2024,profile-gallery-image,0.56,https://www.clevelandpeople.com/images/hof/hof-2024/s-amb-crawford-introduced.jpg,https://clevelandinternationalhalloffame.com/inductees/ambassador-edward-f-crawford/,,,,true
ambassador-edward-f-crawford-2024,Ambassador Edward F. Crawford,2024,profile-gallery-image,0.56,https://www.clevelandpeople.com/images/hof/hof-2024/s-irish-amb-introduced.jpg,https://clevelandinternationalhalloffame.com/inductees/ambassador-edward-f-crawford/,,,,true
ambassador-edward-f-crawford-2024,Ambassador Edward F. Crawford,2024,profile-gallery-image,0.56,https://www.clevelandpeople.com/images/hof/hof-2024/s-edward-crawford-ambassador-2.jpg,https://clevelandinternationalhalloffame.com/inductees/ambassador-edward-f-crawford/,,,,true
ambassador-edward-f-crawford-2024,Ambassador Edward F. Crawford,2024,profile-gallery-image,0.56,https://www.clevelandpeople.com/images/hof/hof-2024/s-irish-amb-m1.jpg,https://clevelandinternationalhalloffame.com/inductees/ambassador-edward-f-crawford/,,,,true
ambassador-edward-f-crawford-2024,Ambassador Edward F. Crawford,2024,profile-gallery-image,0.56,https://www.clevelandpeople.com/images/hof/hof-2024/s-edward-crawford-1.jpg,https://clevelandinternationalhalloffame.com/inductees/ambassador-edward-f-crawford/,,,,true
ambassador-edward-f-crawford-2024,Ambassador Edward F. Crawford,2024,profile-gallery-image,0.56,https://www.clevelandpeople.com/images/hof/hof-2024/s-irish-amb-crawford-m1.jpg,https://clevelandinternationalhalloffame.com/inductees/ambassador-edward-f-crawford/,,,,true
ambassador-edward-f-crawford-2024,Ambassador Edward F. Crawford,2024,profile-gallery-image,0.56,https://www.clevelandpeople.com/images/hof/hof-2024/s-edward-crawford-ambassador-award-4.jpg,https://clevelandinternationalhalloffame.com/inductees/ambassador-edward-f-crawford/,,,,true
ambassador-edward-f-crawford-2024,Ambassador Edward F. Crawford,2024,profile-gallery-image,0.56,https://www.clevelandpeople.com/images/hof/hof-2024/s-ed-crawford-m1.jpg,https://clevelandinternationalhalloffame.com/inductees/ambassador-edward-f-crawford/,,,,true
ambassador-edward-f-crawford-2024,Ambassador Edward F. Crawford,2024,profile-gallery-image,0.56,https://www.clevelandpeople.com/images/hof/hof-2024/s-edward-crawford-3.jpg,https://clevelandinternationalhalloffame.com/inductees/ambassador-edward-f-crawford/,,,,true
ambassador-edward-f-crawford-2024,Ambassador Edward F. Crawford,2024,profile-gallery-image,0.56,https://www.clevelandpeople.com/images/hof/hof-2024/s-edward-crawford-4.jpg,https://clevelandinternationalhalloffame.com/inductees/ambassador-edward-f-crawford/,,,,true
ambassador-edward-f-crawford-2024,Ambassador Edward F. Crawford,2024,profile-gallery-image,0.56,https://www.clevelandpeople.com/images/hof/hof-2024/s-edward-crawford-5.jpg,https://clevelandinternationalhalloffame.com/inductees/ambassador-edward-f-crawford/,,,,true
ambassador-edward-f-crawford-2024,Ambassador Edward F. Crawford,2024,profile-gallery-image,0.56,https://www.clevelandpeople.com/images/hof/hof-2024/s-edward-crawford-crowd.jpg,https://clevelandinternationalhalloffame.com/inductees/ambassador-edward-f-crawford/,,,,true
ambassador-edward-f-crawford-2024,Ambassador Edward F. Crawford,2024,profile-gallery-image,0.56,https://www.clevelandpeople.com/images/hof/hof-2024/s-edward-crawford-wife.jpg,https://clevelandinternationalhalloffame.com/inductees/ambassador-edward-f-crawford/,,,,true
ambassador-edward-f-crawford-2024,Ambassador Edward F. Crawford,2024,profile-gallery-image,0.56,https://www.clevelandpeople.com/images/hof/hof-2024/p-mark-owens-ambassadors.jpg,https://clevelandinternationalhalloffame.com/inductees/ambassador-edward-f-crawford/,,,,true
ambassador-edward-f-crawford-2024,Ambassador Edward F. Crawford,2024,profile-gallery-image,0.56,https://www.clevelandpeople.com/images/hof/hof-2024/crawfords-sheila.jpg,https://clevelandinternationalhalloffame.com/inductees/ambassador-edward-f-crawford/,,,,true
ambassador-edward-f-crawford-2024,Ambassador Edward F. Crawford,2024,profile-gallery-image,0.56,https://www.clevelandpeople.com/images/hof/hof-2024/p-irish-amb-mark.jpg,https://clevelandinternationalhalloffame.com/inductees/ambassador-edward-f-crawford/,,,,true
ambassador-edward-f-crawford-2024,Ambassador Edward F. Crawford,2024,profile-gallery-image,0.56,https://www.clevelandpeople.com/images/hof/hof-2024/p-crawford-people.jpg,https://clevelandinternationalhalloffame.com/inductees/ambassador-edward-f-crawford/,,,,true
ambassador-edward-f-crawford-2024,Ambassador Edward F. Crawford,2024,profile-gallery-image,0.56,https://www.clevelandpeople.com/images/hof/hof-2024/p-lewis-quinn.jpg,https://clevelandinternationalhalloffame.com/inductees/ambassador-edward-f-crawford/,,,,true
ambassador-edward-f-crawford-2024,Ambassador Edward F. Crawford,2024,profile-gallery-image,0.56,https://www.clevelandpeople.com/images/hof/hof-2024/p-kent-state.jpg,https://clevelandinternationalhalloffame.com/inductees/ambassador-edward-f-crawford/,,,,true
ambassador-edward-f-crawford-2024,Ambassador Edward F. Crawford,2024,profile-gallery-image,0.56,https://www.clevelandpeople.com/images/hof/hof-2024/p-doug-bugie-table.jpg,https://clevelandinternationalhalloffame.com/inductees/ambassador-edward-f-crawford/,,,,true
ambassador-edward-f-crawford-2024,Ambassador Edward F. Crawford,2024,profile-gallery-image,0.56,https://www.clevelandpeople.com/images/hof/hof-2024/p-irish-amb-mark-others.jpg,https://clevelandinternationalhalloffame.com/inductees/ambassador-edward-f-crawford/,,,,true
ambassador-edward-f-crawford-2024,Ambassador Edward F. Crawford,2024,profile-gallery-image,0.56,https://www.clevelandpeople.com/images/hof/hof-2024/p-jerry-quinn.jpg,https://clevelandinternationalhalloffame.com/inductees/ambassador-edward-f-crawford/,,,,true
ambassador-edward-f-crawford-2024,Ambassador Edward F. Crawford,2024,profile-gallery-image,0.56,https://www.clevelandpeople.com/images/hof/hof-2024/fb-crawford-group.jpg,https://clevelandinternationalhalloffame.com/inductees/ambassador-edward-f-crawford/,,,,true
ambassador-edward-f-crawford-2024,Ambassador Edward F. Crawford,2024,profile-gallery-image,0.56,https://www.clevelandpeople.com/images/hof/hof-2024/s-edward-crawford-award.jpg,https://clevelandinternationalhalloffame.com/inductees/ambassador-edward-f-crawford/,,,,true
anda-cook-2022,Anda Cook,2022,profile-gallery-image,0.56,https://www.clevelandpeople.com/images/hof/hof-2022/dagmar-celeste-induct-2.jpg,https://clevelandinternationalhalloffame.com/anda-cook/,,,,true
anda-cook-2022,Anda Cook,2022,profile-gallery-image,0.56,https://www.clevelandpeople.com/images/hof/hof-2022/anda-cook-dagmar-celeste2.jpg,https://clevelandinternationalhalloffame.com/anda-cook/,,,,true
anda-cook-2022,Anda Cook,2022,profile-gallery-image,0.56,https://www.clevelandpeople.com/images/hof/hof-2022/anda-cook-dagmar-celeste-hug.jpg,https://clevelandinternationalhalloffame.com/anda-cook/,,,,true
anda-cook-2022,Anda Cook,2022,profile-gallery-image,0.56,https://www.clevelandpeople.com/images/hof/hof-2022/anda-cook-dagmar-celeste-award.jpg,https://clevelandinternationalhalloffame.com/anda-cook/,,,,true
anda-cook-2022,Anda Cook,2022,profile-gallery-image,0.56,https://www.clevelandpeople.com/images/hof/hof-2022/anda-cook.jpg,https://clevelandinternationalhalloffame.com/anda-cook/,,,,true
anda-cook-2022,Anda Cook,2022,profile-gallery-image,0.56,https://www.clevelandpeople.com/images/hof/hof-2022/anda-cook-speak-1.jpg,https://clevelandinternationalhalloffame.com/anda-cook/,,,,true
anda-cook-2022,Anda Cook,2022,profile-gallery-image,0.56,https://www.clevelandpeople.com/images/hof/hof-2022/anda-cook-speak-3.jpg,https://clevelandinternationalhalloffame.com/anda-cook/,,,,true
anda-cook-2022,Anda Cook,2022,profile-gallery-image,0.56,https://www.clevelandpeople.com/images/hof/hof-2022/anda-granddaughter.jpg,https://clevelandinternationalhalloffame.com/anda-cook/,,,,true
andy-chakalis-2026,Andy Chakalis,2026,profile-gallery-image,0.56,https://www.clevelandpeople.com/images/hof/hof-2026-rada/andy-chakalis-s-lou-frangos.jpg,https://clevelandinternationalhalloffame.com/andy-chakalis/,,,Lou Frangos inducts Andy Chakalis,true
andy-chakalis-2026,Andy Chakalis,2026,profile-gallery-image,0.56,https://www.clevelandpeople.com/images/hof/hof-2026-rada/andy-chakalis-s-award-lou-2.jpg,https://clevelandinternationalhalloffame.com/andy-chakalis/,,,Lou Frangos inducts Andy Chakalis,true
andy-chakalis-2026,Andy Chakalis,2026,profile-gallery-image,0.56,https://www.clevelandpeople.com/images/hof/hof-2026-rada/andy-chakalis-s-award-lou.jpg,https://clevelandinternationalhalloffame.com/andy-chakalis/,,,Lou Frangos inducts Andy Chakalis,true
andy-chakalis-2026,Andy Chakalis,2026,profile-gallery-image,0.56,https://www.clevelandpeople.com/images/hof/hof-2026-rada/andy-chakalis-s-0.jpg,https://clevelandinternationalhalloffame.com/andy-chakalis/,,,Andy Chakalis Cleveland International Hall of Fame acceptance speech,true
andy-chakalis-2026,Andy Chakalis,2026,profile-gallery-image,0.56,https://www.clevelandpeople.com/images/hof/hof-2026-rada/andy-chakalis-s-1.jpg,https://clevelandinternationalhalloffame.com/andy-chakalis/,,,Andy Chakalis Cleveland International Hall of Fame acceptance speech,true
andy-chakalis-2026,Andy Chakalis,2026,profile-gallery-image,0.56,https://www.clevelandpeople.com/images/hof/hof-2026-rada/andy-chakalis-s-2.jpg,https://clevelandinternationalhalloffame.com/andy-chakalis/,,,Andy Chakalis Cleveland International Hall of Fame acceptance speech,true
andy-chakalis-2026,Andy Chakalis,2026,profile-gallery-image,0.56,https://www.clevelandpeople.com/images/hof/hof-2026-rada/andy-chakalis-s-3.jpg,https://clevelandinternationalhalloffame.com/andy-chakalis/,,,Andy Chakalis Cleveland International Hall of Fame acceptance speech,true
andy-chakalis-2026,Andy Chakalis,2026,profile-gallery-image,0.56,https://www.clevelandpeople.com/images/hof/hof-2026-rada/andy-chakalis-wife-lou.jpg,https://clevelandinternationalhalloffame.com/andy-chakalis/,,,Andy Chakalis Cleveland International Hall of Fame acceptance speech,true
andy-chakalis-2026,Andy Chakalis,2026,profile-gallery-image,0.56,https://www.clevelandpeople.com/images/hof/hof-2026-rada/andy-chakalis-group-1.jpg,https://clevelandinternationalhalloffame.com/andy-chakalis/,,,Andy Chakalis friends at Cleveland International Hall of Fame,true
andy-chakalis-2026,Andy Chakalis,2026,profile-gallery-image,0.56,https://www.clevelandpeople.com/images/hof/hof-2026-rada/e33-invocation.jpg,https://clevelandinternationalhalloffame.com/andy-chakalis/,,,Invocation by Reverend Father Stephen Callos who has served the community of Saints Constantine & Helen Greek Orthodox Cathedral,true
andy-chakalis-2026,Andy Chakalis,2026,profile-gallery-image,0.56,https://www.clevelandpeople.com/images/hof/hof-2026-rada/p-ann-lou-frangos.jpg,https://clevelandinternationalhalloffame.com/andy-chakalis/,,,Anne and Lou Frangos,true
andy-chakalis-2026,Andy Chakalis,2026,profile-gallery-image,0.56,https://www.clevelandpeople.com/images/hof/hof-2026-rada/p-greek-lady.jpg,https://clevelandinternationalhalloffame.com/andy-chakalis/,,,Andy Chakalis friends at Cleveland International Hall of Fame,true
andy-chakalis-2026,Andy Chakalis,2026,profile-gallery-image,0.56,https://www.clevelandpeople.com/images/hof/hof-2026-rada/p-costume-girl.jpg,https://clevelandinternationalhalloffame.com/andy-chakalis/,,,Andy Chakalis friends at Cleveland International Hall of Fame,true
andy-fedynsky-2026,Andy Fedynsky,2026,profile-gallery-image,0.56,https://www.clevelandpeople.com/images/hof/hof-2026-rada/andy-fedynsky-s-1-george-jaskiw.jpg,https://clevelandinternationalhalloffame.com/andy-fedynsky/,,,Dr. George Jaskiw inducts Andy Fedynsky into the Cleveland International Hall of Fame,true
andy-fedynsky-2026,Andy Fedynsky,2026,profile-gallery-image,0.56,https://www.clevelandpeople.com/images/hof/hof-2026-rada/andy-fedynsky-s-2-george-jaskiw.jpg,https://clevelandinternationalhalloffame.com/andy-fedynsky/,,,Dr. George Jaskiw inducts Andy Fedynsky into the Cleveland International Hall of Fame,true
andy-fedynsky-2026,Andy Fedynsky,2026,profile-gallery-image,0.56,https://www.clevelandpeople.com/images/hof/hof-2026-rada/andy-fedynsky-s-3-george-jaskiw.jpg,https://clevelandinternationalhalloffame.com/andy-fedynsky/,,,Dr. George Jaskiw inducts Andy Fedynsky into the Cleveland International Hall of Fame,true
andy-fedynsky-2026,Andy Fedynsky,2026,profile-gallery-image,0.56,https://www.clevelandpeople.com/images/hof/hof-2026-rada/andy-fedynsky-s-4-george-jaskiw.jpg,https://clevelandinternationalhalloffame.com/andy-fedynsky/,,,Dr. George Jaskiw inducts Andy Fedynsky into the Cleveland International Hall of Fame,true
andy-fedynsky-2026,Andy Fedynsky,2026,profile-gallery-image,0.56,https://www.clevelandpeople.com/images/hof/hof-2026-rada/andy-fedynsky-s-5.jpg,https://clevelandinternationalhalloffame.com/andy-fedynsky/,,,Andy Fedynsky in the Cleveland International Hall of Fame,true
andy-fedynsky-2026,Andy Fedynsky,2026,profile-gallery-image,0.56,https://www.clevelandpeople.com/images/hof/hof-2026-rada/andy-fedynsky-s-6.jpg,https://clevelandinternationalhalloffame.com/andy-fedynsky/,,,Andy Fedynsky in the Cleveland International Hall of Fame,true
andy-fedynsky-2026,Andy Fedynsky,2026,profile-gallery-image,0.56,https://www.clevelandpeople.com/images/hof/hof-2026-rada/andy-fedynsky-ladies.jpg,https://clevelandinternationalhalloffame.com/andy-fedynsky/,,,Andy Fedynsky friends at the Cleveland International Hall of Fame,true
andy-fedynsky-2026,Andy Fedynsky,2026,profile-gallery-image,0.56,https://www.clevelandpeople.com/images/hof/hof-2026-rada/andy-fedynsky-group-2.jpg,https://clevelandinternationalhalloffame.com/andy-fedynsky/,,,Andy Fedynsky friends at the Cleveland International Hall of Fame,true
andy-fedynsky-2026,Andy Fedynsky,2026,profile-gallery-image,0.56,https://www.clevelandpeople.com/images/hof/hof-2026-rada/andy-fedynsky-group-1.jpg,https://clevelandinternationalhalloffame.com/andy-fedynsky/,,,Andy Fedynsky friends at the Cleveland International Hall of Fame,true
andy-fedynsky-2026,Andy Fedynsky,2026,profile-gallery-image,0.56,https://www.clevelandpeople.com/images/hof/hof-2026-rada/andy-fedynsky-group-5.jpg,https://clevelandinternationalhalloffame.com/andy-fedynsky/,,,Andy Fedynsky friends at the Cleveland International Hall of Fame,true
andy-fedynsky-2026,Andy Fedynsky,2026,profile-gallery-image,0.56,https://www.clevelandpeople.com/images/hof/hof-2026/others/andy-fedynsky-ingrida-akli-demessie.jpg,https://clevelandinternationalhalloffame.com/andy-fedynsky/,,,Andy Fedynsky friends at the Cleveland International Hall of Fame,true
andy-fedynsky-2026,Andy Fedynsky,2026,profile-gallery-image,0.56,https://www.clevelandpeople.com/images/hof/hof-2026-rada/p-stuart-jose-feliciano-andy-fedynsky.jpg,https://clevelandinternationalhalloffame.com/andy-fedynsky/,,,"Stuart Musynski, Jose Feliciano and Andy Fedynsky",true
andy-fedynsky-2026,Andy Fedynsky,2026,profile-gallery-image,0.56,https://www.clevelandpeople.com/images/hof/hof-2026/others/uma-table.jpg,https://clevelandinternationalhalloffame.com/andy-fedynsky/,,,Andy Fedynsky friends at the Cleveland International Hall of Fame,true
andy-fedynsky-2026,Andy Fedynsky,2026,profile-gallery-image,0.56,https://www.clevelandpeople.com/images/hof/hof-2026-rada/e5-color-guard.jpg,https://clevelandinternationalhalloffame.com/andy-fedynsky/,,,Ukrainian-American soprano Julie Anna Gulenko led the national anthem,true
andy-fedynsky-2026,Andy Fedynsky,2026,profile-gallery-image,0.56,https://clevelandinternationalhalloffame.com/wp-content/uploads/2026/05/image-6-300x272.png,https://clevelandinternationalhalloffame.com/andy-fedynsky/,500,453,,true
andy-fedynsky-2026,Andy Fedynsky,2026,profile-gallery-image,0.56,https://clevelandinternationalhalloffame.com/wp-content/uploads/2026/05/image-6.png,https://clevelandinternationalhalloffame.com/andy-fedynsky/,500,453,,true
andy-fedynsky-2026,Andy Fedynsky,2026,profile-gallery-image,0.56,https://clevelandinternationalhalloffame.com/wp-content/uploads/2026/05/image-5.png,https://clevelandinternationalhalloffame.com/andy-fedynsky/,500,616,,true
arnie-de-la-porte-2016-2016,Arnie de la Porte – 2016,2016,profile-gallery-image,0.56,https://www.clevelandpeople.com/images/hof/hof-2016/event/2016-class-picture.jpg,https://clevelandinternationalhalloffame.com/arnie-de-la-porte-2016/,500,404,Class of 2016,true
arnie-de-la-porte-2016-2016,Arnie de la Porte – 2016,2016,profile-gallery-image,0.56,https://www.clevelandpeople.com/images/hof/hof-2016/event/peter-de-la-porte-ingrida-2.jpg,https://clevelandinternationalhalloffame.com/arnie-de-la-porte-2016/,500,497,Honorary Consul of the Republic of Lithuania Ingrida Bublys,true
arnie-de-la-porte-2016-2016,Arnie de la Porte – 2016,2016,profile-gallery-image,0.56,https://www.clevelandpeople.com/images/hof/hof-2016/event/peter-de-la-porte-ingrida-6.jpg,https://clevelandinternationalhalloffame.com/arnie-de-la-porte-2016/,500,503,Honorary Consul of the Republic of Lithuania Ingrida Bublys,true
arnie-de-la-porte-2016-2016,Arnie de la Porte – 2016,2016,profile-gallery-image,0.56,https://www.clevelandpeople.com/images/hof/hof-2016/event/peter-de-la-porte-ingrida-3.jpg,https://clevelandinternationalhalloffame.com/arnie-de-la-porte-2016/,500,406,Honorary Consul of the Republic of Lithuania Ingrida Bublys and Peter de la Porte,true
arnie-de-la-porte-2016-2016,Arnie de la Porte – 2016,2016,profile-gallery-image,0.56,https://www.clevelandpeople.com/images/hof/hof-2016/event/peter-de-la-porte-ingrida-1.jpg,https://clevelandinternationalhalloffame.com/arnie-de-la-porte-2016/,500,409,Peter de la Porte and Ingrida Bublys,true
arnie-de-la-porte-2016-2016,Arnie de la Porte – 2016,2016,profile-gallery-image,0.56,https://clevelandinternationalhalloffame.com/wp-content/uploads/2016/10/peter-ingrida.jpg,https://clevelandinternationalhalloffame.com/arnie-de-la-porte-2016/,500,343,Peter de la Porte and Ingrida Bublys,true
atul-mehta-2018,Atul Mehta,2018,profile-gallery-image,0.56,https://www.clevelandpeople.com/images/hof/hof-2018/cihf-c-rick-buoncore.jpg,https://clevelandinternationalhalloffame.com/inductees-asia/atul-mehta/,500,472,Richard J. Buoncore,true
atul-mehta-2018,Atul Mehta,2018,profile-gallery-image,0.56,https://www.clevelandpeople.com/images/hof/hof-2018/cihf-c-rick-buoncore-2.jpg,https://clevelandinternationalhalloffame.com/inductees-asia/atul-mehta/,500,445,Richard J. Buoncore,true
atul-mehta-2018,Atul Mehta,2018,profile-gallery-image,0.56,https://www.clevelandpeople.com/images/hof/hof-2018/cihf-p-buoncore.jpg,https://clevelandinternationalhalloffame.com/inductees-asia/atul-mehta/,500,378,Richard J. Buoncore and wife,true
atul-mehta-2018,Atul Mehta,2018,profile-gallery-image,0.56,https://www.clevelandpeople.com/images/hof/hof-2018/cihf-p-tim-1.jpg,https://clevelandinternationalhalloffame.com/inductees-asia/atul-mehta/,500,390,Dr. Mehta and supporters,true
atul-mehta-2018,Atul Mehta,2018,profile-gallery-image,0.56,https://www.clevelandpeople.com/images/hof/hof-2018/cihf-p-paramjit-singh.jpg,https://clevelandinternationalhalloffame.com/inductees-asia/atul-mehta/,500,333,Linda and Paramjit Singh,true
atul-mehta-2018,Atul Mehta,2018,profile-gallery-image,0.56,https://www.clevelandpeople.com/images/hof/hof-2018/gita-gidwani-mona-alag.jpg,https://clevelandinternationalhalloffame.com/inductees-asia/atul-mehta/,500,345,Dr. Gita Gidwani and Mona Alag,true
atul-mehta-2018,Atul Mehta,2018,profile-gallery-image,0.56,https://www.clevelandpeople.com/images/hof/hof-2018/cihf-cp-anjan-1.jpg,https://clevelandinternationalhalloffame.com/inductees-asia/atul-mehta/,500,396,Friends and family honoring Dr. Mehta,true
atul-mehta-2018,Atul Mehta,2018,profile-gallery-image,0.56,https://www.clevelandpeople.com/images/hof/hof-2018/cihf-cp-anjan-2.jpg,https://clevelandinternationalhalloffame.com/inductees-asia/atul-mehta/,500,384,Friends and family honoring Dr. Mehta,true
atul-mehta-2018,Atul Mehta,2018,profile-gallery-image,0.56,https://www.clevelandpeople.com/images/hof/hof-2018/cihf-cp-anjan-3.jpg,https://clevelandinternationalhalloffame.com/inductees-asia/atul-mehta/,500,392,Friends and family honoring Dr. Mehta,true
atul-mehta-2018,Atul Mehta,2018,profile-gallery-image,0.56,https://www.clevelandpeople.com/images/hof/hof-2018/cihf-cp-anjan-4.jpg,https://clevelandinternationalhalloffame.com/inductees-asia/atul-mehta/,500,333,Friends and family honoring Dr. Mehta,true
atul-mehta-2018,Atul Mehta,2018,profile-gallery-image,0.56,https://www.clevelandpeople.com/images/hof/hof-2018/cihf-cp-anjan-6.jpg,https://clevelandinternationalhalloffame.com/inductees-asia/atul-mehta/,500,380,Friends and family honoring Dr. Mehta,true
atul-mehta-2018,Atul Mehta,2018,profile-gallery-image,0.56,https://www.clevelandpeople.com/images/hof/hof-2018/cihf-cp-anjan-7.jpg,https://clevelandinternationalhalloffame.com/inductees-asia/atul-mehta/,500,357,Friends and family honoring Dr. Mehta,true
atul-mehta-2018,Atul Mehta,2018,profile-gallery-image,0.56,https://www.clevelandpeople.com/images/hof/hof-2018/cihf-cp-anjan-8.jpg,https://clevelandinternationalhalloffame.com/inductees-asia/atul-mehta/,500,375,Friends and family honoring Dr. Mehta,true
atul-mehta-2018,Atul Mehta,2018,profile-gallery-image,0.56,https://www.clevelandpeople.com/images/hof/hof-2018/cihf-cp-anjan-9.jpg,https://clevelandinternationalhalloffame.com/inductees-asia/atul-mehta/,500,361,Friends and family honoring Dr. Mehta,true
atul-mehta-2018,Atul Mehta,2018,profile-gallery-image,0.56,https://www.clevelandpeople.com/images/hof/hof-2018/cihf-cp-anjan-10.jpg,https://clevelandinternationalhalloffame.com/inductees-asia/atul-mehta/,500,350,Friends and family honoring Dr. Mehta,true
atul-mehta-2018,Atul Mehta,2018,profile-gallery-image,0.56,https://www.clevelandpeople.com/images/hof/hof-2018/cihf-cp-anjan-16.jpg,https://clevelandinternationalhalloffame.com/inductees-asia/atul-mehta/,500,401,Friends and family honoring Dr. Mehta,true
atul-mehta-2018,Atul Mehta,2018,profile-gallery-image,0.56,https://www.clevelandpeople.com/images/hof/hof-2018/cihf-cp-anjan-17.jpg,https://clevelandinternationalhalloffame.com/inductees-asia/atul-mehta/,500,356,Friends and family honoring Dr. Mehta,true
atul-mehta-2018,Atul Mehta,2018,profile-gallery-image,0.56,https://www.clevelandpeople.com/images/hof/hof-2018/cihf-cp-anjan-31.jpg,https://clevelandinternationalhalloffame.com/inductees-asia/atul-mehta/,500,395,Friends and family honoring Dr. Mehta,true
atul-mehta-2018,Atul Mehta,2018,profile-gallery-image,0.56,https://www.clevelandpeople.com/images/hof/hof-2018/cihf-cp-anjan-39.jpg,https://clevelandinternationalhalloffame.com/inductees-asia/atul-mehta/,500,577,Friends and family honoring Dr. Mehta,true
atul-mehta-2018,Atul Mehta,2018,profile-gallery-image,0.56,https://www.clevelandpeople.com/images/hof/hof-2018/cihf-cp-anjan-18.jpg,https://clevelandinternationalhalloffame.com/inductees-asia/atul-mehta/,500,390,Friends and family honoring Dr. Mehta,true
atul-mehta-2018,Atul Mehta,2018,profile-gallery-image,0.56,https://clevelandinternationalhalloffame.com/wp-content/uploads/2018/06/cihf-cp-anjan-ratanjit-buonocore.jpg,https://clevelandinternationalhalloffame.com/inductees-asia/atul-mehta/,500,376,Dr Mehta's friends Ratanjit Sondhe and Richard and Mrs. Buoncore,true
atul-mehta-2018,Atul Mehta,2018,profile-gallery-image,0.56,https://clevelandinternationalhalloffame.com/wp-content/uploads/2018/06/cihf-p-tim-1.jpg,https://clevelandinternationalhalloffame.com/inductees-asia/atul-mehta/,500,390,Everyone wanted to pose with new Hall of Fame inductee Dr. Mehta,true
atul-mehta-2018,Atul Mehta,2018,profile-gallery-image,0.56,https://clevelandinternationalhalloffame.com/wp-content/uploads/2018/06/cihf-cp-mona-alag-ahtul-mehta.jpg,https://clevelandinternationalhalloffame.com/inductees-asia/atul-mehta/,500,375,2017 inductee Mona Alag with Dr. Mehta,true
atul-mehta-2018,Atul Mehta,2018,profile-gallery-image,0.56,https://clevelandinternationalhalloffame.com/wp-content/uploads/2018/06/cihf-c-ahtul-mehta-rick-buoncore-2.jpg,https://clevelandinternationalhalloffame.com/inductees-asia/atul-mehta/,500,383,Richard J. Buoncore inducts Dr. Ahtul C. Mehta into the Cleveland International Hall of Fame,true
atul-mehta-2018,Atul Mehta,2018,profile-gallery-image,0.56,https://clevelandinternationalhalloffame.com/wp-content/uploads/2018/06/cihf-c-ahtul-mehta-rick-buoncore.jpg,https://clevelandinternationalhalloffame.com/inductees-asia/atul-mehta/,500,551,Richard J. Buoncore inducts Dr. Ahtul C. Mehta into the Cleveland International Hall of Fame,true
atul-mehta-2018,Atul Mehta,2018,profile-gallery-image,0.56,https://clevelandinternationalhalloffame.com/wp-content/uploads/2018/06/cihf-c-ahtul-mehta-6.jpg,https://clevelandinternationalhalloffame.com/inductees-asia/atul-mehta/,500,500,Dr. Ahtul C. Mehta acceptance speech at the Cleveland International Hall of Fame,true
atul-mehta-2018,Atul Mehta,2018,profile-gallery-image,0.56,https://clevelandinternationalhalloffame.com/wp-content/uploads/2018/06/cihf-c-ahtul-mehta-5.jpg,https://clevelandinternationalhalloffame.com/inductees-asia/atul-mehta/,500,409,Dr. Ahtul C. Mehta acceptance speech at the Cleveland International Hall of Fame,true
atul-mehta-2018,Atul Mehta,2018,profile-gallery-image,0.56,https://clevelandinternationalhalloffame.com/wp-content/uploads/2018/06/cihf-c-ahtul-mehta-4.jpg,https://clevelandinternationalhalloffame.com/inductees-asia/atul-mehta/,500,653,,true
atul-mehta-2018,Atul Mehta,2018,profile-gallery-image,0.56,https://clevelandinternationalhalloffame.com/wp-content/uploads/2018/06/cihf-c-ahtul-mehta-3.jpg,https://clevelandinternationalhalloffame.com/inductees-asia/atul-mehta/,500,451,Dr. Ahtul C. Mehta acceptance speech at the Cleveland International Hall of Fame,true
atul-mehta-2018,Atul Mehta,2018,profile-gallery-image,0.56,https://clevelandinternationalhalloffame.com/wp-content/uploads/2018/06/cihf-c-ahtul-mehta.jpg,https://clevelandinternationalhalloffame.com/inductees-asia/atul-mehta/,500,499,Dr. Ahtul C. Mehta acceptance speech at the Cleveland International Hall of Fame,true
basil-russo-2017,Basil Russo,2017,profile-gallery-image,0.56,https://www.clevelandpeople.com/images/hof/hof-2017/pa-kelli-perk.jpg,https://clevelandinternationalhalloffame.com/inductees-europe/basil-russo/,500,362,Joe Rosalina and Kelli Perk,true
berj-shakarian-2020,Berj Shakarian,2020,profile-gallery-image,0.56,https://clevelandinternationalhalloffame.com/wp-content/uploads/2022/05/plaza-berj-medallion-600x575.jpg,https://clevelandinternationalhalloffame.com/berj-shakarian/,1024,982,,true
berj-shakarian-2020,Berj Shakarian,2020,profile-gallery-image,0.56,https://www.clevelandpeople.com/images/hof/hof-2022/paul-burik-induct-3.jpg,https://clevelandinternationalhalloffame.com/berj-shakarian/,,,,true
berj-shakarian-2020,Berj Shakarian,2020,profile-gallery-image,0.56,https://www.clevelandpeople.com/images/hof/hof-2022/berj-shakarian-paul-burik-hug.jpg,https://clevelandinternationalhalloffame.com/berj-shakarian/,,,,true
berj-shakarian-2020,Berj Shakarian,2020,profile-gallery-image,0.56,https://www.clevelandpeople.com/images/hof/hof-2022/berj-shakarian-paul-burik-award.jpg,https://clevelandinternationalhalloffame.com/berj-shakarian/,,,,true
berj-shakarian-2020,Berj Shakarian,2020,profile-gallery-image,0.56,https://www.clevelandpeople.com/images/hof/hof-2022/berj-shakarian-speak-2.jpg,https://clevelandinternationalhalloffame.com/berj-shakarian/,,,,true
berj-shakarian-2020,Berj Shakarian,2020,profile-gallery-image,0.56,https://www.clevelandpeople.com/images/hof/hof-2022/berj-shakarian-speak-3.jpg,https://clevelandinternationalhalloffame.com/berj-shakarian/,,,,true
berj-shakarian-2020,Berj Shakarian,2020,profile-gallery-image,0.56,https://www.clevelandpeople.com/images/hof/hof-2022/berj-group.jpg,https://clevelandinternationalhalloffame.com/berj-shakarian/,,,,true
berj-shakarian-2020,Berj Shakarian,2020,profile-gallery-image,0.56,https://clevelandinternationalhalloffame.com/wp-content/uploads/2022/05/mayor-berj-2-scaled.jpg,https://clevelandinternationalhalloffame.com/berj-shakarian/,,,,true
berj-shakarian-2020,Berj Shakarian,2020,profile-gallery-image,0.56,https://clevelandinternationalhalloffame.com/wp-content/uploads/2022/05/plaza-berj-medallion-scaled.jpg,https://clevelandinternationalhalloffame.com/berj-shakarian/,,,,true
berj-shakarian-2020,Berj Shakarian,2020,profile-gallery-image,0.56,https://clevelandinternationalhalloffame.com/wp-content/uploads/2022/05/berj-1.jpg,https://clevelandinternationalhalloffame.com/berj-shakarian/,656,606,,true
beverly-kerecman-2025,Beverly Kerecman,2025,profile-gallery-image,0.56,https://clevelandinternationalhalloffame.com/wp-content/uploads/2025/05/oanh-cihf-11-208x300.jpg,https://clevelandinternationalhalloffame.com/beverly-kerecman/,500,720,,true
beverly-kerecman-2025,Beverly Kerecman,2025,profile-gallery-image,0.56,https://clevelandinternationalhalloffame.com/wp-content/uploads/2025/05/class-picture1-300x254.jpg,https://clevelandinternationalhalloffame.com/beverly-kerecman/,500,424,2025 class of the Cleveland International Hall of Fame (Ray Aggarwal not in photo),true
beverly-kerecman-2025,Beverly Kerecman,2025,profile-gallery-image,0.56,https://clevelandinternationalhalloffame.com/wp-content/uploads/2025/05/oanh-cihf-11.jpg,https://clevelandinternationalhalloffame.com/beverly-kerecman/,500,720,,true
bill-miller-2017,Bill Miller,2017,profile-gallery-image,0.56,https://clevelandinternationalhalloffame.com/wp-content/uploads/2017/03/ph-marianna-miller.jpg,https://clevelandinternationalhalloffame.com/inductees-europe/bill-miller/,500,353,Marianna Miller and daughter,true
bill-miller-2017,Bill Miller,2017,profile-gallery-image,0.56,https://clevelandinternationalhalloffame.com/wp-content/uploads/2017/03/ih-marianna-miller.jpg,https://clevelandinternationalhalloffame.com/inductees-europe/bill-miller/,500,551,Marianna Miller,true
bill-miller-2017,Bill Miller,2017,profile-gallery-image,0.56,https://clevelandinternationalhalloffame.com/wp-content/uploads/2017/03/ie-marianna-miller.jpg,https://clevelandinternationalhalloffame.com/inductees-europe/bill-miller/,500,482,Marianna Miller,true
bill-miller-2017,Bill Miller,2017,profile-gallery-image,0.56,https://clevelandinternationalhalloffame.com/wp-content/uploads/2017/03/ie-august-pust-marianna-miller.jpg,https://clevelandinternationalhalloffame.com/inductees-europe/bill-miller/,500,353,August Pust and Marianna Miller,true
bill-miller-2017,Bill Miller,2017,profile-gallery-image,0.56,https://clevelandinternationalhalloffame.com/wp-content/uploads/2017/03/ia-august-pust.jpg,https://clevelandinternationalhalloffame.com/inductees-europe/bill-miller/,500,421,August Pust,true
bill-miller-2017,Bill Miller,2017,profile-gallery-image,0.56,https://clevelandinternationalhalloffame.com/wp-content/uploads/2017/03/wael-khoury-500.jpg,https://clevelandinternationalhalloffame.com/inductees-europe/bill-miller/,500,550,"Wael Khoury,M.D.",true
bill-miller-2017,Bill Miller,2017,profile-gallery-image,0.56,https://clevelandinternationalhalloffame.com/wp-content/uploads/2017/03/sam-kim-500.jpg,https://clevelandinternationalhalloffame.com/inductees-europe/bill-miller/,500,618,Sam Kim,true
bill-miller-2017,Bill Miller,2017,profile-gallery-image,0.56,https://clevelandinternationalhalloffame.com/wp-content/uploads/2017/03/mona-alag-500.jpg,https://clevelandinternationalhalloffame.com/inductees-europe/bill-miller/,500,585,Mona Alag,true
bill-miller-2017,Bill Miller,2017,profile-gallery-image,0.56,https://clevelandinternationalhalloffame.com/wp-content/uploads/2017/03/jim-craciun-500.jpg,https://clevelandinternationalhalloffame.com/inductees-europe/bill-miller/,500,719,Jim Craciun,true
bill-miller-2017,Bill Miller,2017,profile-gallery-image,0.56,https://clevelandinternationalhalloffame.com/wp-content/uploads/2017/03/basil-russo-500.jpg,https://clevelandinternationalhalloffame.com/inductees-europe/bill-miller/,500,625,Basil Russo,true
branka-malinar-2025,Branka Malinar,2025,profile-gallery-image,0.56,https://clevelandinternationalhalloffame.com/wp-content/uploads/2025/05/class-picture1-300x254.jpg,https://clevelandinternationalhalloffame.com/branka-malinar/,500,424,2025 class of the Cleveland International Hall of Fame (Ray Aggarwal not in photo),true
carl-robson-2022,Carl Robson,2022,profile-gallery-image,0.56,https://www.clevelandpeople.com/images/ethiopian/2019/ethiopian-mural/ethiopian-mosaic-front.jpg,https://clevelandinternationalhalloffame.com/carl-robson/,,,,true
carl-robson-2022,Carl Robson,2022,profile-gallery-image,0.56,https://www.clevelandpeople.com/images/hof/hof-2022/aklilu-demessie-induct.jpg,https://clevelandinternationalhalloffame.com/carl-robson/,,,,true
carl-robson-2022,Carl Robson,2022,profile-gallery-image,0.56,https://www.clevelandpeople.com/images/hof/hof-2022/carl-robson-aklilu-demessie-award.jpg,https://clevelandinternationalhalloffame.com/carl-robson/,,,,true
carl-robson-2022,Carl Robson,2022,profile-gallery-image,0.56,https://www.clevelandpeople.com/images/hof/hof-2022/carl-robson-aklilu-demessie.jpg,https://clevelandinternationalhalloffame.com/carl-robson/,,,,true
carl-robson-2022,Carl Robson,2022,profile-gallery-image,0.56,https://www.clevelandpeople.com/images/hof/hof-2022/carl-robson-speak-3.jpg,https://clevelandinternationalhalloffame.com/carl-robson/,,,,true
carl-robson-2022,Carl Robson,2022,profile-gallery-image,0.56,https://www.clevelandpeople.com/images/hof/hof-2022/carl-robson-speak-5.jpg,https://clevelandinternationalhalloffame.com/carl-robson/,,,,true
carl-robson-2022,Carl Robson,2022,profile-gallery-image,0.56,https://www.clevelandpeople.com/images/hof/hof-2022/carl-robson-speak-1.jpg,https://clevelandinternationalhalloffame.com/carl-robson/,,,,true
carl-robson-2022,Carl Robson,2022,profile-gallery-image,0.56,https://www.clevelandpeople.com/images/hof/hof-2022/carl-robson-group-2.jpg,https://clevelandinternationalhalloffame.com/carl-robson/,,,,true
carl-robson-2022,Carl Robson,2022,profile-gallery-image,0.56,https://www.clevelandpeople.com/images/hof/hof-2022/carl-robson-group.jpg,https://clevelandinternationalhalloffame.com/carl-robson/,,,,true
carl-robson-2022,Carl Robson,2022,profile-gallery-image,0.56,https://www.clevelandpeople.com/images/hof/hof-2022/crowd-ethiopian-2.jpg,https://clevelandinternationalhalloffame.com/carl-robson/,,,,true
carolyn-balogh-2016-2016,Carolyn Balogh – 2016,2016,profile-gallery-image,0.56,https://www.clevelandpeople.com/images/hof/hof-2016/event/2016-class-picture.jpg,https://clevelandinternationalhalloffame.com/carolyn-balogh-2016/,500,404,Class of 2016,true
catherine-jorgensen-mccutcheon-2026,Catherine Jorgensen McCutcheon,2026,profile-gallery-image,0.56,https://www.clevelandpeople.com/images/hof/hof-2026-rada/cathy-s-2.jpg,https://clevelandinternationalhalloffame.com/catherine-jorgensen-mccutcheon/,,,Karin McCutcheon inducting Catherine Jorgensen McCutcheon<br>Cleveland International Hall of Fame,true
catherine-jorgensen-mccutcheon-2026,Catherine Jorgensen McCutcheon,2026,profile-gallery-image,0.56,https://www.clevelandpeople.com/images/hof/hof-2026-rada/cathy-s-3.jpg,https://clevelandinternationalhalloffame.com/catherine-jorgensen-mccutcheon/,,,Karin and Catherine Jorgensen McCutcheon Cleveland International Hall of Fame,true
catherine-jorgensen-mccutcheon-2026,Catherine Jorgensen McCutcheon,2026,profile-gallery-image,0.56,https://www.clevelandpeople.com/images/hof/hof-2026-rada/cathy-s-4.jpg,https://clevelandinternationalhalloffame.com/catherine-jorgensen-mccutcheon/,,,Catherine Jorgensen McCutcheon Cleveland International Hall of Fame,true
catherine-jorgensen-mccutcheon-2026,Catherine Jorgensen McCutcheon,2026,profile-gallery-image,0.56,https://www.clevelandpeople.com/images/hof/hof-2026-rada/cathy-s-5.jpg,https://clevelandinternationalhalloffame.com/catherine-jorgensen-mccutcheon/,,,Catherine Jorgensen McCutcheon Cleveland International Hall of Fame,true
catherine-jorgensen-mccutcheon-2026,Catherine Jorgensen McCutcheon,2026,profile-gallery-image,0.56,https://www.clevelandpeople.com/images/hof/hof-2026-rada/cathy-s-6.jpg,https://clevelandinternationalhalloffame.com/catherine-jorgensen-mccutcheon/,,,Catherine Jorgensen McCutcheon Cleveland International Hall of Fame,true
catherine-jorgensen-mccutcheon-2026,Catherine Jorgensen McCutcheon,2026,profile-gallery-image,0.56,https://www.clevelandpeople.com/images/hof/hof-2026-rada/catherine-group-1.jpg,https://clevelandinternationalhalloffame.com/catherine-jorgensen-mccutcheon/,,,Catherine Jorgensen McCutcheon Cleveland International Hall of Fame,true
catherine-jorgensen-mccutcheon-2026,Catherine Jorgensen McCutcheon,2026,profile-gallery-image,0.56,https://www.clevelandpeople.com/images/hof/hof-2026-rada/catherine-9-ann-frangos.jpg,https://clevelandinternationalhalloffame.com/catherine-jorgensen-mccutcheon/,,,Catherine Jorgensen McCutcheon and Anne Frangos,true
catherine-jorgensen-mccutcheon-2026,Catherine Jorgensen McCutcheon,2026,profile-gallery-image,0.56,https://www.clevelandpeople.com/images/hof/hof-2026-rada/p-cathy-ladies.jpg,https://clevelandinternationalhalloffame.com/catherine-jorgensen-mccutcheon/,,,Catherine Jorgensen McCutcheon friends at Cleveland International Hall of Fame,true
catherine-jorgensen-mccutcheon-2026,Catherine Jorgensen McCutcheon,2026,profile-gallery-image,0.56,https://www.clevelandpeople.com/images/hof/hof-2026-rada/p-cathy-ladies-2.jpg,https://clevelandinternationalhalloffame.com/catherine-jorgensen-mccutcheon/,,,Catherine Jorgensen McCutcheon friends at Cleveland International Hall of Fame,true
david-gilbert-2025,David Gilbert,2025,profile-gallery-image,0.56,https://clevelandinternationalhalloffame.com/wp-content/uploads/2025/05/ingrida-cihf-21-300x186.jpg,https://clevelandinternationalhalloffame.com/david-gilbert/,500,310,,true
david-gilbert-2025,David Gilbert,2025,profile-gallery-image,0.56,https://clevelandinternationalhalloffame.com/wp-content/uploads/2025/05/ingrida-cihf-11-300x289.jpg,https://clevelandinternationalhalloffame.com/david-gilbert/,500,481,,true
david-gilbert-2025,David Gilbert,2025,profile-gallery-image,0.56,https://clevelandinternationalhalloffame.com/wp-content/uploads/2025/05/jackson-gilbert-blaine1-258x300.jpg,https://clevelandinternationalhalloffame.com/david-gilbert/,500,582,,true
david-gilbert-2025,David Gilbert,2025,profile-gallery-image,0.56,https://clevelandinternationalhalloffame.com/wp-content/uploads/2025/05/class-picture1-300x254.jpg,https://clevelandinternationalhalloffame.com/david-gilbert/,500,424,,true
david-gilbert-2025,David Gilbert,2025,profile-gallery-image,0.56,https://clevelandinternationalhalloffame.com/wp-content/uploads/2025/05/class-picture1.jpg,https://clevelandinternationalhalloffame.com/david-gilbert/,500,424,2025 class of the Cleveland International Hall of Fame (Ray Aggarwal not in photo),true
david-gilbert-2025,David Gilbert,2025,profile-gallery-image,0.56,https://clevelandinternationalhalloffame.com/wp-content/uploads/2025/05/jackson-gilbert-blaine1.jpg,https://clevelandinternationalhalloffame.com/david-gilbert/,500,582,,true
david-gilbert-2025,David Gilbert,2025,profile-gallery-image,0.56,https://clevelandinternationalhalloffame.com/wp-content/uploads/2025/05/ingrida-cihf-11.jpg,https://clevelandinternationalhalloffame.com/david-gilbert/,500,481,,true
david-gilbert-2025,David Gilbert,2025,profile-gallery-image,0.56,https://clevelandinternationalhalloffame.com/wp-content/uploads/2025/05/ingrida-cihf-21.jpg,https://clevelandinternationalhalloffame.com/david-gilbert/,500,310,,true
dona-brady-2024,Dona Brady,2024,profile-gallery-image,0.56,https://www.clevelandpeople.com/images/hof/hof-2024/p-albanians.jpg,https://clevelandinternationalhalloffame.com/inductees/dona-brady/,,,,true
dona-brady-2024,Dona Brady,2024,profile-gallery-image,0.56,https://www.clevelandpeople.com/images/hof/hof-2024/p-albanian-table-1.jpg,https://clevelandinternationalhalloffame.com/inductees/dona-brady/,,,,true
dona-brady-2024,Dona Brady,2024,profile-gallery-image,0.56,https://www.clevelandpeople.com/images/hof/hof-2024/p-albanian-table-2.jpg,https://clevelandinternationalhalloffame.com/inductees/dona-brady/,,,,true
dona-brady-2024,Dona Brady,2024,profile-gallery-image,0.56,https://www.clevelandpeople.com/images/hof/hof-2024/p-mike-polensek-m1.jpg,https://clevelandinternationalhalloffame.com/inductees/dona-brady/,,,,true
dona-brady-2024,Dona Brady,2024,profile-gallery-image,0.56,https://www.clevelandpeople.com/images/hof/hof-2024/s-mike-polensek-1.jpg,https://clevelandinternationalhalloffame.com/inductees/dona-brady/,,,,true
dona-brady-2024,Dona Brady,2024,profile-gallery-image,0.56,https://www.clevelandpeople.com/images/hof/hof-2024/s-dona-mike-m2.jpg,https://clevelandinternationalhalloffame.com/inductees/dona-brady/,,,,true
dona-brady-2024,Dona Brady,2024,profile-gallery-image,0.56,https://www.clevelandpeople.com/images/hof/hof-2024/s-dona-mike-m1.jpg,https://clevelandinternationalhalloffame.com/inductees/dona-brady/,,,,true
dona-brady-2024,Dona Brady,2024,profile-gallery-image,0.56,https://www.clevelandpeople.com/images/hof/hof-2024/s-dona-brady-5.jpg,https://clevelandinternationalhalloffame.com/inductees/dona-brady/,,,,true
dona-brady-2024,Dona Brady,2024,profile-gallery-image,0.56,https://www.clevelandpeople.com/images/hof/hof-2024/s-dona-brady-1.jpg,https://clevelandinternationalhalloffame.com/inductees/dona-brady/,,,,true
dona-brady-2024,Dona Brady,2024,profile-gallery-image,0.56,https://www.clevelandpeople.com/images/hof/hof-2024/s-dona-brady-3.jpg,https://clevelandinternationalhalloffame.com/inductees/dona-brady/,,,,true
dona-brady-2024,Dona Brady,2024,profile-gallery-image,0.56,https://www.clevelandpeople.com/images/hof/hof-2024/s-dona-brady-4.jpg,https://clevelandinternationalhalloffame.com/inductees/dona-brady/,,,,true
dona-brady-2024,Dona Brady,2024,profile-gallery-image,0.56,https://www.clevelandpeople.com/images/hof/hof-2024/judge-polensek-dona-jeff.jpg,https://clevelandinternationalhalloffame.com/inductees/dona-brady/,,,,true
dona-brady-2024,Dona Brady,2024,profile-gallery-image,0.56,https://www.clevelandpeople.com/images/hof/hof-2024/p-debbie-hanson-dona-brady.jpg,https://clevelandinternationalhalloffame.com/inductees/dona-brady/,,,,true
dona-brady-2024,Dona Brady,2024,profile-gallery-image,0.56,https://www.clevelandpeople.com/images/hof/hof-2024/fb-albanian-table-1.jpg,https://clevelandinternationalhalloffame.com/inductees/dona-brady/,,,,true
dona-brady-2024,Dona Brady,2024,profile-gallery-image,0.56,https://www.clevelandpeople.com/images/hof/hof-2024/fb-albanian-table-2.jpg,https://clevelandinternationalhalloffame.com/inductees/dona-brady/,,,,true
dona-brady-2024,Dona Brady,2024,profile-gallery-image,0.56,https://www.clevelandpeople.com/images/hof/hof-2024/fb-dona-brady-award.jpg,https://clevelandinternationalhalloffame.com/inductees/dona-brady/,,,,true
dona-brady-2024,Dona Brady,2024,profile-gallery-image,0.56,https://clevelandinternationalhalloffame.com/wp-content/uploads/2024/01/42-albanian-21.jpg,https://clevelandinternationalhalloffame.com/inductees/dona-brady/,500,502,,true
dona-brady-2024,Dona Brady,2024,profile-gallery-image,0.56,https://clevelandinternationalhalloffame.com/wp-content/uploads/2024/01/bujar-nishani-podium21.jpg,https://clevelandinternationalhalloffame.com/inductees/dona-brady/,500,435,,true
dr-eugene-jordan-2024,Dr. Eugene Jordan,2024,profile-gallery-image,0.56,https://www.clevelandpeople.com/images/hof/hof-2024/s-dr-jordan-otis-moss-1.jpg,https://clevelandinternationalhalloffame.com/inductees/dr-eugene-jordan/,,,,true
dr-eugene-jordan-2024,Dr. Eugene Jordan,2024,profile-gallery-image,0.56,https://www.clevelandpeople.com/images/hof/hof-2024/s-dr-jordan-otis-moss-4.jpg,https://clevelandinternationalhalloffame.com/inductees/dr-eugene-jordan/,,,,true
dr-eugene-jordan-2024,Dr. Eugene Jordan,2024,profile-gallery-image,0.56,https://www.clevelandpeople.com/images/hof/hof-2024/s-dr-jordan-otis-moss-family-1.jpg,https://clevelandinternationalhalloffame.com/inductees/dr-eugene-jordan/,,,,true
dr-eugene-jordan-2024,Dr. Eugene Jordan,2024,profile-gallery-image,0.56,https://www.clevelandpeople.com/images/hof/hof-2024/s-dr-jordan-otis-moss-family-2.jpg,https://clevelandinternationalhalloffame.com/inductees/dr-eugene-jordan/,,,,true
dr-eugene-jordan-2024,Dr. Eugene Jordan,2024,profile-gallery-image,0.56,https://www.clevelandpeople.com/images/hof/hof-2024/s-dr-jordan-otis-moss-family-3.jpg,https://clevelandinternationalhalloffame.com/inductees/dr-eugene-jordan/,,,,true
dr-eugene-jordan-2024,Dr. Eugene Jordan,2024,profile-gallery-image,0.56,https://www.clevelandpeople.com/images/hof/hof-2024/s-dr-jordan-otis-moss-family-5.jpg,https://clevelandinternationalhalloffame.com/inductees/dr-eugene-jordan/,,,,true
dr-eugene-jordan-2024,Dr. Eugene Jordan,2024,profile-gallery-image,0.56,https://www.clevelandpeople.com/images/hof/hof-2024/s-dr-jordan-otis-moss-family-6.jpg,https://clevelandinternationalhalloffame.com/inductees/dr-eugene-jordan/,,,,true
dr-eugene-jordan-2024,Dr. Eugene Jordan,2024,profile-gallery-image,0.56,https://www.clevelandpeople.com/images/hof/hof-2024/s-dr-jordan-otis-moss-family-7.jpg,https://clevelandinternationalhalloffame.com/inductees/dr-eugene-jordan/,,,,true
dr-eugene-jordan-2024,Dr. Eugene Jordan,2024,profile-gallery-image,0.56,https://www.clevelandpeople.com/images/hof/hof-2024/s-dr-jordan-otis-moss-family-8.jpg,https://clevelandinternationalhalloffame.com/inductees/dr-eugene-jordan/,,,,true
dr-eugene-jordan-2024,Dr. Eugene Jordan,2024,profile-gallery-image,0.56,https://www.clevelandpeople.com/images/hof/hof-2024/s-dr-jordan-otis-moss-family-9.jpg,https://clevelandinternationalhalloffame.com/inductees/dr-eugene-jordan/,,,,true
dr-eugene-jordan-2024,Dr. Eugene Jordan,2024,profile-gallery-image,0.56,https://www.clevelandpeople.com/images/hof/hof-2024/s-dr-jordan-otis-moss-family-10.jpg,https://clevelandinternationalhalloffame.com/inductees/dr-eugene-jordan/,,,,true
dr-eugene-jordan-2024,Dr. Eugene Jordan,2024,profile-gallery-image,0.56,https://www.clevelandpeople.com/images/hof/hof-2024/s-dr-jordan-otis-moss-family-11.jpg,https://clevelandinternationalhalloffame.com/inductees/dr-eugene-jordan/,,,,true
dr-eugene-jordan-2024,Dr. Eugene Jordan,2024,profile-gallery-image,0.56,https://www.clevelandpeople.com/images/hof/hof-2024/s-dr-jordan-otis-moss-family-14.jpg,https://clevelandinternationalhalloffame.com/inductees/dr-eugene-jordan/,,,,true
dr-eugene-jordan-2024,Dr. Eugene Jordan,2024,profile-gallery-image,0.56,https://www.clevelandpeople.com/images/hof/hof-2024/s-dr-jordan-family-dan.jpg,https://clevelandinternationalhalloffame.com/inductees/dr-eugene-jordan/,,,,true
dr-eugene-jordan-2024,Dr. Eugene Jordan,2024,profile-gallery-image,0.56,https://www.clevelandpeople.com/images/hof/hof-2024/s-jordans-m2-dan.jpg,https://clevelandinternationalhalloffame.com/inductees/dr-eugene-jordan/,,,,true
dr-eugene-jordan-2024,Dr. Eugene Jordan,2024,profile-gallery-image,0.56,https://www.clevelandpeople.com/images/hof/hof-2024/s-dr-jordan-family-russ.jpg,https://clevelandinternationalhalloffame.com/inductees/dr-eugene-jordan/,,,,true
dr-eugene-jordan-2024,Dr. Eugene Jordan,2024,profile-gallery-image,0.56,https://www.clevelandpeople.com/images/hof/hof-2024/s-dr-jordan-family-1.jpg,https://clevelandinternationalhalloffame.com/inductees/dr-eugene-jordan/,,,,true
dr-eugene-jordan-2024,Dr. Eugene Jordan,2024,profile-gallery-image,0.56,https://www.clevelandpeople.com/images/hof/hof-2024/s-dr-jordan-family-2.jpg,https://clevelandinternationalhalloffame.com/inductees/dr-eugene-jordan/,,,,true
dr-eugene-jordan-2024,Dr. Eugene Jordan,2024,profile-gallery-image,0.56,https://www.clevelandpeople.com/images/hof/hof-2024/p-jordan-table.jpg,https://clevelandinternationalhalloffame.com/inductees/dr-eugene-jordan/,,,,true
dr-eugene-jordan-2024,Dr. Eugene Jordan,2024,profile-gallery-image,0.56,https://www.clevelandpeople.com/images/hof/hof-2024/p-jordans-pose-m.jpg,https://clevelandinternationalhalloffame.com/inductees/dr-eugene-jordan/,,,,true
dr-eugene-jordan-2024,Dr. Eugene Jordan,2024,profile-gallery-image,0.56,https://www.clevelandpeople.com/images/hof/hof-2024/p-table-9.jpg,https://clevelandinternationalhalloffame.com/inductees/dr-eugene-jordan/,,,,true
dr-eugene-jordan-2024,Dr. Eugene Jordan,2024,profile-gallery-image,0.56,https://www.clevelandpeople.com/images/hof/hof-2024/p-aa-garden-table.jpg,https://clevelandinternationalhalloffame.com/inductees/dr-eugene-jordan/,,,,true
dr-eugene-jordan-2024,Dr. Eugene Jordan,2024,profile-gallery-image,0.56,https://www.clevelandpeople.com/images/hof/hof-2024/p-aa-garden-table-2.jpg,https://clevelandinternationalhalloffame.com/inductees/dr-eugene-jordan/,,,,true
dr-eugene-jordan-2024,Dr. Eugene Jordan,2024,profile-gallery-image,0.56,https://clevelandinternationalhalloffame.com/wp-content/uploads/2024/01/cityhall-steps-jordan1.jpg,https://clevelandinternationalhalloffame.com/inductees/dr-eugene-jordan/,500,564,,true
dr-eugene-jordan-2024,Dr. Eugene Jordan,2024,profile-gallery-image,0.56,https://clevelandinternationalhalloffame.com/wp-content/uploads/2024/01/ribbon-cutting-31.jpg,https://clevelandinternationalhalloffame.com/inductees/dr-eugene-jordan/,500,374,,true
erika-puussaar-2024,Erika Puussaar,2024,profile-gallery-image,0.56,https://www.clevelandpeople.com/images/hof/hof-2024/s-estonian-introduced-2.jpg,https://clevelandinternationalhalloffame.com/inductees/erika-puussaar/,,,,true
erika-puussaar-2024,Erika Puussaar,2024,profile-gallery-image,0.56,https://www.clevelandpeople.com/images/hof/hof-2024/s-estonian-introduced.jpg,https://clevelandinternationalhalloffame.com/inductees/erika-puussaar/,,,,true
erika-puussaar-2024,Erika Puussaar,2024,profile-gallery-image,0.56,https://www.clevelandpeople.com/images/hof/hof-2024/s-estonian-ambassador-2.jpg,https://clevelandinternationalhalloffame.com/inductees/erika-puussaar/,,,,true
erika-puussaar-2024,Erika Puussaar,2024,profile-gallery-image,0.56,https://www.clevelandpeople.com/images/hof/hof-2024/s-estonian-amb-m3.jpg,https://clevelandinternationalhalloffame.com/inductees/erika-puussaar/,,,,true
erika-puussaar-2024,Erika Puussaar,2024,profile-gallery-image,0.56,https://www.clevelandpeople.com/images/hof/hof-2024/s-estonian-amb-erika-m2.jpg,https://clevelandinternationalhalloffame.com/inductees/erika-puussaar/,,,,true
erika-puussaar-2024,Erika Puussaar,2024,profile-gallery-image,0.56,https://www.clevelandpeople.com/images/hof/hof-2024/s-erika-estonian-ambassador-2.jpg,https://clevelandinternationalhalloffame.com/inductees/erika-puussaar/,,,,true
erika-puussaar-2024,Erika Puussaar,2024,profile-gallery-image,0.56,https://www.clevelandpeople.com/images/hof/hof-2024/s-erika-estonian-ambassador-3.jpg,https://clevelandinternationalhalloffame.com/inductees/erika-puussaar/,,,,true
erika-puussaar-2024,Erika Puussaar,2024,profile-gallery-image,0.56,https://www.clevelandpeople.com/images/hof/hof-2024/s-erika-m4.jpg,https://clevelandinternationalhalloffame.com/inductees/erika-puussaar/,,,,true
erika-puussaar-2024,Erika Puussaar,2024,profile-gallery-image,0.56,https://www.clevelandpeople.com/images/hof/hof-2024/s-erika-m1.jpg,https://clevelandinternationalhalloffame.com/inductees/erika-puussaar/,,,,true
erika-puussaar-2024,Erika Puussaar,2024,profile-gallery-image,0.56,https://www.clevelandpeople.com/images/hof/hof-2024/s-erika-m3.jpg,https://clevelandinternationalhalloffame.com/inductees/erika-puussaar/,,,,true
erika-puussaar-2024,Erika Puussaar,2024,profile-gallery-image,0.56,https://www.clevelandpeople.com/images/hof/hof-2024/s-erika-puussaar-1.jpg,https://clevelandinternationalhalloffame.com/inductees/erika-puussaar/,,,,true
erika-puussaar-2024,Erika Puussaar,2024,profile-gallery-image,0.56,https://www.clevelandpeople.com/images/hof/hof-2024/s-erika-puussaar-2.jpg,https://clevelandinternationalhalloffame.com/inductees/erika-puussaar/,,,,true
erika-puussaar-2024,Erika Puussaar,2024,profile-gallery-image,0.56,https://www.clevelandpeople.com/images/hof/hof-2024/s-erika-m-russ.jpg,https://clevelandinternationalhalloffame.com/inductees/erika-puussaar/,,,,true
erika-puussaar-2024,Erika Puussaar,2024,profile-gallery-image,0.56,https://www.clevelandpeople.com/images/hof/hof-2024/p-estonians.jpg,https://clevelandinternationalhalloffame.com/inductees/erika-puussaar/,,,,true
erika-puussaar-2024,Erika Puussaar,2024,profile-gallery-image,0.56,https://www.clevelandpeople.com/images/hof/hof-2024/p-erika-at-table.jpg,https://clevelandinternationalhalloffame.com/inductees/erika-puussaar/,,,,true
erika-puussaar-2024,Erika Puussaar,2024,profile-gallery-image,0.56,https://www.clevelandpeople.com/images/hof/hof-2024/p-erika-friends.jpg,https://clevelandinternationalhalloffame.com/inductees/erika-puussaar/,,,,true
erika-puussaar-2024,Erika Puussaar,2024,profile-gallery-image,0.56,https://www.clevelandpeople.com/images/hof/hof-2024/p-estonian-ukraine.jpg,https://clevelandinternationalhalloffame.com/inductees/erika-puussaar/,,,,true
erika-puussaar-2024,Erika Puussaar,2024,profile-gallery-image,0.56,https://www.clevelandpeople.com/images/hof/hof-2024/p-erika-samy-tanious.jpg,https://clevelandinternationalhalloffame.com/inductees/erika-puussaar/,,,,true
erika-puussaar-2024,Erika Puussaar,2024,profile-gallery-image,0.56,https://www.clevelandpeople.com/images/hof/hof-2024/p-blaine-griffin-kristjan-prikk.jpg,https://clevelandinternationalhalloffame.com/inductees/erika-puussaar/,,,,true
erika-puussaar-2024,Erika Puussaar,2024,profile-gallery-image,0.56,https://www.clevelandpeople.com/images/hof/hof-2024/p-alenka-ambassador-ingrida.jpg,https://clevelandinternationalhalloffame.com/inductees/erika-puussaar/,,,,true
erika-puussaar-2024,Erika Puussaar,2024,profile-gallery-image,0.56,https://www.clevelandpeople.com/images/hof/hof-2024/people-erika-pierre.jpg,https://clevelandinternationalhalloffame.com/inductees/erika-puussaar/,,,,true
erika-puussaar-2024,Erika Puussaar,2024,profile-gallery-image,0.56,https://www.clevelandpeople.com/images/hof/hof-2024/p-marta-estonian-amb.jpg,https://clevelandinternationalhalloffame.com/inductees/erika-puussaar/,,,,true
erika-puussaar-2024,Erika Puussaar,2024,profile-gallery-image,0.56,https://www.clevelandpeople.com/images/hof/hof-2024/p-ukraine-estonia-dan-russ-ingrida.jpg,https://clevelandinternationalhalloffame.com/inductees/erika-puussaar/,,,,true
erika-puussaar-2024,Erika Puussaar,2024,profile-gallery-image,0.56,https://www.clevelandpeople.com/images/hof/hof-2024/fb-erika-oanh.jpg,https://clevelandinternationalhalloffame.com/inductees/erika-puussaar/,,,,true
eugenia-stolarczyk-2016-2016,Eugenia Stolarczyk – 2016,2016,profile-gallery-image,0.56,https://www.clevelandpeople.com/images/hof/hof-2016/event/2016-class-picture.jpg,https://clevelandinternationalhalloffame.com/eugenia-stolarczyk-2016/,500,404,Class of 2016,true
eugenia-stolarczyk-2016-2016,Eugenia Stolarczyk – 2016,2016,profile-gallery-image,0.56,https://www.clevelandpeople.com/images/hof/hof-2016/event/eugenia-polish-trumpet.jpg,https://clevelandinternationalhalloffame.com/eugenia-stolarczyk-2016/,500,678,Olivia Gutowski with her trumpet,true
eugenia-stolarczyk-2016-2016,Eugenia Stolarczyk – 2016,2016,profile-gallery-image,0.56,https://www.clevelandpeople.com/images/hof/hof-2016/event/eugenia-consul-general.jpg,https://clevelandinternationalhalloffame.com/eugenia-stolarczyk-2016/,500,432,Polish Consul General Urszula Gacek,true
eugenia-stolarczyk-2016-2016,Eugenia Stolarczyk – 2016,2016,profile-gallery-image,0.56,https://www.clevelandpeople.com/images/hof/hof-2016/event/eugenia-ambassador-dais.jpg,https://clevelandinternationalhalloffame.com/eugenia-stolarczyk-2016/,500,234,Polish Consul General Urszula Gacek,true
eugenia-stolarczyk-2016-2016,Eugenia Stolarczyk – 2016,2016,profile-gallery-image,0.56,https://www.clevelandpeople.com/images/hof/hof-2016/event/people-bernadette-zubel.jpg,https://clevelandinternationalhalloffame.com/eugenia-stolarczyk-2016/,500,356,Bernadette Zubel,true
eugenia-stolarczyk-2016-2016,Eugenia Stolarczyk – 2016,2016,profile-gallery-image,0.56,https://www.clevelandpeople.com/images/hof/hof-2016/event/people-polish.jpg,https://clevelandinternationalhalloffame.com/eugenia-stolarczyk-2016/,500,322,Bernadette Zubel and Olivia Gutowski,true
eugenia-stolarczyk-2016-2016,Eugenia Stolarczyk – 2016,2016,profile-gallery-image,0.56,https://www.clevelandpeople.com/images/hof/hof-2016/event/people-bernadette-zubel-rusyn.jpg,https://clevelandinternationalhalloffame.com/eugenia-stolarczyk-2016/,500,421,Bernadette Zubel,true
eugenia-stolarczyk-2016-2016,Eugenia Stolarczyk – 2016,2016,profile-gallery-image,0.56,https://www.clevelandpeople.com/images/hof/hof-2016/event/people-david-kakowski--sean-martin--ruszard-romaniuk.jpg,https://clevelandinternationalhalloffame.com/eugenia-stolarczyk-2016/,500,347,"David Kakowski, Sean Martin and Ruszard Romaniuk",true
ingrida-bublys-2019,Ingrida Bublys,2019,profile-gallery-image,0.56,https://clevelandinternationalhalloffame.com/wp-content/uploads/2019/05/crowd-anjan-15.jpg,https://clevelandinternationalhalloffame.com/ingrida-bublys/,500,322,,true
ingrida-bublys-2019,Ingrida Bublys,2019,profile-gallery-image,0.56,https://clevelandinternationalhalloffame.com/wp-content/uploads/2019/05/crowd-anjan-7.jpg,https://clevelandinternationalhalloffame.com/ingrida-bublys/,500,333,,true
ingrida-bublys-2019,Ingrida Bublys,2019,profile-gallery-image,0.56,https://clevelandinternationalhalloffame.com/wp-content/uploads/2019/05/ingrida-romas.jpg,https://clevelandinternationalhalloffame.com/ingrida-bublys/,500,418,,true
ingrida-bublys-2019,Ingrida Bublys,2019,profile-gallery-image,0.56,https://clevelandinternationalhalloffame.com/wp-content/uploads/2019/05/ingrida-escalator.jpg,https://clevelandinternationalhalloffame.com/ingrida-bublys/,500,414,,true
ingrida-bublys-2019,Ingrida Bublys,2019,profile-gallery-image,0.56,https://clevelandinternationalhalloffame.com/wp-content/uploads/2019/03/sree-sreenath-1.jpg,https://clevelandinternationalhalloffame.com/ingrida-bublys/,1714,2467,,true
ingrida-bublys-2019,Ingrida Bublys,2019,profile-gallery-image,0.56,https://clevelandinternationalhalloffame.com/wp-content/uploads/2019/03/richard-fleischman-1500.jpg,https://clevelandinternationalhalloffame.com/ingrida-bublys/,1500,2031,Richard Fleischman,true
ingrida-bublys-2019,Ingrida Bublys,2019,profile-gallery-image,0.56,https://clevelandinternationalhalloffame.com/wp-content/uploads/2019/03/paul-burik-817.jpg,https://clevelandinternationalhalloffame.com/ingrida-bublys/,817,934,Paul Burik,true
ingrida-bublys-2019,Ingrida Bublys,2019,profile-gallery-image,0.56,https://clevelandinternationalhalloffame.com/wp-content/uploads/2019/03/akram-boutros-600.jpg,https://clevelandinternationalhalloffame.com/ingrida-bublys/,600,750,Akram Boutros,true
ingrida-bublys-2019,Ingrida Bublys,2019,profile-gallery-image,0.56,https://clevelandinternationalhalloffame.com/wp-content/uploads/2019/03/sree-sreenath.jpg,https://clevelandinternationalhalloffame.com/ingrida-bublys/,1714,2467,"Sree N. Sreenath, Ph.D., MNO",true
jack-kahl-2016,Jack Kahl,2016,profile-gallery-image,0.56,https://www.clevelandpeople.com/images/hof/hof-2016/event/khalid-coughlin-carolyn.jpg,https://clevelandinternationalhalloffame.com/jack-kahl-2016/,500,360,Dan Coughlin being introduced,true
jack-kahl-2016,Jack Kahl,2016,profile-gallery-image,0.56,https://www.clevelandpeople.com/images/hof/hof-2016/event/people-coughlin-kahl-russ.jpg,https://clevelandinternationalhalloffame.com/jack-kahl-2016/,500,420,"Dan Coughlin, Sherry Kahl and Dick Russ",true
jim-craciun-2017,Jim Craciun,2017,profile-gallery-image,0.56,https://www.clevelandpeople.com/images/hof/hof-2017/ie-remus-grama.jpg,https://clevelandinternationalhalloffame.com/inductees-europe/jim-craciun/,500,373,Father Remus Grama gave the invocation,true
jim-craciun-2017,Jim Craciun,2017,profile-gallery-image,0.56,https://www.clevelandpeople.com/images/hof/hof-2017/ih-remus-grama.jpg,https://clevelandinternationalhalloffame.com/inductees-europe/jim-craciun/,500,482,Father Remus Grama gave the invocation,true
jim-craciun-2017,Jim Craciun,2017,profile-gallery-image,0.56,https://www.clevelandpeople.com/images/hof/hof-2017/ia-fr-remus-grama.jpg,https://clevelandinternationalhalloffame.com/inductees-europe/jim-craciun/,500,424,Father Remus Grama gave the invocation,true
jim-craciun-2017,Jim Craciun,2017,profile-gallery-image,0.56,https://clevelandinternationalhalloffame.com/wp-content/uploads/2017/03/ie-matt-zone.jpg,https://clevelandinternationalhalloffame.com/inductees-europe/jim-craciun/,500,496,Councilman Matt Zone,true
joe-valencic-2020,Joe Valencic,2020,profile-gallery-image,0.56,https://www.clevelandpeople.com/images/hof/hof-2022/mike-polensek-induct-2.jpg,https://clevelandinternationalhalloffame.com/joe-valencic/,,,,true
joe-valencic-2020,Joe Valencic,2020,profile-gallery-image,0.56,https://www.clevelandpeople.com/images/hof/hof-2022/joe-valencic-mike-polensek-award.jpg,https://clevelandinternationalhalloffame.com/joe-valencic/,,,,true
joe-valencic-2020,Joe Valencic,2020,profile-gallery-image,0.56,https://www.clevelandpeople.com/images/hof/hof-2022/joe-valencic-mike-polensek-award-2.jpg,https://clevelandinternationalhalloffame.com/joe-valencic/,,,,true
joe-valencic-2020,Joe Valencic,2020,profile-gallery-image,0.56,https://www.clevelandpeople.com/images/hof/hof-2022/joe-valencic-mike-polensek-award-3.jpg,https://clevelandinternationalhalloffame.com/joe-valencic/,,,,true
joe-valencic-2020,Joe Valencic,2020,profile-gallery-image,0.56,https://www.clevelandpeople.com/images/hof/hof-2022/joe-valencic.jpg,https://clevelandinternationalhalloffame.com/joe-valencic/,,,,true
joe-valencic-2020,Joe Valencic,2020,profile-gallery-image,0.56,https://www.clevelandpeople.com/images/hof/hof-2022/joe-valencic-speak-1.jpg,https://clevelandinternationalhalloffame.com/joe-valencic/,,,,true
joe-valencic-2020,Joe Valencic,2020,profile-gallery-image,0.56,https://www.clevelandpeople.com/images/hof/hof-2022/joe-valencic-speak-2.jpg,https://clevelandinternationalhalloffame.com/joe-valencic/,,,,true
joe-valencic-2020,Joe Valencic,2020,profile-gallery-image,0.56,https://www.clevelandpeople.com/images/hof/hof-2022/joe-valencic-speak-3.jpg,https://clevelandinternationalhalloffame.com/joe-valencic/,,,,true
joe-valencic-2020,Joe Valencic,2020,profile-gallery-image,0.56,https://www.clevelandpeople.com/images/hof/hof-2022/joe-valencic-lady.jpg,https://clevelandinternationalhalloffame.com/joe-valencic/,,,,true
johnny-k-wu-2024,Johnny K. Wu,2024,profile-gallery-image,0.56,https://www.clevelandpeople.com/images/hof/hof-2024/s-margaret-wong-russ-2.jpg,https://clevelandinternationalhalloffame.com/inductees/johnny-k-wu/,,,,true
johnny-k-wu-2024,Johnny K. Wu,2024,profile-gallery-image,0.56,https://www.clevelandpeople.com/images/hof/hof-2024/s-margaret-wong-4.jpg,https://clevelandinternationalhalloffame.com/inductees/johnny-k-wu/,,,,true
johnny-k-wu-2024,Johnny K. Wu,2024,profile-gallery-image,0.56,https://www.clevelandpeople.com/images/hof/hof-2024/s-margaret-wong-3.jpg,https://clevelandinternationalhalloffame.com/inductees/johnny-k-wu/,,,,true
johnny-k-wu-2024,Johnny K. Wu,2024,profile-gallery-image,0.56,https://www.clevelandpeople.com/images/hof/hof-2024/s-margaret-wong-5.jpg,https://clevelandinternationalhalloffame.com/inductees/johnny-k-wu/,,,,true
johnny-k-wu-2024,Johnny K. Wu,2024,profile-gallery-image,0.56,https://www.clevelandpeople.com/images/hof/hof-2024/s-johnny-wu-1.jpg,https://clevelandinternationalhalloffame.com/inductees/johnny-k-wu/,,,,true
johnny-k-wu-2024,Johnny K. Wu,2024,profile-gallery-image,0.56,https://www.clevelandpeople.com/images/hof/hof-2024/s-margaret-wong-johnny-wu-1.jpg,https://clevelandinternationalhalloffame.com/inductees/johnny-k-wu/,,,,true
johnny-k-wu-2024,Johnny K. Wu,2024,profile-gallery-image,0.56,https://www.clevelandpeople.com/images/hof/hof-2024/s-margaret-wong-johnny-wu-m1.jpg,https://clevelandinternationalhalloffame.com/inductees/johnny-k-wu/,,,,true
johnny-k-wu-2024,Johnny K. Wu,2024,profile-gallery-image,0.56,https://www.clevelandpeople.com/images/hof/hof-2024/s-margaret-wong-johnny-wu-3.jpg,https://clevelandinternationalhalloffame.com/inductees/johnny-k-wu/,,,,true
johnny-k-wu-2024,Johnny K. Wu,2024,profile-gallery-image,0.56,https://www.clevelandpeople.com/images/hof/hof-2024/s-margaret-wong-johnny-wu-5.jpg,https://clevelandinternationalhalloffame.com/inductees/johnny-k-wu/,,,,true
johnny-k-wu-2024,Johnny K. Wu,2024,profile-gallery-image,0.56,https://www.clevelandpeople.com/images/hof/hof-2024/s-margaret-wong-johnny-wu-m2.jpg,https://clevelandinternationalhalloffame.com/inductees/johnny-k-wu/,,,,true
johnny-k-wu-2024,Johnny K. Wu,2024,profile-gallery-image,0.56,https://www.clevelandpeople.com/images/hof/hof-2024/s-johnny-wu-m1.jpg,https://clevelandinternationalhalloffame.com/inductees/johnny-k-wu/,,,,true
johnny-k-wu-2024,Johnny K. Wu,2024,profile-gallery-image,0.56,https://www.clevelandpeople.com/images/hof/hof-2024/s-johnny-wu-m3.jpg,https://clevelandinternationalhalloffame.com/inductees/johnny-k-wu/,,,,true
johnny-k-wu-2024,Johnny K. Wu,2024,profile-gallery-image,0.56,https://www.clevelandpeople.com/images/hof/hof-2024/s-johnny-wu-m4.jpg,https://clevelandinternationalhalloffame.com/inductees/johnny-k-wu/,,,,true
johnny-k-wu-2024,Johnny K. Wu,2024,profile-gallery-image,0.56,https://www.clevelandpeople.com/images/hof/hof-2024/s-johnny-wu-2.jpg,https://clevelandinternationalhalloffame.com/inductees/johnny-k-wu/,,,,true
johnny-k-wu-2024,Johnny K. Wu,2024,profile-gallery-image,0.56,https://www.clevelandpeople.com/images/hof/hof-2024/s-margaret-wong-2.jpg,https://clevelandinternationalhalloffame.com/inductees/johnny-k-wu/,,,,true
johnny-k-wu-2024,Johnny K. Wu,2024,profile-gallery-image,0.56,https://www.clevelandpeople.com/images/hof/hof-2024/s-johnny-wu-5.jpg,https://clevelandinternationalhalloffame.com/inductees/johnny-k-wu/,,,,true
johnny-k-wu-2024,Johnny K. Wu,2024,profile-gallery-image,0.56,https://www.clevelandpeople.com/images/hof/hof-2024/s-johnny-wu-7.jpg,https://clevelandinternationalhalloffame.com/inductees/johnny-k-wu/,,,,true
johnny-k-wu-2024,Johnny K. Wu,2024,profile-gallery-image,0.56,https://www.clevelandpeople.com/images/hof/hof-2024/s-johnny-wu-margaret-lisa-wayne.jpg,https://clevelandinternationalhalloffame.com/inductees/johnny-k-wu/,,,,true
johnny-k-wu-2024,Johnny K. Wu,2024,profile-gallery-image,0.56,https://www.clevelandpeople.com/images/hof/hof-2024/p-eddie-ni-table-m.jpg,https://clevelandinternationalhalloffame.com/inductees/johnny-k-wu/,,,,true
johnny-k-wu-2024,Johnny K. Wu,2024,profile-gallery-image,0.56,https://www.clevelandpeople.com/images/hof/hof-2024/people-liwah-table.jpg,https://clevelandinternationalhalloffame.com/inductees/johnny-k-wu/,,,,true
johnny-k-wu-2024,Johnny K. Wu,2024,profile-gallery-image,0.56,https://www.clevelandpeople.com/images/hof/hof-2024/p-johnny-wu-table-m.jpg,https://clevelandinternationalhalloffame.com/inductees/johnny-k-wu/,,,,true
johnny-k-wu-2024,Johnny K. Wu,2024,profile-gallery-image,0.56,https://www.clevelandpeople.com/images/hof/hof-2024/p-johnny-group.jpg,https://clevelandinternationalhalloffame.com/inductees/johnny-k-wu/,,,,true
johnny-k-wu-2024,Johnny K. Wu,2024,profile-gallery-image,0.56,https://www.clevelandpeople.com/images/hof/hof-2024/p-li-wah-table-8.jpg,https://clevelandinternationalhalloffame.com/inductees/johnny-k-wu/,,,,true
johnny-k-wu-2024,Johnny K. Wu,2024,profile-gallery-image,0.56,https://www.clevelandpeople.com/images/hof/hof-2024/p-aklilu-johnny.jpg,https://clevelandinternationalhalloffame.com/inductees/johnny-k-wu/,,,,true
johnny-k-wu-2024,Johnny K. Wu,2024,profile-gallery-image,0.56,https://www.clevelandpeople.com/images/hof/hof-2024/p-li-wah-table-9.jpg,https://clevelandinternationalhalloffame.com/inductees/johnny-k-wu/,,,,true
johnny-k-wu-2024,Johnny K. Wu,2024,profile-gallery-image,0.56,https://www.clevelandpeople.com/images/hof/hof-2024/p-liwah-table-m1.jpg,https://clevelandinternationalhalloffame.com/inductees/johnny-k-wu/,,,,true
johnny-k-wu-2024,Johnny K. Wu,2024,profile-gallery-image,0.56,https://www.clevelandpeople.com/images/hof/hof-2024/p-johnny-group-wayne.jpg,https://clevelandinternationalhalloffame.com/inductees/johnny-k-wu/,,,,true
johnny-k-wu-2024,Johnny K. Wu,2024,profile-gallery-image,0.56,https://www.clevelandpeople.com/images/hof/hof-2024/fb-li-wah-table.jpg,https://clevelandinternationalhalloffame.com/inductees/johnny-k-wu/,,,,true
johnny-k-wu-2024,Johnny K. Wu,2024,profile-gallery-image,0.56,https://www.clevelandpeople.com/images/hof/hof-2024/fb-johnny-nick-mulbach.jpg,https://clevelandinternationalhalloffame.com/inductees/johnny-k-wu/,,,,true
johnny-k-wu-2024,Johnny K. Wu,2024,profile-gallery-image,0.56,https://www.clevelandpeople.com/images/hof/hof-2024/fb-johnny-nada.jpg,https://clevelandinternationalhalloffame.com/inductees/johnny-k-wu/,,,,true
johnny-k-wu-2024,Johnny K. Wu,2024,profile-gallery-image,0.56,https://www.clevelandpeople.com/images/hof/hof-2024/fb-johnny-wu-anthony-yen.jpg,https://clevelandinternationalhalloffame.com/inductees/johnny-k-wu/,,,,true
johnny-k-wu-2024,Johnny K. Wu,2024,profile-gallery-image,0.56,https://www.clevelandpeople.com/images/hof/hof-2024/fb-johnny-ray.jpg,https://clevelandinternationalhalloffame.com/inductees/johnny-k-wu/,,,,true
johnny-k-wu-2024,Johnny K. Wu,2024,profile-gallery-image,0.56,https://www.clevelandpeople.com/images/hof/hof-2024/fb-johnny-group-1.jpg,https://clevelandinternationalhalloffame.com/inductees/johnny-k-wu/,,,,true
johnny-k-wu-2024,Johnny K. Wu,2024,profile-gallery-image,0.56,https://www.clevelandpeople.com/images/hof/hof-2024/fb-johnny-group-3.jpg,https://clevelandinternationalhalloffame.com/inductees/johnny-k-wu/,,,,true
johnny-k-wu-2024,Johnny K. Wu,2024,profile-gallery-image,0.56,https://www.clevelandpeople.com/images/hof/hof-2024/fb-johnny-group-2.jpg,https://clevelandinternationalhalloffame.com/inductees/johnny-k-wu/,,,,true
johnny-k-wu-2024,Johnny K. Wu,2024,profile-gallery-image,0.56,https://www.clevelandpeople.com/images/hof/hof-2024/fb-johnny-wu.jpg,https://clevelandinternationalhalloffame.com/inductees/johnny-k-wu/,,,,true
joyce-mariani-2023,Joyce Mariani,2023,profile-gallery-image,0.56,https://clevelandinternationalhalloffame.com/wp-content/uploads/2023/04/s-joyce-basil-russo-award-2-300x251.jpg,https://clevelandinternationalhalloffame.com/joyce-mariani/,500,419,,true
joyce-mariani-2023,Joyce Mariani,2023,profile-gallery-image,0.56,https://clevelandinternationalhalloffame.com/wp-content/uploads/2023/04/s-joyce-basil-russo-award-2.jpg,https://clevelandinternationalhalloffame.com/joyce-mariani/,500,419,,true
khalid-samad-2016-2016,Khalid Samad – 2016,2016,profile-gallery-image,0.56,https://www.clevelandpeople.com/images/hof/hof-2016/event/2016-class-picture.jpg,https://clevelandinternationalhalloffame.com/khalid-samad-2016/,500,404,Class of 2016,true
khalid-samad-2016-2016,Khalid Samad – 2016,2016,profile-gallery-image,0.56,https://www.clevelandpeople.com/images/hof/hof-2016/event/blaine-griffin-meredith-turner.jpg,https://clevelandinternationalhalloffame.com/khalid-samad-2016/,500,460,Blaine Griffin and Merle Johnson,true
le-nguyen-2026,Le Nguyen,2026,profile-gallery-image,0.56,https://www.clevelandpeople.com/images/hof/hof-2026-rada/le-nguyen-valarie.jpg,https://clevelandinternationalhalloffame.com/le-nguyen-class-of-2026-vietnames-heritage-cleveland-international-hall-of-fame/,,,Valarie McCall inducts Le Nguyen,true
le-nguyen-2026,Le Nguyen,2026,profile-gallery-image,0.56,https://www.clevelandpeople.com/images/hof/hof-2026-rada/le-nguyen-s-val.jpg,https://clevelandinternationalhalloffame.com/le-nguyen-class-of-2026-vietnames-heritage-cleveland-international-hall-of-fame/,,,Valarie McCall inducts Le Nguyen,true
le-nguyen-2026,Le Nguyen,2026,profile-gallery-image,0.56,https://www.clevelandpeople.com/images/hof/hof-2026-rada/le-nguyen-s-matt-zone-2.jpg,https://clevelandinternationalhalloffame.com/le-nguyen-class-of-2026-vietnames-heritage-cleveland-international-hall-of-fame/,,,Matt Zone inducts Le Nguyen,true
le-nguyen-2026,Le Nguyen,2026,profile-gallery-image,0.56,https://www.clevelandpeople.com/images/hof/hof-2026-rada/le-nguyen-s-val-matt-award.jpg,https://clevelandinternationalhalloffame.com/le-nguyen-class-of-2026-vietnames-heritage-cleveland-international-hall-of-fame/,,,"Valarie McCall, Le Nguyen and Matt Zone",true
le-nguyen-2026,Le Nguyen,2026,profile-gallery-image,0.56,https://www.clevelandpeople.com/images/hof/hof-2026-rada/le-nguyen-s-2.jpg,https://clevelandinternationalhalloffame.com/le-nguyen-class-of-2026-vietnames-heritage-cleveland-international-hall-of-fame/,,,Le Nguyen acceptance speech,true
le-nguyen-2026,Le Nguyen,2026,profile-gallery-image,0.56,https://www.clevelandpeople.com/images/hof/hof-2026-rada/le-nguyen-s-3.jpg,https://clevelandinternationalhalloffame.com/le-nguyen-class-of-2026-vietnames-heritage-cleveland-international-hall-of-fame/,,,Le Nguyen acceptance speech,true
le-nguyen-2026,Le Nguyen,2026,profile-gallery-image,0.56,https://www.clevelandpeople.com/images/hof/hof-2026-rada/le-nguyen-s1.jpg,https://clevelandinternationalhalloffame.com/le-nguyen-class-of-2026-vietnames-heritage-cleveland-international-hall-of-fame/,,,Le Nguyen and son Jason,true
le-nguyen-2026,Le Nguyen,2026,profile-gallery-image,0.56,https://www.clevelandpeople.com/images/hof/hof-2026-rada/le-nguyen-s-russ-mitchell.jpg,https://clevelandinternationalhalloffame.com/le-nguyen-class-of-2026-vietnames-heritage-cleveland-international-hall-of-fame/,,,Russ Mitchell and Le Nguyen,true
le-nguyen-2026,Le Nguyen,2026,profile-gallery-image,0.56,https://www.clevelandpeople.com/images/hof/hof-2026-rada/le-nguyen-group-1.jpg,https://clevelandinternationalhalloffame.com/le-nguyen-class-of-2026-vietnames-heritage-cleveland-international-hall-of-fame/,,,Le Nguyen friends and family,true
le-nguyen-2026,Le Nguyen,2026,profile-gallery-image,0.56,https://www.clevelandpeople.com/images/hof/hof-2026-rada/le-nguyen-group-2.jpg,https://clevelandinternationalhalloffame.com/le-nguyen-class-of-2026-vietnames-heritage-cleveland-international-hall-of-fame/,,,Le Nguyen friends and family,true
le-nguyen-2026,Le Nguyen,2026,profile-gallery-image,0.56,https://www.clevelandpeople.com/images/hof/hof-2026/others/le-nguyen-silk-road-dan-hanson3.jpg,https://clevelandinternationalhalloffame.com/le-nguyen-class-of-2026-vietnames-heritage-cleveland-international-hall-of-fame/,,,Le Nguyen friends and family,true
le-nguyen-2026,Le Nguyen,2026,profile-gallery-image,0.56,https://www.clevelandpeople.com/images/hof/hof-2026/others/le-nguyen-oanh-loi-powell-2.jpg,https://clevelandinternationalhalloffame.com/le-nguyen-class-of-2026-vietnames-heritage-cleveland-international-hall-of-fame/,,,Le Nguyen and Oanh Loi Powell,true
lucy-torres-2026,Lucy Torres,2026,profile-gallery-image,0.56,https://www.clevelandpeople.com/images/hof/hof-2026-rada/e31-blaine-griffin.jpg,https://clevelandinternationalhalloffame.com/lucy-torres/,,,Blaine Griffin inducts Lucy Torres Cleveland International Hall of Fame,true
lucy-torres-2026,Lucy Torres,2026,profile-gallery-image,0.56,https://www.clevelandpeople.com/images/hof/hof-2026-rada/e37-lucy-torres-blaine.jpg,https://clevelandinternationalhalloffame.com/lucy-torres/,,,Blaine Griffin inducts Lucy Torres Cleveland International Hall of Fame,true
lucy-torres-2026,Lucy Torres,2026,profile-gallery-image,0.56,https://www.clevelandpeople.com/images/hof/hof-2026-rada/e35-lucy-torres-blaine.jpg,https://clevelandinternationalhalloffame.com/lucy-torres/,,,Blaine Griffin inducts Lucy Torres Cleveland International Hall of Fame,true
lucy-torres-2026,Lucy Torres,2026,profile-gallery-image,0.56,https://www.clevelandpeople.com/images/hof/hof-2026-rada/e40-lucy-torres-blaine.jpg,https://clevelandinternationalhalloffame.com/lucy-torres/,,,Blaine Griffin inducts Lucy Torres Cleveland International Hall of Fame,true
lucy-torres-2026,Lucy Torres,2026,profile-gallery-image,0.56,https://www.clevelandpeople.com/images/hof/hof-2026-rada/e38-lucy-torres-blaine.jpg,https://clevelandinternationalhalloffame.com/lucy-torres/,,,Blaine Griffin inducts Lucy Torres Cleveland International Hall of Fame,true
lucy-torres-2026,Lucy Torres,2026,profile-gallery-image,0.56,https://www.clevelandpeople.com/images/hof/hof-2026-rada/e41-lucy-torres.jpg,https://clevelandinternationalhalloffame.com/lucy-torres/,,,Lucy Torres in Cleveland International Hall of Fame,true
lucy-torres-2026,Lucy Torres,2026,profile-gallery-image,0.56,https://www.clevelandpeople.com/images/hof/hof-2026-rada/e42-lucy-torres-photo.jpg,https://clevelandinternationalhalloffame.com/lucy-torres/,,,Lucy Torres in Cleveland International Hall of Fame,true
lucy-torres-2026,Lucy Torres,2026,profile-gallery-image,0.56,https://www.clevelandpeople.com/images/hof/hof-2026-rada/lucy-torres-group-1.jpg,https://clevelandinternationalhalloffame.com/lucy-torres/,,,Lucy Torres in Cleveland International Hall of Fame,true
lucy-torres-2026,Lucy Torres,2026,profile-gallery-image,0.56,https://www.clevelandpeople.com/images/hof/hof-2026/others/lucy-torres-table-2.jpg,https://clevelandinternationalhalloffame.com/lucy-torres/,,,Lucy Torres in Cleveland International Hall of Fame,true
lucy-torres-2026,Lucy Torres,2026,profile-gallery-image,0.56,https://www.clevelandpeople.com/images/hof/hof-2026/others/craciuns-lucy-torres.jpg,https://clevelandinternationalhalloffame.com/lucy-torres/,,,Jim and Joe Craciun with Lucy Torres,true
lucy-torres-2026,Lucy Torres,2026,profile-gallery-image,0.56,https://www.clevelandpeople.com/images/hof/hof-2026/others/maria-pujana-lucy-torres.jpg,https://clevelandinternationalhalloffame.com/lucy-torres/,,,Maria Pujana and Lucy Torres,true
lucy-torres-2026,Lucy Torres,2026,profile-gallery-image,0.56,https://www.clevelandpeople.com/images/hof/hof-2026/others/lucy-torres.jpg,https://clevelandinternationalhalloffame.com/lucy-torres/,,,Lucy Torres in Cleveland International Hall of Fame,true
margaret-lynch-2020,Margaret Lynch,2020,profile-gallery-image,0.56,https://www.clevelandpeople.com/images/hof/hof-2022/gerry-quinn-induct.jpg,https://clevelandinternationalhalloffame.com/margaret-lynch/,,,,true
margaret-lynch-2020,Margaret Lynch,2020,profile-gallery-image,0.56,https://www.clevelandpeople.com/images/hof/hof-2022/margaret-lynch-gerry-quinn-hug.jpg,https://clevelandinternationalhalloffame.com/margaret-lynch/,,,,true
margaret-lynch-2020,Margaret Lynch,2020,profile-gallery-image,0.56,https://www.clevelandpeople.com/images/hof/hof-2022/margaret-lynch-gerry-quinn-2.jpg,https://clevelandinternationalhalloffame.com/margaret-lynch/,,,,true
margaret-lynch-2020,Margaret Lynch,2020,profile-gallery-image,0.56,https://www.clevelandpeople.com/images/hof/hof-2022/margaret-lynch-gerry-quinn-award.jpg,https://clevelandinternationalhalloffame.com/margaret-lynch/,,,,true
margaret-lynch-2020,Margaret Lynch,2020,profile-gallery-image,0.56,https://www.clevelandpeople.com/images/hof/hof-2022/margaret-lynch-gerry-quinn-award-2.jpg,https://clevelandinternationalhalloffame.com/margaret-lynch/,,,,true
margaret-lynch-2020,Margaret Lynch,2020,profile-gallery-image,0.56,https://www.clevelandpeople.com/images/hof/hof-2022/margaret-lynch-speak-1.jpg,https://clevelandinternationalhalloffame.com/margaret-lynch/,,,,true
margaret-lynch-2020,Margaret Lynch,2020,profile-gallery-image,0.56,https://www.clevelandpeople.com/images/hof/hof-2022/margaret-lynch-speak-2.jpg,https://clevelandinternationalhalloffame.com/margaret-lynch/,,,,true
margaret-lynch-2020,Margaret Lynch,2020,profile-gallery-image,0.56,https://www.clevelandpeople.com/images/hof/hof-2022/margaret-lynch-speak-3.jpg,https://clevelandinternationalhalloffame.com/margaret-lynch/,,,,true
margaret-lynch-2020,Margaret Lynch,2020,profile-gallery-image,0.56,https://www.clevelandpeople.com/images/hof/hof-2022/crowd-margaret-lynch-mary-lynch.jpg,https://clevelandinternationalhalloffame.com/margaret-lynch/,,,,true
margaret-lynch-2020,Margaret Lynch,2020,profile-gallery-image,0.56,https://www.clevelandpeople.com/images/hof/hof-2022/crowd-marie-leffel-margaraet-marilyn.jpg,https://clevelandinternationalhalloffame.com/margaret-lynch/,,,,true
margaret-lynch-2020,Margaret Lynch,2020,profile-gallery-image,0.56,https://www.clevelandpeople.com/images/hof/hof-2022/crowd-margaret-gerry-kovach.jpg,https://clevelandinternationalhalloffame.com/margaret-lynch/,,,,true
margaret-lynch-2020,Margaret Lynch,2020,profile-gallery-image,0.56,https://www.clevelandpeople.com/images/hof/hof-2022/crowd-mary-lynch-pat-monroe.jpg,https://clevelandinternationalhalloffame.com/margaret-lynch/,,,,true
marilyn-madigan-2019,Marilyn Madigan,2019,profile-gallery-image,0.56,https://clevelandinternationalhalloffame.com/wp-content/uploads/2019/05/crowd-anjan-1.jpg,https://clevelandinternationalhalloffame.com/marilyn-madigan/,500,287,,true
may-chen-2020,May Chen,2020,profile-gallery-image,0.56,https://www.clevelandpeople.com/images/hof/hof-2022/margaret-wong-induct-5.jpg,https://clevelandinternationalhalloffame.com/may-chen/,,,,true
may-chen-2020,May Chen,2020,profile-gallery-image,0.56,https://www.clevelandpeople.com/images/hof/hof-2022/margaret-wong-induct-3.jpg,https://clevelandinternationalhalloffame.com/may-chen/,,,,true
may-chen-2020,May Chen,2020,profile-gallery-image,0.56,https://www.clevelandpeople.com/images/hof/hof-2022/may-chen-margaret-wong-award-2.jpg,https://clevelandinternationalhalloffame.com/may-chen/,,,,true
may-chen-2020,May Chen,2020,profile-gallery-image,0.56,https://www.clevelandpeople.com/images/hof/hof-2022/may-chen-margaret-wong-award-4.jpg,https://clevelandinternationalhalloffame.com/may-chen/,,,,true
may-chen-2020,May Chen,2020,profile-gallery-image,0.56,https://www.clevelandpeople.com/images/hof/hof-2022/may-chen-margaret-wong.jpg,https://clevelandinternationalhalloffame.com/may-chen/,,,,true
may-chen-2020,May Chen,2020,profile-gallery-image,0.56,https://www.clevelandpeople.com/images/hof/hof-2022/may-chen-speak-3.jpg,https://clevelandinternationalhalloffame.com/may-chen/,,,,true
may-chen-2020,May Chen,2020,profile-gallery-image,0.56,https://www.clevelandpeople.com/images/hof/hof-2022/may-chen-speak-1.jpg,https://clevelandinternationalhalloffame.com/may-chen/,,,,true
may-chen-2020,May Chen,2020,profile-gallery-image,0.56,https://www.clevelandpeople.com/images/hof/hof-2022/may-chen-speak-2.jpg,https://clevelandinternationalhalloffame.com/may-chen/,,,,true
may-chen-2020,May Chen,2020,profile-gallery-image,0.56,https://www.clevelandpeople.com/images/hof/hof-2022/may-chen-group.jpg,https://clevelandinternationalhalloffame.com/may-chen/,,,,true
may-chen-2020,May Chen,2020,profile-gallery-image,0.56,https://www.clevelandpeople.com/images/hof/hof-2022/may-chen-flowers-2.jpg,https://clevelandinternationalhalloffame.com/may-chen/,,,,true
may-chen-2020,May Chen,2020,profile-gallery-image,0.56,https://www.clevelandpeople.com/images/hof/hof-2022/crowd-may-chen-2.jpg,https://clevelandinternationalhalloffame.com/may-chen/,,,,true
may-chen-2020,May Chen,2020,profile-gallery-image,0.56,https://clevelandinternationalhalloffame.com/wp-content/uploads/2022/05/may-chen-cihf-11-scaled.jpg,https://clevelandinternationalhalloffame.com/may-chen/,,,,true
mayor-frank-jackson-2025,Mayor Frank Jackson,2025,profile-gallery-image,0.56,https://clevelandinternationalhalloffame.com/wp-content/uploads/2025/05/ingrida-cihf-11-1-300x289.jpg,https://clevelandinternationalhalloffame.com/mayor-frank-jackson/,500,481,,true
mayor-frank-jackson-2025,Mayor Frank Jackson,2025,profile-gallery-image,0.56,https://clevelandinternationalhalloffame.com/wp-content/uploads/2025/05/jackson-gilbert-blaine1-1-258x300.jpg,https://clevelandinternationalhalloffame.com/mayor-frank-jackson/,500,582,,true
mayor-frank-jackson-2025,Mayor Frank Jackson,2025,profile-gallery-image,0.56,https://clevelandinternationalhalloffame.com/wp-content/uploads/2025/05/pierre-cihf-61-292x300.jpg,https://clevelandinternationalhalloffame.com/mayor-frank-jackson/,500,514,,true
mayor-frank-jackson-2025,Mayor Frank Jackson,2025,profile-gallery-image,0.56,https://clevelandinternationalhalloffame.com/wp-content/uploads/2025/05/ingrida-cihf-21-1-300x186.jpg,https://clevelandinternationalhalloffame.com/mayor-frank-jackson/,500,310,,true
mayor-frank-jackson-2025,Mayor Frank Jackson,2025,profile-gallery-image,0.56,https://clevelandinternationalhalloffame.com/wp-content/uploads/2025/05/dan-johnny-mayor-pierre-svetlana1-300x209.jpg,https://clevelandinternationalhalloffame.com/mayor-frank-jackson/,500,349,,true
mayor-frank-jackson-2025,Mayor Frank Jackson,2025,profile-gallery-image,0.56,https://clevelandinternationalhalloffame.com/wp-content/uploads/2025/05/class-picture1-300x254.jpg,https://clevelandinternationalhalloffame.com/mayor-frank-jackson/,500,424,,true
mayor-frank-jackson-2025,Mayor Frank Jackson,2025,profile-gallery-image,0.56,https://clevelandinternationalhalloffame.com/wp-content/uploads/2025/05/dan-johnny-mayor-pierre-svetlana1.jpg,https://clevelandinternationalhalloffame.com/mayor-frank-jackson/,500,349,,true
mayor-frank-jackson-2025,Mayor Frank Jackson,2025,profile-gallery-image,0.56,https://clevelandinternationalhalloffame.com/wp-content/uploads/2025/05/ingrida-cihf-21-1.jpg,https://clevelandinternationalhalloffame.com/mayor-frank-jackson/,500,310,,true
mayor-frank-jackson-2025,Mayor Frank Jackson,2025,profile-gallery-image,0.56,https://clevelandinternationalhalloffame.com/wp-content/uploads/2025/05/pierre-cihf-61.jpg,https://clevelandinternationalhalloffame.com/mayor-frank-jackson/,500,514,,true
mayor-frank-jackson-2025,Mayor Frank Jackson,2025,profile-gallery-image,0.56,https://clevelandinternationalhalloffame.com/wp-content/uploads/2025/05/jackson-gilbert-blaine1-1.jpg,https://clevelandinternationalhalloffame.com/mayor-frank-jackson/,500,582,,true
mayor-frank-jackson-2025,Mayor Frank Jackson,2025,profile-gallery-image,0.56,https://clevelandinternationalhalloffame.com/wp-content/uploads/2025/05/ingrida-cihf-11-1.jpg,https://clevelandinternationalhalloffame.com/mayor-frank-jackson/,500,481,,true
michael-d-polensek-2023,Michael D. Polensek,2023,profile-gallery-image,0.56,https://clevelandinternationalhalloffame.com/wp-content/uploads/2023/04/s-mike-polensek-award-2-300x245.jpg,https://clevelandinternationalhalloffame.com/michael-d-polensek/,500,408,,true
michael-d-polensek-2023,Michael D. Polensek,2023,profile-gallery-image,0.56,https://clevelandinternationalhalloffame.com/wp-content/uploads/2023/04/s-mike-polensek-1-300x212.jpg,https://clevelandinternationalhalloffame.com/michael-d-polensek/,500,353,,true
michael-d-polensek-2023,Michael D. Polensek,2023,profile-gallery-image,0.56,https://clevelandinternationalhalloffame.com/wp-content/uploads/2023/04/p-slovenian-group-300x195.jpg,https://clevelandinternationalhalloffame.com/michael-d-polensek/,500,325,,true
michael-d-polensek-2023,Michael D. Polensek,2023,profile-gallery-image,0.56,https://clevelandinternationalhalloffame.com/wp-content/uploads/2023/04/s-mike-polensek-award-1-300x250.jpg,https://clevelandinternationalhalloffame.com/michael-d-polensek/,500,417,,true
michael-d-polensek-2023,Michael D. Polensek,2023,profile-gallery-image,0.56,https://clevelandinternationalhalloffame.com/wp-content/uploads/2023/04/s-mike-polensek-award-1.jpg,https://clevelandinternationalhalloffame.com/michael-d-polensek/,500,417,,true
michael-d-polensek-2023,Michael D. Polensek,2023,profile-gallery-image,0.56,https://clevelandinternationalhalloffame.com/wp-content/uploads/2023/04/p-slovenian-group.jpg,https://clevelandinternationalhalloffame.com/michael-d-polensek/,500,325,,true
michael-d-polensek-2023,Michael D. Polensek,2023,profile-gallery-image,0.56,https://clevelandinternationalhalloffame.com/wp-content/uploads/2023/04/s-mike-polensek-1.jpg,https://clevelandinternationalhalloffame.com/michael-d-polensek/,500,353,,true
michael-d-polensek-2023,Michael D. Polensek,2023,profile-gallery-image,0.56,https://clevelandinternationalhalloffame.com/wp-content/uploads/2023/04/s-mike-polensek-award-2.jpg,https://clevelandinternationalhalloffame.com/michael-d-polensek/,500,408,,true
michael-d-polensek-2023,Michael D. Polensek,2023,profile-gallery-image,0.56,https://clevelandinternationalhalloffame.com/wp-content/uploads/2023/04/s-mike-polensek-award.jpg,https://clevelandinternationalhalloffame.com/michael-d-polensek/,500,417,,true
michael-d-polensek-2023,Michael D. Polensek,2023,profile-gallery-image,0.56,https://clevelandinternationalhalloffame.com/wp-content/uploads/2023/04/s-mike-polensek-3.jpg,https://clevelandinternationalhalloffame.com/michael-d-polensek/,500,419,,true
mohan-bafna-2016,Mohan Bafna,2016,profile-gallery-image,0.56,https://www.clevelandpeople.com/images/hof/hof-2016/event/people-swathi-sudarshan-sathe.jpg,https://clevelandinternationalhalloffame.com/mohan-bafna-2016/,500,374,Swati and Sudarshan Sathe,true
mohan-bafna-2016,Mohan Bafna,2016,profile-gallery-image,0.56,https://www.clevelandpeople.com/images/hof/hof-2016/event/people-mona-harjit-group.jpg,https://clevelandinternationalhalloffame.com/mohan-bafna-2016/,500,322,Harjit and Mona Alag,true
mohan-bafna-2016,Mohan Bafna,2016,profile-gallery-image,0.56,https://www.clevelandpeople.com/images/hof/hof-2016/event/people-pakrash.jpg,https://clevelandinternationalhalloffame.com/mohan-bafna-2016/,500,349,Pakrash,true
mohan-bafna-2016,Mohan Bafna,2016,profile-gallery-image,0.56,https://www.clevelandpeople.com/images/hof/hof-2016/event/people-nisha-chit-jain.jpg,https://clevelandinternationalhalloffame.com/mohan-bafna-2016/,500,382,Nisha and Chit Jain,true
mohan-bafna-2016,Mohan Bafna,2016,profile-gallery-image,0.56,https://www.clevelandpeople.com/images/hof/hof-2016/event/people-ramesh-jaya-shah.jpg,https://clevelandinternationalhalloffame.com/mohan-bafna-2016/,500,359,Ramesh and Jaya Shah,true
mohan-bafna-2016,Mohan Bafna,2016,profile-gallery-image,0.56,https://www.clevelandpeople.com/images/hof/hof-2016/event/people-lady-daughter.jpg,https://clevelandinternationalhalloffame.com/mohan-bafna-2016/,500,489,Lady with daughter,true
mohan-bafna-2016,Mohan Bafna,2016,profile-gallery-image,0.56,https://www.clevelandpeople.com/images/hof/hof-2016/event/people-sangita-bafna-baby.jpg,https://clevelandinternationalhalloffame.com/mohan-bafna-2016/,500,365,"Sanhita Bafna, baby, Suresh Bafna",true
mohan-bafna-2016,Mohan Bafna,2016,profile-gallery-image,0.56,https://www.clevelandpeople.com/images/hof/hof-2016/event/people-ritu-swati.jpg,https://clevelandinternationalhalloffame.com/mohan-bafna-2016/,500,383,Ritu Mahna and Swati Sathe,true
mohan-bafna-2016,Mohan Bafna,2016,profile-gallery-image,0.56,https://www.clevelandpeople.com/images/hof/hof-2016/event/people-gita-gidwani.jpg,https://clevelandinternationalhalloffame.com/mohan-bafna-2016/,500,363,Gita Gidwani,true
mohan-bafna-2016,Mohan Bafna,2016,profile-gallery-image,0.56,https://www.clevelandpeople.com/images/hof/hof-2016/event/people-patels.jpg,https://clevelandinternationalhalloffame.com/mohan-bafna-2016/,500,364,Patels,true
mohan-bafna-2016,Mohan Bafna,2016,profile-gallery-image,0.56,https://www.clevelandpeople.com/images/hof/hof-2016/event/people-sathes.jpg,https://clevelandinternationalhalloffame.com/mohan-bafna-2016/,500,321,Sudarshan and Swati Sathe,true
mohan-bafna-2016,Mohan Bafna,2016,profile-gallery-image,0.56,https://www.clevelandpeople.com/images/hof/hof-2016/event/people-sangita-bafna.jpg,https://clevelandinternationalhalloffame.com/mohan-bafna-2016/,500,726,Sangita Bafna,true
mona-alag-2017,Mona Alag,2017,profile-gallery-image,0.56,https://www.clevelandpeople.com/images/hof/hof-2017/pa-harjit-alag-singh.jpg,https://clevelandinternationalhalloffame.com/inductees/mona-alag/,500,359,Harjit Alag,true
mona-alag-2017,Mona Alag,2017,profile-gallery-image,0.56,https://www.clevelandpeople.com/images/hof/hof-2017/pa-15-gita.jpg,https://clevelandinternationalhalloffame.com/inductees/mona-alag/,500,421,Dr Mehta and Dr. Gita Gidwani,true
mona-alag-2017,Mona Alag,2017,profile-gallery-image,0.56,https://www.clevelandpeople.com/images/hof/hof-2017/pa-jaya-ramesh-shah.jpg,https://clevelandinternationalhalloffame.com/inductees/mona-alag/,500,416,Jaya and Ramesh Shah,true
mona-alag-2017,Mona Alag,2017,profile-gallery-image,0.56,https://www.clevelandpeople.com/images/hof/hof-2017/pa-swati-sudrashan-sathe.jpg,https://clevelandinternationalhalloffame.com/inductees/mona-alag/,500,515,Swati and Sudarshan Sathe,true
mona-alag-2017,Mona Alag,2017,profile-gallery-image,0.56,https://www.clevelandpeople.com/images/hof/hof-2017/pa-kathy-anjan-ghose.jpg,https://clevelandinternationalhalloffame.com/inductees/mona-alag/,500,418,Kathy and Anjan Ghose,true
mona-alag-2017,Mona Alag,2017,profile-gallery-image,0.56,https://www.clevelandpeople.com/images/hof/hof-2017/pa-kampani.jpg,https://clevelandinternationalhalloffame.com/inductees/mona-alag/,500,364,Kampanis,true
mona-alag-2017,Mona Alag,2017,profile-gallery-image,0.56,https://www.clevelandpeople.com/images/hof/hof-2017/pa-bafna-ghose.jpg,https://clevelandinternationalhalloffame.com/inductees/mona-alag/,500,390,Gunya Bafna and Kathy Ghose,true
mona-alag-2017,Mona Alag,2017,profile-gallery-image,0.56,https://www.clevelandpeople.com/images/hof/hof-2017/pa-piya-2.jpg,https://clevelandinternationalhalloffame.com/inductees/mona-alag/,500,388,Piya Roy,true
mona-alag-2017,Mona Alag,2017,profile-gallery-image,0.56,https://www.clevelandpeople.com/images/hof/hof-2017/pa-raj-pillai-kathy-ghose.jpg,https://clevelandinternationalhalloffame.com/inductees/mona-alag/,500,356,Raj Pillai and Kathy Ghose,true
mona-alag-2017,Mona Alag,2017,profile-gallery-image,0.56,https://www.clevelandpeople.com/images/hof/hof-2017/pa-swati-sathi-harsha-rane.jpg,https://clevelandinternationalhalloffame.com/inductees/mona-alag/,500,364,Swati Sathe and Harsha Rane,true
mona-alag-2017,Mona Alag,2017,profile-gallery-image,0.56,https://www.clevelandpeople.com/images/hof/hof-2017/pa-balraj.jpg,https://clevelandinternationalhalloffame.com/inductees/mona-alag/,500,490,Elizabeth and Winfred Balraj,true
mona-alag-2017,Mona Alag,2017,profile-gallery-image,0.56,https://clevelandinternationalhalloffame.com/wp-content/uploads/2017/03/ie-mona-mic.jpg,https://clevelandinternationalhalloffame.com/inductees/mona-alag/,500,498,,true
paul-burik-2019,Paul Burik,2019,profile-gallery-image,0.56,https://clevelandinternationalhalloffame.com/wp-content/uploads/2019/05/chris-ronayne-1.jpg,https://clevelandinternationalhalloffame.com/paul-burik/,500,343,,true
pierre-bejjani-2023,Pierre Bejjani,2023,profile-gallery-image,0.56,https://clevelandinternationalhalloffame.com/wp-content/uploads/2023/04/s-pierre-mayor-tony-3-297x300.jpg,https://clevelandinternationalhalloffame.com/pierre-bejjani/,500,505,,true
pierre-bejjani-2023,Pierre Bejjani,2023,profile-gallery-image,0.56,https://clevelandinternationalhalloffame.com/wp-content/uploads/2023/04/s-pierre-mayor-tony-3.jpg,https://clevelandinternationalhalloffame.com/pierre-bejjani/,500,505,,true
ralph-perk-jr-2018,Ralph Perk Jr.,2018,profile-gallery-image,0.56,https://www.clevelandpeople.com/images/hof/hof-2018/cihf-c-rocky-perk-maryrose-2.jpg,https://clevelandinternationalhalloffame.com/inductees-europe/ralph-perk-jr/,500,438,Mary Rose Oakar and Rocky Perk,true
ralph-perk-jr-2018,Ralph Perk Jr.,2018,profile-gallery-image,0.56,https://www.clevelandpeople.com/images/hof/hof-2018/cihf-c-mary-rose-oakar.jpg,https://clevelandinternationalhalloffame.com/inductees-europe/ralph-perk-jr/,500,462,Congresswoman Mary Rose Oakar inducts Rocky Perk,true
ralph-perk-jr-2018,Ralph Perk Jr.,2018,profile-gallery-image,0.56,https://www.clevelandpeople.com/images/hof/hof-2018/cihf-c-mary-rose-oakar-4.jpg,https://clevelandinternationalhalloffame.com/inductees-europe/ralph-perk-jr/,500,414,Congresswoman Mary Rose Oakar inducts Rocky Perk,true
ralph-perk-jr-2018,Ralph Perk Jr.,2018,profile-gallery-image,0.56,https://www.clevelandpeople.com/images/hof/hof-2018/cihf-c-mary-rose-oakar-rocky-perk.jpg,https://clevelandinternationalhalloffame.com/inductees-europe/ralph-perk-jr/,500,391,Congresswoman Mary Rose Oakar inducts Rocky Perk,true
ralph-perk-jr-2018,Ralph Perk Jr.,2018,profile-gallery-image,0.56,https://www.clevelandpeople.com/images/hof/hof-2018/cihf-p-irene-rocky-sheila-gerry.jpg,https://clevelandinternationalhalloffame.com/inductees-europe/ralph-perk-jr/,500,498,"Irene Morrow, Gerry Quinn, Sheila Murphy Crawford and Rocky Perk",true
ralph-perk-jr-2018,Ralph Perk Jr.,2018,profile-gallery-image,0.56,https://www.clevelandpeople.com/images/hof/hof-2018/cihf-cp-tanaka-perk-bejjani.jpg,https://clevelandinternationalhalloffame.com/inductees-europe/ralph-perk-jr/,500,358,"Chris Tanaka, Rocky Perk and Pierre Bejjani",true
ralph-perk-jr-2018,Ralph Perk Jr.,2018,profile-gallery-image,0.56,https://www.clevelandpeople.com/images/hof/hof-2018/cihf-p-rocky-perk-mary-bejjani.jpg,https://clevelandinternationalhalloffame.com/inductees-europe/ralph-perk-jr/,500,425,Rocky Perk and Mary Bejjani,true
ralph-perk-jr-2018,Ralph Perk Jr.,2018,profile-gallery-image,0.56,https://www.clevelandpeople.com/images/hof/hof-2018/cihf-cp-anjan-23.jpg,https://clevelandinternationalhalloffame.com/inductees-europe/ralph-perk-jr/,500,394,Rocky Perk with friends,true
ralph-perk-jr-2018,Ralph Perk Jr.,2018,profile-gallery-image,0.56,https://www.clevelandpeople.com/images/hof/hof-2018/cihf-c-rocky-perk-maryrose.jpg,https://clevelandinternationalhalloffame.com/inductees-europe/ralph-perk-jr/,500,713,Mary Rose Oakar inducts Rocky Perk,true
ralph-perk-jr-2018,Ralph Perk Jr.,2018,profile-gallery-image,0.56,https://www.clevelandpeople.com/images/hof/hof-2018/cihf-c-rocky-perk-award.jpg,https://clevelandinternationalhalloffame.com/inductees-europe/ralph-perk-jr/,500,676,Rocky Perk CIHF award,true
ralph-perk-jr-2018,Ralph Perk Jr.,2018,profile-gallery-image,0.56,https://clevelandinternationalhalloffame.com/wp-content/uploads/2018/06/cihf-p-rocky-perk-mary-bejjani.jpg,https://clevelandinternationalhalloffame.com/inductees-europe/ralph-perk-jr/,500,425,,true
ramesh-shah-2020,Ramesh Shah,2020,profile-gallery-image,0.56,https://www.clevelandpeople.com/images/hof/hof-2022/sudarhsan-sathe-induct-4.jpg,https://clevelandinternationalhalloffame.com/ramesh-shah/,,,Sudarshan Sathe inducting Ramesh Shah,true
ramesh-shah-2020,Ramesh Shah,2020,profile-gallery-image,0.56,https://www.clevelandpeople.com/images/hof/hof-2022/ramesh-shah-sudarshan-sathe-award.jpg,https://clevelandinternationalhalloffame.com/ramesh-shah/,,,,true
ramesh-shah-2020,Ramesh Shah,2020,profile-gallery-image,0.56,https://www.clevelandpeople.com/images/hof/hof-2022/ramesh-shah-sudarshan-sathe-award-3.jpg,https://clevelandinternationalhalloffame.com/ramesh-shah/,,,,true
ramesh-shah-2020,Ramesh Shah,2020,profile-gallery-image,0.56,https://www.clevelandpeople.com/images/hof/hof-2022/ramesh-shah-sudarshan-sathe-award-5.jpg,https://clevelandinternationalhalloffame.com/ramesh-shah/,,,,true
ramesh-shah-2020,Ramesh Shah,2020,profile-gallery-image,0.56,https://www.clevelandpeople.com/images/hof/hof-2022/ramesh-shah-sudarshan-sathe-award-4.jpg,https://clevelandinternationalhalloffame.com/ramesh-shah/,,,,true
ramesh-shah-2020,Ramesh Shah,2020,profile-gallery-image,0.56,https://www.clevelandpeople.com/images/hof/hof-2022/ramesh-shah-speak-2.jpg,https://clevelandinternationalhalloffame.com/ramesh-shah/,,,,true
ramesh-shah-2020,Ramesh Shah,2020,profile-gallery-image,0.56,https://www.clevelandpeople.com/images/hof/hof-2022/ramesh-shah-speak-scissors-2.jpg,https://clevelandinternationalhalloffame.com/ramesh-shah/,,,,true
ramesh-shah-2020,Ramesh Shah,2020,profile-gallery-image,0.56,https://www.clevelandpeople.com/images/hof/hof-2022/ramesh-shah-speak-3.jpg,https://clevelandinternationalhalloffame.com/ramesh-shah/,,,,true
ramesh-shah-2020,Ramesh Shah,2020,profile-gallery-image,0.56,https://www.clevelandpeople.com/images/hof/hof-2022/ramesh-jaya-shah.jpg,https://clevelandinternationalhalloffame.com/ramesh-shah/,,,,true
ramesh-shah-2020,Ramesh Shah,2020,profile-gallery-image,0.56,https://www.clevelandpeople.com/images/hof/hof-2022/ramesh-jaya-shah-2.jpg,https://clevelandinternationalhalloffame.com/ramesh-shah/,,,,true
ramesh-shah-2020,Ramesh Shah,2020,profile-gallery-image,0.56,https://www.clevelandpeople.com/images/hof/hof-2022/ramesh-shah-ladies.jpg,https://clevelandinternationalhalloffame.com/ramesh-shah/,,,,true
ramesh-shah-2020,Ramesh Shah,2020,profile-gallery-image,0.56,https://www.clevelandpeople.com/images/hof/hof-2022/ramesh-shah-group.jpg,https://clevelandinternationalhalloffame.com/ramesh-shah/,,,,true
ramesh-shah-2020,Ramesh Shah,2020,profile-gallery-image,0.56,https://www.clevelandpeople.com/images/hof/hof-2022/dan-hanson-baiju-ramesh-jaya-shah.jpg,https://clevelandinternationalhalloffame.com/ramesh-shah/,,,,true
ramesh-shah-2020,Ramesh Shah,2020,profile-gallery-image,0.56,https://www.clevelandpeople.com/images/hof/hof-2022/crowd-anjan-jaya-ramesh.jpg,https://clevelandinternationalhalloffame.com/ramesh-shah/,,,,true
ramesh-shah-2020,Ramesh Shah,2020,profile-gallery-image,0.56,https://www.clevelandpeople.com/images/hof/hof-2022/crowd-gita-sujata-kathy.jpg,https://clevelandinternationalhalloffame.com/ramesh-shah/,,,,true
ramesh-shah-2020,Ramesh Shah,2020,profile-gallery-image,0.56,https://www.clevelandpeople.com/images/hof/hof-2022/crowd-gita-group.jpg,https://clevelandinternationalhalloffame.com/ramesh-shah/,,,,true
ramesh-shah-2020,Ramesh Shah,2020,profile-gallery-image,0.56,https://www.clevelandpeople.com/images/hof/hof-2022/crowd-ramesh-group.jpg,https://clevelandinternationalhalloffame.com/ramesh-shah/,,,,true
ramesh-shah-2020,Ramesh Shah,2020,profile-gallery-image,0.56,https://clevelandinternationalhalloffame.com/wp-content/uploads/2021/06/sudarshan-ramesh-jaya-param-baiju-scaled.jpg,https://clevelandinternationalhalloffame.com/ramesh-shah/,,,,true
ramesh-shah-2020,Ramesh Shah,2020,profile-gallery-image,0.56,https://clevelandinternationalhalloffame.com/wp-content/uploads/2021/06/sudarshan-ramesh-scaled.jpg,https://clevelandinternationalhalloffame.com/ramesh-shah/,,,,true
ramesh-shah-2020,Ramesh Shah,2020,profile-gallery-image,0.56,https://clevelandinternationalhalloffame.com/wp-content/uploads/2021/06/jaya-ramesh-baiju-1-scaled.jpg,https://clevelandinternationalhalloffame.com/ramesh-shah/,,,,true
ramesh-shah-2020,Ramesh Shah,2020,profile-gallery-image,0.56,https://clevelandinternationalhalloffame.com/wp-content/uploads/2022/05/ramesh-2.jpg,https://clevelandinternationalhalloffame.com/ramesh-shah/,741,713,,true
ramesh-shah-2020,Ramesh Shah,2020,profile-gallery-image,0.56,https://clevelandinternationalhalloffame.com/wp-content/uploads/2021/06/sudarshan-ramesh-paramjit-scaled.jpg,https://clevelandinternationalhalloffame.com/inductees/ramesh-shah/,,,,true
ramesh-shah-2020,Ramesh Shah,2020,profile-gallery-image,0.56,https://clevelandinternationalhalloffame.com/wp-content/uploads/2021/06/jaya-ramesh-baiju-scaled.jpg,https://clevelandinternationalhalloffame.com/inductees/ramesh-shah/,,,,true
ray-pianka-2018,Ray Pianka,2018,profile-gallery-image,0.56,https://www.clevelandpeople.com/images/hof/hof-2018/cihf-c-pianka-tony.jpg,https://clevelandinternationalhalloffame.com/inductees-europe/ray-pianka/,500,364,Kirsten Pianka and Karen Pianka with Tony Brancatelli,true
ray-pianka-2018,Ray Pianka,2018,profile-gallery-image,0.56,https://www.clevelandpeople.com/images/hof/hof-2018/cihf-c-karen-pianka.jpg,https://clevelandinternationalhalloffame.com/inductees-europe/ray-pianka/,500,480,Karen Pianka,true
ray-pianka-2018,Ray Pianka,2018,profile-gallery-image,0.56,https://www.clevelandpeople.com/images/hof/hof-2018/cihf-p-lady-inductees.jpg,https://clevelandinternationalhalloffame.com/inductees-europe/ray-pianka/,500,293,"Karen Pianka, Sister Alvarado and Sheila Murphy Crawford",true
ray-pianka-2018,Ray Pianka,2018,profile-gallery-image,0.56,https://www.clevelandpeople.com/images/hof/hof-2018/cihf-c-karen-pianka-sister-alicia.jpg,https://clevelandinternationalhalloffame.com/inductees-europe/ray-pianka/,500,368,Karen Pianka and Sister Alvarado,true
ray-pianka-2018,Ray Pianka,2018,profile-gallery-image,0.56,https://www.clevelandpeople.com/images/hof/hof-2018/cihf-p-karen-pianka.jpg,https://clevelandinternationalhalloffame.com/inductees-europe/ray-pianka/,500,454,Karen Pianka,true
ray-pianka-2018,Ray Pianka,2018,profile-gallery-image,0.56,https://www.clevelandpeople.com/images/hof/hof-2018/class-picture-ed-2.jpg,https://clevelandinternationalhalloffame.com/inductees-europe/ray-pianka/,500,353,Class of 2018 with MC Chris Tanaka and CIHF co-founders Debbie Hanson and Dan Hanson,true
ray-pianka-2018,Ray Pianka,2018,profile-gallery-image,0.56,https://clevelandinternationalhalloffame.com/wp-content/uploads/2018/06/cihf-p-karen-pianka.jpg,https://clevelandinternationalhalloffame.com/inductees-europe/ray-pianka/,500,454,,true
ray-pianka-2018,Ray Pianka,2018,profile-gallery-image,0.56,https://clevelandinternationalhalloffame.com/wp-content/uploads/2018/06/cihf-c-tony-brancatelli-8.jpg,https://clevelandinternationalhalloffame.com/inductees-europe/ray-pianka/,500,375,Councilman Anthony Brancatelli inducts Judge Ray Pianla into the Cleveland International Hall of Fame,true
ray-pianka-2018,Ray Pianka,2018,profile-gallery-image,0.56,https://clevelandinternationalhalloffame.com/wp-content/uploads/2018/06/cihf-c-tony-brancatelli-7.jpg,https://clevelandinternationalhalloffame.com/inductees-europe/ray-pianka/,500,446,,true
ray-pianka-2018,Ray Pianka,2018,profile-gallery-image,0.56,https://clevelandinternationalhalloffame.com/wp-content/uploads/2018/06/cihf-c-tony-brancatelli-5.jpg,https://clevelandinternationalhalloffame.com/inductees-europe/ray-pianka/,500,434,Councilman Anthony Brancatelli shows an old newspaper article that demonstrated Judge Pianka's neighborhood efforts even as a boy,true
ray-pianka-2018,Ray Pianka,2018,profile-gallery-image,0.56,https://clevelandinternationalhalloffame.com/wp-content/uploads/2018/06/cihf-c-tony-brancatelli.jpg,https://clevelandinternationalhalloffame.com/inductees-europe/ray-pianka/,500,440,,true
ray-pianka-2018,Ray Pianka,2018,profile-gallery-image,0.56,https://clevelandinternationalhalloffame.com/wp-content/uploads/2018/06/cihf-c-pianka-tony-2.jpg,https://clevelandinternationalhalloffame.com/inductees-europe/ray-pianka/,500,344,"Kirsten Pianka, Councilman Anthony Brancatelli and Karen Pianka",true
ray-pianka-2018,Ray Pianka,2018,profile-gallery-image,0.56,https://clevelandinternationalhalloffame.com/wp-content/uploads/2018/06/cihf-c-pianka-tony.jpg,https://clevelandinternationalhalloffame.com/inductees-europe/ray-pianka/,500,364,,true
richard-fleischman-2019,Richard Fleischman,2019,profile-gallery-image,0.56,https://clevelandinternationalhalloffame.com/wp-content/uploads/2019/05/crowd-cihf-2019-12.jpg,https://clevelandinternationalhalloffame.com/richard-fleischman/,500,342,,true
richard-fleischman-2019,Richard Fleischman,2019,profile-gallery-image,0.56,https://clevelandinternationalhalloffame.com/wp-content/uploads/2019/05/crowd-anjan-3.jpg,https://clevelandinternationalhalloffame.com/richard-fleischman/,500,401,,true
sam-kim-2017,Sam Kim,2017,profile-gallery-image,0.56,https://clevelandinternationalhalloffame.com/wp-content/uploads/2017/03/ie-ki-kim.jpg,https://clevelandinternationalhalloffame.com/inductees-asia/sam-kim/,500,442,Ki Kim,true
sheila-murphy-crawford-2018,Sheila Murphy Crawford,2018,profile-gallery-image,0.56,https://www.clevelandpeople.com/images/hof/hof-2018/cihf-cp-anjan-35-regina-quinn.jpg,https://clevelandinternationalhalloffame.com/inductees-europe/sheila-murphy-crawford/,500,350,"Kevin Quinn, Regina Costello and Gerry Quinn",true
sheila-murphy-crawford-2018,Sheila Murphy Crawford,2018,profile-gallery-image,0.56,https://www.clevelandpeople.com/images/hof/hof-2018/cihf-cp-ed-bob-crawford.jpg,https://clevelandinternationalhalloffame.com/inductees-europe/sheila-murphy-crawford/,500,392,Bob Crawford,true
sheila-murphy-crawford-2018,Sheila Murphy Crawford,2018,profile-gallery-image,0.56,https://www.clevelandpeople.com/images/hof/hof-2018/cihf-cp-ed-greata-ryan.jpg,https://clevelandinternationalhalloffame.com/inductees-europe/sheila-murphy-crawford/,500,434,Greta Ryan,true
sheila-murphy-crawford-2018,Sheila Murphy Crawford,2018,profile-gallery-image,0.56,https://www.clevelandpeople.com/images/hof/hof-2018/cihf-cp-ed-mike-conkey.jpg,https://clevelandinternationalhalloffame.com/inductees-europe/sheila-murphy-crawford/,500,388,Mike Conkey,true
sheila-murphy-crawford-2018,Sheila Murphy Crawford,2018,profile-gallery-image,0.56,https://www.clevelandpeople.com/images/hof/hof-2018/cihf-p-irish2.jpg,https://clevelandinternationalhalloffame.com/inductees-europe/sheila-murphy-crawford/,500,365,Pat and Mrs Hoynes,true
sheila-murphy-crawford-2018,Sheila Murphy Crawford,2018,profile-gallery-image,0.56,https://www.clevelandpeople.com/images/hof/hof-2018/cihf-p-tim-3.jpg,https://clevelandinternationalhalloffame.com/inductees-europe/sheila-murphy-crawford/,500,333,Bob Crawford and ladies,true
sheila-murphy-crawford-2018,Sheila Murphy Crawford,2018,profile-gallery-image,0.56,https://www.clevelandpeople.com/images/hof/hof-2018/cihf-p-carney-oakar.jpg,https://clevelandinternationalhalloffame.com/inductees-europe/sheila-murphy-crawford/,500,381,"Linea Meany, Shannon Corcoran, Bill Carney and Mary Rose Oakar",true
sister-alicia-alvarado-2018,Sister Alicia Alvarado,2018,profile-gallery-image,0.56,https://clevelandinternationalhalloffame.com/wp-content/uploads/2018/05/cihf-p-sheila-sister.jpg,https://clevelandinternationalhalloffame.com/inductees-south-america/sister-alicia-alvarado/,500,386,,true
sister-alicia-alvarado-2018,Sister Alicia Alvarado,2018,profile-gallery-image,0.56,https://clevelandinternationalhalloffame.com/wp-content/uploads/2018/05/cihf-p-lady-inductees.jpg,https://clevelandinternationalhalloffame.com/inductees-south-america/sister-alicia-alvarado/,500,293,,true
sister-alicia-alvarado-2018,Sister Alicia Alvarado,2018,profile-gallery-image,0.56,https://clevelandinternationalhalloffame.com/wp-content/uploads/2018/05/cihf-cp-anjan-class-us.jpg,https://clevelandinternationalhalloffame.com/inductees-south-america/sister-alicia-alvarado/,500,386,"2018 Class with MCs Chris Tanaka, Debbie Hanson and Dan Hanson.",true
sree-sreenath-2019,Sree Sreenath,2019,profile-gallery-image,0.56,https://clevelandinternationalhalloffame.com/wp-content/uploads/2019/05/sudarshan-sathe-300x211.jpg,https://clevelandinternationalhalloffame.com/sree-sreenath/,500,352,Sudarhsan and Swati Sathe,true
sree-sreenath-2019,Sree Sreenath,2019,profile-gallery-image,0.56,https://clevelandinternationalhalloffame.com/wp-content/uploads/2019/05/sudarshan-sathe.jpg,https://clevelandinternationalhalloffame.com/sree-sreenath/,500,352,,true
svetlana-stolyarova-2025,Svetlana Stolyarova,2025,profile-gallery-image,0.56,https://clevelandinternationalhalloffame.com/wp-content/uploads/2025/05/svetlana-cihf-31-183x300.jpg,https://clevelandinternationalhalloffame.com/svetlana-stolyarova/,500,819,,true
svetlana-stolyarova-2025,Svetlana Stolyarova,2025,profile-gallery-image,0.56,https://clevelandinternationalhalloffame.com/wp-content/uploads/2025/05/svetlana-cihf-21-216x300.jpg,https://clevelandinternationalhalloffame.com/svetlana-stolyarova/,500,694,,true
svetlana-stolyarova-2025,Svetlana Stolyarova,2025,profile-gallery-image,0.56,https://clevelandinternationalhalloffame.com/wp-content/uploads/2025/05/oanh-cihf-21-233x300.jpg,https://clevelandinternationalhalloffame.com/svetlana-stolyarova/,500,645,,true
svetlana-stolyarova-2025,Svetlana Stolyarova,2025,profile-gallery-image,0.56,https://clevelandinternationalhalloffame.com/wp-content/uploads/2025/05/ingrida-cihf-21-2-300x186.jpg,https://clevelandinternationalhalloffame.com/svetlana-stolyarova/,500,310,,true
svetlana-stolyarova-2025,Svetlana Stolyarova,2025,profile-gallery-image,0.56,https://clevelandinternationalhalloffame.com/wp-content/uploads/2025/05/class-picture1-300x254.jpg,https://clevelandinternationalhalloffame.com/svetlana-stolyarova/,500,424,2025 class of the Cleveland International Hall of Fame (Ray Aggarwal not in photo),true
svetlana-stolyarova-2025,Svetlana Stolyarova,2025,profile-gallery-image,0.56,https://clevelandinternationalhalloffame.com/wp-content/uploads/2025/05/ingrida-cihf-21-2.jpg,https://clevelandinternationalhalloffame.com/svetlana-stolyarova/,500,310,,true
svetlana-stolyarova-2025,Svetlana Stolyarova,2025,profile-gallery-image,0.56,https://clevelandinternationalhalloffame.com/wp-content/uploads/2025/05/oanh-cihf-21.jpg,https://clevelandinternationalhalloffame.com/svetlana-stolyarova/,500,645,,true
svetlana-stolyarova-2025,Svetlana Stolyarova,2025,profile-gallery-image,0.56,https://clevelandinternationalhalloffame.com/wp-content/uploads/2025/05/svetlana-cihf-21.jpg,https://clevelandinternationalhalloffame.com/svetlana-stolyarova/,500,694,,true
svetlana-stolyarova-2025,Svetlana Stolyarova,2025,profile-gallery-image,0.56,https://clevelandinternationalhalloffame.com/wp-content/uploads/2025/05/svetlana-cihf-31.jpg,https://clevelandinternationalhalloffame.com/svetlana-stolyarova/,500,819,,true
taras-szmagala-2022,Taras Szmagala,2022,profile-gallery-image,0.56,https://www.clevelandpeople.com/images/hof/hof-2022/andy-fedynsky-induct.jpg,https://clevelandinternationalhalloffame.com/taras-szmagala/,,,,true
taras-szmagala-2022,Taras Szmagala,2022,profile-gallery-image,0.56,https://www.clevelandpeople.com/images/hof/hof-2022/andy-fedynsky-induct-2.jpg,https://clevelandinternationalhalloffame.com/taras-szmagala/,,,,true
taras-szmagala-2022,Taras Szmagala,2022,profile-gallery-image,0.56,https://www.clevelandpeople.com/images/hof/hof-2022/taras-szmagala-andy-fedynsky-2.jpg,https://clevelandinternationalhalloffame.com/taras-szmagala/,,,,true
taras-szmagala-2022,Taras Szmagala,2022,profile-gallery-image,0.56,https://www.clevelandpeople.com/images/hof/hof-2022/taras-szmagala-speak-3.jpg,https://clevelandinternationalhalloffame.com/taras-szmagala/,,,,true
taras-szmagala-2022,Taras Szmagala,2022,profile-gallery-image,0.56,https://www.clevelandpeople.com/images/hof/hof-2022/taras-szmagala-speak-1.jpg,https://clevelandinternationalhalloffame.com/taras-szmagala/,,,,true
taras-szmagala-2022,Taras Szmagala,2022,profile-gallery-image,0.56,https://www.clevelandpeople.com/images/hof/hof-2022/taras-szmagala-speak-2.jpg,https://clevelandinternationalhalloffame.com/taras-szmagala/,,,,true
taras-szmagala-2022,Taras Szmagala,2022,profile-gallery-image,0.56,https://www.clevelandpeople.com/images/hof/hof-2022/taras-szmagala-andy-fedynsky.jpg,https://clevelandinternationalhalloffame.com/taras-szmagala/,,,,true
taras-szmagala-2022,Taras Szmagala,2022,profile-gallery-image,0.56,https://www.clevelandpeople.com/images/hof/hof-2022/taras-lady.jpg,https://clevelandinternationalhalloffame.com/taras-szmagala/,,,,true
taras-szmagala-2022,Taras Szmagala,2022,profile-gallery-image,0.56,https://www.clevelandpeople.com/images/hof/hof-2022/taras-szmagala-family.jpg,https://clevelandinternationalhalloffame.com/taras-szmagala/,,,,true
taras-szmagala-2022,Taras Szmagala,2022,profile-gallery-image,0.56,https://www.clevelandpeople.com/images/hof/hof-2022/taras-table.jpg,https://clevelandinternationalhalloffame.com/taras-szmagala/,,,,true
valarie-mccall-2020,Valarie McCall,2020,profile-gallery-image,0.56,https://www.clevelandpeople.com/images/hof/hof-2022/albert-ratner-induct-2.jpg,https://clevelandinternationalhalloffame.com/valarie-mccall/,,,,true
valarie-mccall-2020,Valarie McCall,2020,profile-gallery-image,0.56,https://www.clevelandpeople.com/images/hof/hof-2022/valarie-mccall-albert-ratner-hug2.jpg,https://clevelandinternationalhalloffame.com/valarie-mccall/,,,,true
valarie-mccall-2020,Valarie McCall,2020,profile-gallery-image,0.56,https://www.clevelandpeople.com/images/hof/hof-2022/albert-ratner-induct-3.jpg,https://clevelandinternationalhalloffame.com/valarie-mccall/,,,,true
valarie-mccall-2020,Valarie McCall,2020,profile-gallery-image,0.56,https://www.clevelandpeople.com/images/hof/hof-2022/valarie-mccall-albert-ratner-award.jpg,https://clevelandinternationalhalloffame.com/valarie-mccall/,,,,true
valarie-mccall-2020,Valarie McCall,2020,profile-gallery-image,0.56,https://www.clevelandpeople.com/images/hof/hof-2022/valarie-mccall-speak-5.jpg,https://clevelandinternationalhalloffame.com/valarie-mccall/,,,,true
valarie-mccall-2020,Valarie McCall,2020,profile-gallery-image,0.56,https://www.clevelandpeople.com/images/hof/hof-2022/valarie-mccall-speak-4.jpg,https://clevelandinternationalhalloffame.com/valarie-mccall/,,,,true
valarie-mccall-2020,Valarie McCall,2020,profile-gallery-image,0.56,https://www.clevelandpeople.com/images/hof/hof-2022/valarie-mccall-speak-3.jpg,https://clevelandinternationalhalloffame.com/valarie-mccall/,,,,true
valarie-mccall-2020,Valarie McCall,2020,profile-gallery-image,0.56,https://www.clevelandpeople.com/images/hof/hof-2022/valarie-mccall-speak-1.jpg,https://clevelandinternationalhalloffame.com/valarie-mccall/,,,,true
valarie-mccall-2020,Valarie McCall,2020,profile-gallery-image,0.56,https://www.clevelandpeople.com/images/hof/hof-2022/valarie-mccall-2.jpg,https://clevelandinternationalhalloffame.com/valarie-mccall/,,,,true
valarie-mccall-2020,Valarie McCall,2020,profile-gallery-image,0.56,https://www.clevelandpeople.com/images/hof/hof-2022/valarie-mccall-3.jpg,https://clevelandinternationalhalloffame.com/valarie-mccall/,,,,true
valarie-mccall-2020,Valarie McCall,2020,profile-gallery-image,0.56,https://www.clevelandpeople.com/images/hof/hof-2022/valarie-mccall-dawn-kendrick.jpg,https://clevelandinternationalhalloffame.com/valarie-mccall/,,,,true
valarie-mccall-2020,Valarie McCall,2020,profile-gallery-image,0.56,https://clevelandinternationalhalloffame.com/wp-content/uploads/2022/05/valarie.jpeg,https://clevelandinternationalhalloffame.com/valarie-mccall/,214,320,,true
veronica-dahlberg-2024,Veronica Dahlberg,2024,profile-gallery-image,0.56,https://www.clevelandpeople.com/images/hof/hof-2024/s-veronica-dahlberg-f2.jpg,https://clevelandinternationalhalloffame.com/inductees/veronica-dahlberg/,,,,true
veronica-dahlberg-2024,Veronica Dahlberg,2024,profile-gallery-image,0.56,https://www.clevelandpeople.com/images/hof/hof-2024/s-veronica-dahlberg-m1.jpg,https://clevelandinternationalhalloffame.com/inductees/veronica-dahlberg/,,,,true
veronica-dahlberg-2024,Veronica Dahlberg,2024,profile-gallery-image,0.56,https://www.clevelandpeople.com/images/hof/hof-2024/s-veronica-dahlberg-5.jpg,https://clevelandinternationalhalloffame.com/inductees/veronica-dahlberg/,,,,true
veronica-dahlberg-2024,Veronica Dahlberg,2024,profile-gallery-image,0.56,https://www.clevelandpeople.com/images/hof/hof-2024/s-jasmin-santana-m1.jpg,https://clevelandinternationalhalloffame.com/inductees/veronica-dahlberg/,,,,true
veronica-dahlberg-2024,Veronica Dahlberg,2024,profile-gallery-image,0.56,https://www.clevelandpeople.com/images/hof/hof-2024/s-veronica-dahlberg-jasmin-santana-4.jpg,https://clevelandinternationalhalloffame.com/inductees/veronica-dahlberg/,,,,true
veronica-dahlberg-2024,Veronica Dahlberg,2024,profile-gallery-image,0.56,https://www.clevelandpeople.com/images/hof/hof-2024/s-veronica-dahlberg-jasmin-santana-6.jpg,https://clevelandinternationalhalloffame.com/inductees/veronica-dahlberg/,,,,true
veronica-dahlberg-2024,Veronica Dahlberg,2024,profile-gallery-image,0.56,https://www.clevelandpeople.com/images/hof/hof-2024/s-veronica-dahlberg-jasmin-santana-7.jpg,https://clevelandinternationalhalloffame.com/inductees/veronica-dahlberg/,,,,true
veronica-dahlberg-2024,Veronica Dahlberg,2024,profile-gallery-image,0.56,https://www.clevelandpeople.com/images/hof/hof-2024/s-veronica-dahlberg-1.jpg,https://clevelandinternationalhalloffame.com/inductees/veronica-dahlberg/,,,,true
veronica-dahlberg-2024,Veronica Dahlberg,2024,profile-gallery-image,0.56,https://www.clevelandpeople.com/images/hof/hof-2024/s-veronica-dahlberg-m4.jpg,https://clevelandinternationalhalloffame.com/inductees/veronica-dahlberg/,,,,true
veronica-dahlberg-2024,Veronica Dahlberg,2024,profile-gallery-image,0.56,https://www.clevelandpeople.com/images/hof/hof-2024/s-veronica-dahlberg-m3.jpg,https://clevelandinternationalhalloffame.com/inductees/veronica-dahlberg/,,,,true
veronica-dahlberg-2024,Veronica Dahlberg,2024,profile-gallery-image,0.56,https://www.clevelandpeople.com/images/hof/hof-2024/s-veronica-dahlberg-f3.jpg,https://clevelandinternationalhalloffame.com/inductees/veronica-dahlberg/,,,,true
veronica-dahlberg-2024,Veronica Dahlberg,2024,profile-gallery-image,0.56,https://www.clevelandpeople.com/images/hof/hof-2024/s-veronica-dahlberg-dan-hanson.jpg,https://clevelandinternationalhalloffame.com/inductees/veronica-dahlberg/,,,,true
veronica-dahlberg-2024,Veronica Dahlberg,2024,profile-gallery-image,0.56,https://www.clevelandpeople.com/images/hof/hof-2024/p-hola-table.jpg,https://clevelandinternationalhalloffame.com/inductees/veronica-dahlberg/,,,,true
veronica-dahlberg-2024,Veronica Dahlberg,2024,profile-gallery-image,0.56,https://www.clevelandpeople.com/images/hof/hof-2024/p-hola-group.jpg,https://clevelandinternationalhalloffame.com/inductees/veronica-dahlberg/,,,,true
veronica-dahlberg-2024,Veronica Dahlberg,2024,profile-gallery-image,0.56,https://www.clevelandpeople.com/images/hof/hof-2024/p-hola-couple.jpg,https://clevelandinternationalhalloffame.com/inductees/veronica-dahlberg/,,,,true
veronica-dahlberg-2024,Veronica Dahlberg,2024,profile-gallery-image,0.56,https://www.clevelandpeople.com/images/hof/hof-2024/p-hola-table-2.jpg,https://clevelandinternationalhalloffame.com/inductees/veronica-dahlberg/,,,,true
veronica-dahlberg-2024,Veronica Dahlberg,2024,profile-gallery-image,0.56,https://clevelandinternationalhalloffame.com/wp-content/uploads/2024/01/veronica-joe-who1.jpg,https://clevelandinternationalhalloffame.com/inductees/veronica-dahlberg/,500,405,,true
veronica-dahlberg-2024,Veronica Dahlberg,2024,profile-gallery-image,0.56,https://clevelandinternationalhalloffame.com/wp-content/uploads/2024/01/ribbon-cutting1.jpg,https://clevelandinternationalhalloffame.com/inductees/veronica-dahlberg/,500,259,,true
victor-ruiz-2022,Victor Ruiz,2022,profile-gallery-image,0.56,https://www.clevelandpeople.com/images/hof/hof-2022/alex-johnson-induct-3.jpg,https://clevelandinternationalhalloffame.com/victor-ruiz/,,,,true
victor-ruiz-2022,Victor Ruiz,2022,profile-gallery-image,0.56,https://www.clevelandpeople.com/images/hof/hof-2022/victor-ruiz-alex-johnson-award-hug.jpg,https://clevelandinternationalhalloffame.com/victor-ruiz/,,,,true
victor-ruiz-2022,Victor Ruiz,2022,profile-gallery-image,0.56,https://www.clevelandpeople.com/images/hof/hof-2022/victor-ruiz-alex-johnson-award-2.jpg,https://clevelandinternationalhalloffame.com/victor-ruiz/,,,,true
victor-ruiz-2022,Victor Ruiz,2022,profile-gallery-image,0.56,https://www.clevelandpeople.com/images/hof/hof-2022/victor-ruiz-alex-johnson-award-3.jpg,https://clevelandinternationalhalloffame.com/victor-ruiz/,,,,true
victor-ruiz-2022,Victor Ruiz,2022,profile-gallery-image,0.56,https://www.clevelandpeople.com/images/hof/hof-2022/victor-ruiz-alex-johnson-award.jpg,https://clevelandinternationalhalloffame.com/victor-ruiz/,,,,true
victor-ruiz-2022,Victor Ruiz,2022,profile-gallery-image,0.56,https://www.clevelandpeople.com/images/hof/hof-2022/victor-ruiz-speak-1.jpg,https://clevelandinternationalhalloffame.com/victor-ruiz/,,,,true
victor-ruiz-2022,Victor Ruiz,2022,profile-gallery-image,0.56,https://www.clevelandpeople.com/images/hof/hof-2022/victor-ruiz-group-2.jpg,https://clevelandinternationalhalloffame.com/victor-ruiz/,,,,true
victor-ruiz-2022,Victor Ruiz,2022,profile-gallery-image,0.56,https://www.clevelandpeople.com/images/hof/hof-2022/victor-ruiz-family.jpg,https://clevelandinternationalhalloffame.com/victor-ruiz/,,,,true
victor-ruiz-2022,Victor Ruiz,2022,profile-gallery-image,0.56,https://www.clevelandpeople.com/images/hof/hof-2022/victor-ruiz-group.jpg,https://clevelandinternationalhalloffame.com/victor-ruiz/,,,,true
victor-ruiz-2022,Victor Ruiz,2022,profile-gallery-image,0.56,https://www.clevelandpeople.com/images/hof/hof-2022/victor-ruiz-group-3.jpg,https://clevelandinternationalhalloffame.com/victor-ruiz/,,,,true
victor-ruiz-2022,Victor Ruiz,2022,profile-gallery-image,0.56,https://www.clevelandpeople.com/images/hof/hof-2022/victor-ruiz-group-4.jpg,https://clevelandinternationalhalloffame.com/victor-ruiz/,,,,true
victor-ruiz-2022,Victor Ruiz,2022,profile-gallery-image,0.56,https://www.clevelandpeople.com/images/hof/hof-2022/victor-ruiz-dan-hanson.jpg,https://clevelandinternationalhalloffame.com/victor-ruiz/,,,,true
victor-ruiz-2022,Victor Ruiz,2022,profile-gallery-image,0.56,https://clevelandinternationalhalloffame.com/wp-content/uploads/2022/05/Victor-A.-Ruiz.png,https://clevelandinternationalhalloffame.com/victor-ruiz/,,,,true
wael-khoury-2017,Wael Khoury,2017,profile-gallery-image,0.56,https://www.clevelandpeople.com/images/hof/hof-2017/ph-7.jpg,https://clevelandinternationalhalloffame.com/inductees-asia/wael-khoury/,500,414,"Tony and Mrs Abdulkarim, Sawssan Khoury and Pierre Bejjani",true
wael-khoury-2017,Wael Khoury,2017,profile-gallery-image,0.56,https://www.clevelandpeople.com/images/hof/hof-2017/ph-zein-pierre.jpg,https://clevelandinternationalhalloffame.com/inductees-asia/wael-khoury/,500,380,Dr. Nizar Zein and Pierre Bejjani,true
rev-mikhail-mikhail-2016,Rev. Mikhail Mikhail,2016,source-image,0.36,https://www.clevelandpeople.com/images/hof/hof-2016/event/2016-class-picture.jpg,https://clevelandinternationalhalloffame.com/reverend-mikhail-mikhail-2016/,500,404,Class of 2016,true
rev-mikhail-mikhail-2016,Rev. Mikhail Mikhail,2016,source-image,0.36,https://www.clevelandpeople.com/images/hof/hof-2016/event/people-rita-ihab-toma.jpg,https://clevelandinternationalhalloffame.com/reverend-mikhail-mikhail-2016/,500,429,Rita and Ihab Toma,true
