inducteeId,inducteeName,classYear,suggestedTheme,wordCount,sourcePageUrl,excerpt,candidateUse
abby-mina-2018,Abby Mina,2018,life-work,57,https://clevelandinternationalhalloffame.com/inductees-asia/abby-mina/,Abdullah (Abby) Mina Mr. Abdullah Mina is of great service to the Arab American Community in Cleveland in...,staff-draft-only
abby-mina-2018,Abby Mina,2018,life-work,44,https://clevelandinternationalhalloffame.com/inductees-asia/abby-mina/,Mr. Mina served on several boards such as the International Services Center at the Arab American Center for...,staff-draft-only
abby-mina-2018,Abby Mina,2018,recognition,68,https://clevelandinternationalhalloffame.com/inductees-asia/abby-mina/,He is well known as the host and producer of the local weekly Arabic Radio Program which can...,staff-draft-only
abby-mina-2018,Abby Mina,2018,recognition,56,https://clevelandinternationalhalloffame.com/inductees-asia/abby-mina/,"He received many proclamations and citations from government agencies and Arab American Institute in Washington DC. In 2010,...",staff-draft-only
abby-mina-2018,Abby Mina,2018,recognition,35,https://clevelandinternationalhalloffame.com/inductees-asia/abby-mina/,"In addition, for his perpetuating and enriching the Lebanese culture and working tirelessly to promote understanding among the...",staff-draft-only
abby-mina-2018,Abby Mina,2018,early-life,73,https://clevelandinternationalhalloffame.com/inductees-asia/abby-mina/,"Abby is described as a family man, educated, marketing consultant, advocate, and radio personality. Through the years, he...",staff-draft-only
abby-mina-2018,Abby Mina,2018,biographical-context,36,https://clevelandinternationalhalloffame.com/inductees-asia/abby-mina/,"One of his fondest memories is meeting King Hussein of Jordan on his visit to Williamsburg, Virginia and...",staff-draft-only
abby-mina-2018,Abby Mina,2018,education,114,https://clevelandinternationalhalloffame.com/inductees-asia/abby-mina/,"Arriving in Cleveland in the mid-1960s, Abdullah entered the insurance business. He is retired marketing consultant from Blue...",staff-draft-only
aklilu-demessie-2026,Aklilu Demessie,2026,early-life,127,https://clevelandinternationalhalloffame.com/aklilu-demessie/,Mr. Aklilu Demessie first came to the United States from Ethiopia for a year as part of an...,staff-draft-only
aklilu-demessie-2026,Aklilu Demessie,2026,community-service,46,https://clevelandinternationalhalloffame.com/aklilu-demessie/,"Demessie has always believed in giving back. For him, that means being personally invested in the community that...",staff-draft-only
aklilu-demessie-2026,Aklilu Demessie,2026,life-work,119,https://clevelandinternationalhalloffame.com/aklilu-demessie/,Demessie retired from the United Technologies Aerospace Landing Systems in June 2018. After retiring he worked at Collins...,staff-draft-only
aklilu-demessie-2026,Aklilu Demessie,2026,life-work,80,https://clevelandinternationalhalloffame.com/aklilu-demessie/,"He was instrumental in enlisting Ethiopia, the only and first African nation, to participate in the International Children’s...",staff-draft-only
aklilu-demessie-2026,Aklilu Demessie,2026,community-service,63,https://clevelandinternationalhalloffame.com/aklilu-demessie/,"Demessie joined DISATU EYES foundation as a co-founder with his best friend, Dr. Shiferaw G/ Mariam in 2016....",staff-draft-only
aklilu-demessie-2026,Aklilu Demessie,2026,community-service,85,https://clevelandinternationalhalloffame.com/aklilu-demessie/,"“I’ve been civic/community-minded for as long as I can remember,” Demessie said. “To the extent that I can...",staff-draft-only
aklilu-demessie-2026,Aklilu Demessie,2026,life-work,91,https://clevelandinternationalhalloffame.com/aklilu-demessie/,Demessie brings his passion for community involvement to the workplace as well: he mentored those who are new...,staff-draft-only
aklilu-demessie-2026,Aklilu Demessie,2026,education,98,https://clevelandinternationalhalloffame.com/aklilu-demessie/,"Demessie has also mentored and advised aspiring high school and college engineering students alike, as well as co-ops...",staff-draft-only
akram-boutros-2019,Akram Boutros,2019,life-work,39,https://clevelandinternationalhalloffame.com/akram-boutros/,"In his five years as the President and CEO of MetroHealth, the public health system in Cleveland, Akram...",staff-draft-only
akram-boutros-2019,Akram Boutros,2019,biographical-context,58,https://clevelandinternationalhalloffame.com/akram-boutros/,"With his unwavering commitment to delivering high-quality health care to everyone in Cuyahoga County, Akram Boutros has achieved...",staff-draft-only
akram-boutros-2019,Akram Boutros,2019,community-service,81,https://clevelandinternationalhalloffame.com/akram-boutros/,"In the five years since, he has created an Integrated Delivery System that provides care at more than...",staff-draft-only
akram-boutros-2019,Akram Boutros,2019,community-service,81,https://clevelandinternationalhalloffame.com/akram-boutros/,"In the past five years, The MetroHealth System has also created more than 1,300 additional jobs, sent doctors...",staff-draft-only
akram-boutros-2019,Akram Boutros,2019,community-service,43,https://clevelandinternationalhalloffame.com/akram-boutros/,"An internist with a 25-year record of successful hospital leadership at academic medical centers, community hospitals and specialty...",staff-draft-only
akram-boutros-2019,Akram Boutros,2019,education,62,https://clevelandinternationalhalloffame.com/akram-boutros/,"A graduate of St. John’s University, SUNY Downstate Medical Center and Harvard Business School’s Advanced Management Program, he...",staff-draft-only
akram-boutros-2019,Akram Boutros,2019,life-work,50,https://clevelandinternationalhalloffame.com/akram-boutros/,"Click on the white arrow to watch the video as Master of Ceremonies Chris Tanaka, news anchor of...",staff-draft-only
albert-b-ratner-2011,Albert B. Ratner,2011,community-service,60,https://clevelandinternationalhalloffame.com/albert-b-ratner-2011/,He has been in the commercial and residential real estate industry with Forest City since 1951. Ratner is...,staff-draft-only
albert-b-ratner-2011,Albert B. Ratner,2011,life-work,62,https://clevelandinternationalhalloffame.com/albert-b-ratner-2011/,"In the company’s hometown of Cleveland, Ratner was the driving force behind Forest City’s dramatic redevelopment of the...",staff-draft-only
albert-b-ratner-2011,Albert B. Ratner,2011,education,76,https://clevelandinternationalhalloffame.com/albert-b-ratner-2011/,Ratner has always been involved in local activities. He is currently an honorary trustee of Shoes & Clothes...,staff-draft-only
albert-b-ratner-2011,Albert B. Ratner,2011,community-service,36,https://clevelandinternationalhalloffame.com/albert-b-ratner-2011/,"Nationally, he is on the board of governors of the Henry M. Jackson Foundation and is an honorary...",staff-draft-only
albert-b-ratner-2011,Albert B. Ratner,2011,education,54,https://clevelandinternationalhalloffame.com/albert-b-ratner-2011/,"Ratner is a graduate of Michigan State University, with a degree in forestry. He also holds an honorary...",staff-draft-only
alex-machaskee-2010,Alex Machaskee,2010,life-work,86,https://clevelandinternationalhalloffame.com/alex-machaskee-2010/,"Alex Machaskee is the retired Publisher, President and Chief Executive Officer of The Plain Dealer, Ohio’s largest newspaper....",staff-draft-only
alex-machaskee-2010,Alex Machaskee,2010,early-life,69,https://clevelandinternationalhalloffame.com/alex-machaskee-2010/,"Born in Warren, Ohio, Mr. Machaskee worked as a sports reporter and general assignment reporter for the Warren...",staff-draft-only
alex-machaskee-2010,Alex Machaskee,2010,life-work,121,https://clevelandinternationalhalloffame.com/alex-machaskee-2010/,Mr. Machaskee has been presented with numerous awards throughout his career because of his commitment and leadership in...,staff-draft-only
alex-machaskee-2010,Alex Machaskee,2010,education,157,https://clevelandinternationalhalloffame.com/alex-machaskee-2010/,Mr. Machaskee is on the executive committee of the Musical Arts Association of the Cleveland Orchestra and Chairman...,staff-draft-only
alex-machaskee-2010,Alex Machaskee,2010,life-work,34,https://clevelandinternationalhalloffame.com/alex-machaskee-2010/,"Currently, Mr. Machaskee is President of Alex Machaskee and Associates, LLC at Key Tower, 127 Public Square, Cleveland,...",staff-draft-only
ambassador-edward-f-crawford-2024,Ambassador Edward F. Crawford,2024,biographical-context,49,https://clevelandinternationalhalloffame.com/inductees/ambassador-edward-f-crawford/,Ambassador Edward F. Crawford is the former Chairman and Chief Executive Officer of Park-Ohio Holdings Corp. (NASDAQ Symbol...,staff-draft-only
ambassador-edward-f-crawford-2024,Ambassador Edward F. Crawford,2024,recognition,53,https://clevelandinternationalhalloffame.com/inductees/ambassador-edward-f-crawford/,"Crawford’s grandparents both emigrated from Cork. His grandmother, Catherine McCarthy, was from New Market, Boherbue. His grandfather Healy...",staff-draft-only
ambassador-edward-f-crawford-2024,Ambassador Edward F. Crawford,2024,early-life,71,https://clevelandinternationalhalloffame.com/inductees/ambassador-edward-f-crawford/,In 1948 his electrician father bundled his wife and three sons up and off they headed to sunny...,staff-draft-only
ambassador-edward-f-crawford-2024,Ambassador Edward F. Crawford,2024,community-service,73,https://clevelandinternationalhalloffame.com/inductees/ambassador-edward-f-crawford/,"Mr. Crawford is committed to a balanced life of commercial activity, civic responsibility and political action. For example,...",staff-draft-only
ambassador-edward-f-crawford-2024,Ambassador Edward F. Crawford,2024,community-service,78,https://clevelandinternationalhalloffame.com/inductees/ambassador-edward-f-crawford/,A couple weeks after first witnessing the deterioration he saw some volunteers working in the Irish Garden as...,staff-draft-only
ambassador-edward-f-crawford-2024,Ambassador Edward F. Crawford,2024,life-work,50,https://clevelandinternationalhalloffame.com/inductees/ambassador-edward-f-crawford/,One particular jewel is the massive fountain in the garden. While in Dublin on business he saw a...,staff-draft-only
ambassador-edward-f-crawford-2024,Ambassador Edward F. Crawford,2024,early-life,39,https://clevelandinternationalhalloffame.com/inductees/ambassador-edward-f-crawford/,“I grew up with the Lennon family and they have never sought any public recognition in any way.”...,staff-draft-only
ambassador-edward-f-crawford-2024,Ambassador Edward F. Crawford,2024,community-service,32,https://clevelandinternationalhalloffame.com/inductees/ambassador-edward-f-crawford/,"In 2012, Edward Crawford hosted the Taoiseach of Ireland, Enda Kenny along with Ambassador Michael Collins , Consul...",staff-draft-only
anda-cook-2022,Anda Cook,2022,early-life,61,https://clevelandinternationalhalloffame.com/anda-cook/,"Anda Cook was born in Riga, capitol of Latvia, but when she was 9 years old, left with...",staff-draft-only
anda-cook-2022,Anda Cook,2022,early-life,108,https://clevelandinternationalhalloffame.com/anda-cook/,"After intensive screening and tests, Anda and family were allowed to come to the United States, arriving in...",staff-draft-only
anda-cook-2022,Anda Cook,2022,early-life,127,https://clevelandinternationalhalloffame.com/anda-cook/,"As family circumstances changed, in 1955 Anda and family came to Cleveland. She did not know a soul,...",staff-draft-only
anda-cook-2022,Anda Cook,2022,early-life,97,https://clevelandinternationalhalloffame.com/anda-cook/,"While staying home for 14 years raising their family, daughters Lisa and Inta and son John, she started...",staff-draft-only
anda-cook-2022,Anda Cook,2022,community-service,55,https://clevelandinternationalhalloffame.com/anda-cook/,"Returning to work, she joined a newly established fair housing organization, The Cuyahoga Plan, Inc., where she stayed...",staff-draft-only
anda-cook-2022,Anda Cook,2022,education,78,https://clevelandinternationalhalloffame.com/anda-cook/,"In 1990 she was invited to become executive director of Living in Cleveland Center, Inc. An organization that...",staff-draft-only
anda-cook-2022,Anda Cook,2022,life-work,97,https://clevelandinternationalhalloffame.com/anda-cook/,"Among the many volunteer activities, Anda has served as Foreperson of the Cuyahoga County Grand Jury, has served...",staff-draft-only
anda-cook-2022,Anda Cook,2022,life-work,71,https://clevelandinternationalhalloffame.com/anda-cook/,"She was a member of the group that worked to establish the Latvian Cultural Garden, and served as...",staff-draft-only
andy-chakalis-2026,Andy Chakalis,2026,education,67,https://clevelandinternationalhalloffame.com/andy-chakalis/,"A native Clevelander, Andrew Chakalis attended Brush High School and Case Western Reserve University, where his Italian language...",staff-draft-only
andy-chakalis-2026,Andy Chakalis,2026,education,86,https://clevelandinternationalhalloffame.com/andy-chakalis/,"Upon returning to Cleveland in 1970, Chakalis worked in product development and design before joining The Cleveland Museum...",staff-draft-only
andy-chakalis-2026,Andy Chakalis,2026,education,193,https://clevelandinternationalhalloffame.com/andy-chakalis/,"Chakalis managed a collection of over 16,000 artworks used for educational programs covering all media and eras of...",staff-draft-only
andy-chakalis-2026,Andy Chakalis,2026,early-life,94,https://clevelandinternationalhalloffame.com/andy-chakalis/,"In the late 1980s, Chakalis and Department volunteer Mrs. Helen Collis were asked by the CMA Board to...",staff-draft-only
andy-chakalis-2026,Andy Chakalis,2026,community-service,60,https://clevelandinternationalhalloffame.com/andy-chakalis/,"He received a Proclamation from the City of Brook Park for preserving the Greek experience in Northeastern Ohio,...",staff-draft-only
andy-fedynsky-2026,Andy Fedynsky,2026,early-life,69,https://clevelandinternationalhalloffame.com/andy-fedynsky/,"Andy Fedynsky was born in 1947 in Innsbruck, Austria to Ukrainian refugee parents who had fled communist tyranny....",staff-draft-only
andy-fedynsky-2026,Andy Fedynsky,2026,education,144,https://clevelandinternationalhalloffame.com/andy-fedynsky/,After graduating from the University of Notre Dame where he spent a year abroad at the University of...,staff-draft-only
andy-fedynsky-2026,Andy Fedynsky,2026,education,123,https://clevelandinternationalhalloffame.com/andy-fedynsky/,This activism led him to work on Capitol Hill in 1978 as foreign policy advisor to Senator Bob...,staff-draft-only
andy-fedynsky-2026,Andy Fedynsky,2026,education,73,https://clevelandinternationalhalloffame.com/andy-fedynsky/,"Over the past 30 plus years, Andy has taken the Museum to a new chapter-from a worn-out wood...",staff-draft-only
andy-fedynsky-2026,Andy Fedynsky,2026,education,89,https://clevelandinternationalhalloffame.com/andy-fedynsky/,"Andy was a long-time columnist for the Ukrainian Weekly newspaper, taught courses on Ukrainian history at The Ohio...",staff-draft-only
andy-fedynsky-2026,Andy Fedynsky,2026,community-service,58,https://clevelandinternationalhalloffame.com/andy-fedynsky/,"Andy recognizes the US as a nation of immigrants, with Ukrainians constituting a significant part of the ethnic...",staff-draft-only
anthony-yen-yan-yuan-tai-2012,Anthony Yen (Yan Yuan Tai),2012,life-work,43,https://clevelandinternationalhalloffame.com/anthony-yen-2012/,Anthony Yen (Yan Yuan Tai) is an internationally recognized expert in business and trade. His work with the...,staff-draft-only
anthony-yen-yan-yuan-tai-2012,Anthony Yen (Yan Yuan Tai),2012,life-work,38,https://clevelandinternationalhalloffame.com/anthony-yen-2012/,"• Advisor to Chairman Chung Se Yung, Hyundai Business Group 1990 -1996 • Advisor to Caspar Weinberger, Chairman,...",staff-draft-only
anthony-yen-yan-yuan-tai-2012,Anthony Yen (Yan Yuan Tai),2012,biographical-context,33,https://clevelandinternationalhalloffame.com/anthony-yen-2012/,"“Invest in USA 2004 ” Conference, Beijing and Shanghai China Organized by Ministry of Commerce, People’s Republic of...",staff-draft-only
anthony-yen-yan-yuan-tai-2012,Anthony Yen (Yan Yuan Tai),2012,recognition,32,https://clevelandinternationalhalloffame.com/anthony-yen-2012/,"• 2000 Foreign Commercial Officer Assessment Panel, Department of Commerce (Appointed by Secretary of Commerce) • . •...",staff-draft-only
arnie-de-la-porte-2016-2016,Arnie de la Porte – 2016,2016,early-life,48,https://clevelandinternationalhalloffame.com/arnie-de-la-porte-2016/,"Charles A. Andre de la Porte , or Arnie de la Porte as he is known, was born...",staff-draft-only
arnie-de-la-porte-2016-2016,Arnie de la Porte – 2016,2016,life-work,67,https://clevelandinternationalhalloffame.com/arnie-de-la-porte-2016/,After his nautical career he became very active in international business first in Shell and later as Sales...,staff-draft-only
arnie-de-la-porte-2016-2016,Arnie de la Porte – 2016,2016,recognition,74,https://clevelandinternationalhalloffame.com/arnie-de-la-porte-2016/,Arnie de la Porte was inducted into the 2016 Class of the Cleveland International Hall of Fame on...,staff-draft-only
atul-mehta-2018,Atul Mehta,2018,education,36,https://clevelandinternationalhalloffame.com/inductees-asia/atul-mehta/,Dr. Atul C. Mehta is a world-renowned pulmonary clinician and academic authority/teacher with a strong track record of...,staff-draft-only
atul-mehta-2018,Atul Mehta,2018,education,37,https://clevelandinternationalhalloffame.com/inductees-asia/atul-mehta/,He has been a dedicated citizen and community builder for over 36 years. As a physician and as...,staff-draft-only
atul-mehta-2018,Atul Mehta,2018,community-service,59,https://clevelandinternationalhalloffame.com/inductees-asia/atul-mehta/,Dr. Mehta has been a liaison between the international patients requiring specialized medical care and the lung transplant...,staff-draft-only
atul-mehta-2018,Atul Mehta,2018,education,67,https://clevelandinternationalhalloffame.com/inductees-asia/atul-mehta/,Dr. Mehta played a key role in the turnaround of Cleveland Clinic’s Abu Dhabi hospital as Chief Medical...,staff-draft-only
atul-mehta-2018,Atul Mehta,2018,biographical-context,96,https://clevelandinternationalhalloffame.com/inductees-asia/atul-mehta/,"He propelled the Clinic into the global vanguard of pulmonary treatment through first-of-their-kind surgical procedures, establishment of interventional...",staff-draft-only
atul-mehta-2018,Atul Mehta,2018,early-life,56,https://clevelandinternationalhalloffame.com/inductees-asia/atul-mehta/,"Dr. Mehta helped cement the leadership and reputation of the Clinic in pulmonary medicine through scores of publications,...",staff-draft-only
atul-mehta-2018,Atul Mehta,2018,education,79,https://clevelandinternationalhalloffame.com/inductees-asia/atul-mehta/,"Dr. Mehta served as Director of the Center for International Medical Education (two years), oversaw $1 million budget...",staff-draft-only
atul-mehta-2018,Atul Mehta,2018,life-work,64,https://clevelandinternationalhalloffame.com/inductees-asia/atul-mehta/,"As a President, Dr. Mehta played an indispensable leadership role in winning host status for Cleveland, organizing and...",staff-draft-only
august-pust-2010,August Pust,2010,life-work,122,https://clevelandinternationalhalloffame.com/august-pust-2010/,"August B. Pust, during his more than thirty-year career in U.S. public service, not only coordinated multicultural relations,...",staff-draft-only
august-pust-2010,August Pust,2010,education,55,https://clevelandinternationalhalloffame.com/august-pust-2010/,For his efforts he received many commendations and was named in 2002 “Citizen Diplomat” by the National Council...,staff-draft-only
august-pust-2010,August Pust,2010,biographical-context,32,https://clevelandinternationalhalloffame.com/august-pust-2010/,Presently he is serving on the Board of Trustees of the Council of International Programs USA and in...,staff-draft-only
august-pust-2010,August Pust,2010,early-life,40,https://clevelandinternationalhalloffame.com/august-pust-2010/,"Born 1938 in Ljubljana, the capital city of Slovenia. Arrived in New York City Harbor, USA, as student/visitor...",staff-draft-only
august-pust-2010,August Pust,2010,life-work,115,https://clevelandinternationalhalloffame.com/august-pust-2010/,August B. Pust built a distinguished career not only in his profession as artist/graphic designer/manager and art director...,staff-draft-only
august-pust-2010,August Pust,2010,biographical-context,77,https://clevelandinternationalhalloffame.com/august-pust-2010/,Mr. Pust served on the U.S. Bicentennial Projects Committee and was a founding member of the Greater Cleveland...,staff-draft-only
august-pust-2010,August Pust,2010,community-service,69,https://clevelandinternationalhalloffame.com/august-pust-2010/,Mr. Pust was involved in a special project for bringing the 2004 International Children’s Games to USA –...,staff-draft-only
august-pust-2010,August Pust,2010,life-work,68,https://clevelandinternationalhalloffame.com/august-pust-2010/,Mr. Pust is the recipient of many citations and awards in recognition of his work. Included among the...,staff-draft-only
basil-russo-2017,Basil Russo,2017,life-work,44,https://clevelandinternationalhalloffame.com/inductees-europe/basil-russo/,"Basil M. Russo is the National President of the Order Italian Sons and Daughters of America (ISDA), having...",staff-draft-only
basil-russo-2017,Basil Russo,2017,life-work,82,https://clevelandinternationalhalloffame.com/inductees-europe/basil-russo/,"Under Basil’s leadership the ISDA’s new website and Facebook page have, in just 18 months, developed a following...",staff-draft-only
basil-russo-2017,Basil Russo,2017,community-service,88,https://clevelandinternationalhalloffame.com/inductees-europe/basil-russo/,"Due to his success in reenergizing the ISDA, Basil was offered a seat on the Board of Directors...",staff-draft-only
basil-russo-2017,Basil Russo,2017,biographical-context,33,https://clevelandinternationalhalloffame.com/inductees-europe/basil-russo/,"Basil now holds leadership positions in three prominent Italian American organizations in the United States, and as such,...",staff-draft-only
basil-russo-2017,Basil Russo,2017,early-life,135,https://clevelandinternationalhalloffame.com/inductees-europe/basil-russo/,"At the local level, Basil has a long history of involvement with the Italian American community. He serves...",staff-draft-only
basil-russo-2017,Basil Russo,2017,life-work,97,https://clevelandinternationalhalloffame.com/inductees-europe/basil-russo/,"As a native Clevelander, Basil ’s career has been as varied as it is impressive. He has served...",staff-draft-only
basil-russo-2017,Basil Russo,2017,early-life,92,https://clevelandinternationalhalloffame.com/inductees-europe/basil-russo/,Basil and his wife Patricia have served as chairpersons of the Advisory Committee to the Department of Marriage...,staff-draft-only
basil-russo-2017,Basil Russo,2017,biographical-context,36,https://clevelandinternationalhalloffame.com/inductees-europe/basil-russo/,Basil Russo was inducted into the 2017 Class of the Cleveland International Hall of Fame on the evening...,staff-draft-only
berj-shakarian-2020,Berj Shakarian,2020,early-life,59,https://clevelandinternationalhalloffame.com/berj-shakarian/,"As a young man, Berj A. Shakarian arrived in the United States in 1961. He came with his...",staff-draft-only
berj-shakarian-2020,Berj Shakarian,2020,biographical-context,75,https://clevelandinternationalhalloffame.com/berj-shakarian/,"Following graduation, Berj worked as a designer in the City of Cleveland’s Division of Design and Construction. In...",staff-draft-only
berj-shakarian-2020,Berj Shakarian,2020,education,54,https://clevelandinternationalhalloffame.com/berj-shakarian/,"However, retirement never really happened to Berj. He accepted a position at John Carroll University as Architect/Project Manager,...",staff-draft-only
berj-shakarian-2020,Berj Shakarian,2020,community-service,61,https://clevelandinternationalhalloffame.com/berj-shakarian/,"Even today, as his son told us, “My father, Berj stands out the most, because his vision goes...",staff-draft-only
berj-shakarian-2020,Berj Shakarian,2020,biographical-context,46,https://clevelandinternationalhalloffame.com/berj-shakarian/,"He has worked with many prominent Clevelanders over the years, including mayors Carl B. Stokes and George V....",staff-draft-only
berj-shakarian-2020,Berj Shakarian,2020,community-service,69,https://clevelandinternationalhalloffame.com/berj-shakarian/,"He not only designed the Armenian Cultural Garden , but he also served on the board of the...",staff-draft-only
berj-shakarian-2020,Berj Shakarian,2020,education,35,https://clevelandinternationalhalloffame.com/berj-shakarian/,"Berj has been married for almost 49 year to his wife, Carol, whom he met on the Rapid...",staff-draft-only
berj-shakarian-2020,Berj Shakarian,2020,community-service,49,https://clevelandinternationalhalloffame.com/berj-shakarian/,"As you know, Covid-19 forced the always sold out induction ceremonies to be cancelled in 2020 and 2021...",staff-draft-only
beverly-kerecman-2025,Beverly Kerecman,2025,early-life,54,https://clevelandinternationalhalloffame.com/beverly-kerecman/,"Beverly Haru Hashiguchi was born in Cleveland, Ohio and graduated from Cleveland Heights High School. She earned her...",staff-draft-only
beverly-kerecman-2025,Beverly Kerecman,2025,early-life,155,https://clevelandinternationalhalloffame.com/beverly-kerecman/,Beverly’s grandparents immigrated to the United States in the early 1900’s with dreams of a good life in...,staff-draft-only
beverly-kerecman-2025,Beverly Kerecman,2025,education,107,https://clevelandinternationalhalloffame.com/beverly-kerecman/,"Beverly joined the ShoJoJi Japanese Dancers during her youth. About a decade earlier, the dance group was formed...",staff-draft-only
beverly-kerecman-2025,Beverly Kerecman,2025,community-service,52,https://clevelandinternationalhalloffame.com/beverly-kerecman/,"Since 1945, the Cleveland Buddhist Church held Obon services which included folk dancing. The annual Obon event honors...",staff-draft-only
beverly-kerecman-2025,Beverly Kerecman,2025,life-work,94,https://clevelandinternationalhalloffame.com/beverly-kerecman/,"Beverly served as an officer for the Cleveland Japanese American Citizens League, JACL, and the Junior Japanese American...",staff-draft-only
beverly-kerecman-2025,Beverly Kerecman,2025,education,111,https://clevelandinternationalhalloffame.com/beverly-kerecman/,Beverly’s profession is an intervention specialist. She has retired from teaching students from preschool to high school in...,staff-draft-only
bill-miller-2017,Bill Miller,2017,life-work,81,https://clevelandinternationalhalloffame.com/inductees-europe/bill-miller/,You would be hard-pressed to find anybody in this world who was more fascinated by and curious about...,staff-draft-only
bill-miller-2017,Bill Miller,2017,community-service,73,https://clevelandinternationalhalloffame.com/inductees-europe/bill-miller/,"To understand William, know this: upon meeting somebody for the first time he would invariably ask, “What is...",staff-draft-only
bill-miller-2017,Bill Miller,2017,biographical-context,78,https://clevelandinternationalhalloffame.com/inductees-europe/bill-miller/,His commitment to understanding and enlightening others about the people of Northeast Ohio’s ethnic neighborhoods carried him far...,staff-draft-only
bill-miller-2017,Bill Miller,2017,biographical-context,43,https://clevelandinternationalhalloffame.com/inductees-europe/bill-miller/,William’s columns and feature stories earned him the admiration and affection of Clevelanders. His vivid prose guided readers...,staff-draft-only
bill-miller-2017,Bill Miller,2017,early-life,111,https://clevelandinternationalhalloffame.com/inductees-europe/bill-miller/,"William was born in 1935 in the blue-collar town of New Kensington, Pennsylvania, to a mother with Polish...",staff-draft-only
bill-miller-2017,Bill Miller,2017,early-life,124,https://clevelandinternationalhalloffame.com/inductees-europe/bill-miller/,"Returning stateside two years later, William eagerly enrolled at Kent State University to proudly become the first in...",staff-draft-only
bill-miller-2017,Bill Miller,2017,biographical-context,63,https://clevelandinternationalhalloffame.com/inductees-europe/bill-miller/,"The journalist retired in 2001, leaving the articles for others to write, but remaining in close touch with...",staff-draft-only
bill-miller-2017,Bill Miller,2017,community-service,99,https://clevelandinternationalhalloffame.com/inductees-europe/bill-miller/,"William received nearly 100 journalistic and civic awards, was nominated for a Pulitzer Prize for his foreign reporting...",staff-draft-only
bishop-a-edward-pevec-2013,Bishop A. Edward Pevec,2013,early-life,43,https://clevelandinternationalhalloffame.com/bishop-a-edward-pevec-2013/,"The Most Reverend (Anthony) Edward Pevec was born in Cleveland, OH on April 16,1925. He was ordained a...",staff-draft-only
bishop-a-edward-pevec-2013,Bishop A. Edward Pevec,2013,education,50,https://clevelandinternationalhalloffame.com/bishop-a-edward-pevec-2013/,He attended St. Vitus Elementary School and then Cathedral Latin High School. He went on to Sacred Heart...,staff-draft-only
bishop-a-edward-pevec-2013,Bishop A. Edward Pevec,2013,education,59,https://clevelandinternationalhalloffame.com/bishop-a-edward-pevec-2013/,"He was assigned to St. Mary Church, Elyria, OH, Associate Pastor: 1950-1952, St. Lawrence Church, Cleveland, OH, Associate...",staff-draft-only
bishop-a-edward-pevec-2013,Bishop A. Edward Pevec,2013,education,73,https://clevelandinternationalhalloffame.com/bishop-a-edward-pevec-2013/,• Priests’ Committee for Promotion of Vocations Clergy Relations Board • Clergy Personnel Board Task Force on Catholic...,staff-draft-only
bishop-a-edward-pevec-2013,Bishop A. Edward Pevec,2013,biographical-context,41,https://clevelandinternationalhalloffame.com/bishop-a-edward-pevec-2013/,• Slovenian Man of the Year • St. Vitus Hall of Fame • Wickliffe Man of the Year...,staff-draft-only
bishop-anthony-pilla-2015,Bishop Anthony Pilla,2015,early-life,48,https://clevelandinternationalhalloffame.com/bishop-anthony-pilla-2015/,"Anthony Michael Pilla, the son of Italian immigrants, was born in Cleveland and was educated in public schools...",staff-draft-only
bishop-anthony-pilla-2015,Bishop Anthony Pilla,2015,education,42,https://clevelandinternationalhalloffame.com/bishop-anthony-pilla-2015/,"His preparation was completed at Saint Mary Seminary, Cleveland, and he was ordained to the priesthood on May...",staff-draft-only
bishop-anthony-pilla-2015,Bishop Anthony Pilla,2015,education,51,https://clevelandinternationalhalloffame.com/bishop-anthony-pilla-2015/,"Bishop Pilla was Associate Pastor of St. Bartholomew Parish, Middleburg Heights, Ohio from 1959 to 1960 and then...",staff-draft-only
bishop-anthony-pilla-2015,Bishop Anthony Pilla,2015,biographical-context,39,https://clevelandinternationalhalloffame.com/bishop-anthony-pilla-2015/,"Pope John Paul II announced his choice of Father Pilla as Auxiliary Bishop of Cleveland on June 30,...",staff-draft-only
bishop-anthony-pilla-2015,Bishop Anthony Pilla,2015,life-work,33,https://clevelandinternationalhalloffame.com/bishop-anthony-pilla-2015/,For three years Bishop Pilla served as Vice President of the National Conference of Catholic Bishops (NCCB) and...,staff-draft-only
bishop-anthony-pilla-2015,Bishop Anthony Pilla,2015,community-service,53,https://clevelandinternationalhalloffame.com/bishop-anthony-pilla-2015/,"Bishop Pilla took seriously the challenge to be a messenger of God to our world, in our time....",staff-draft-only
bishop-anthony-pilla-2015,Bishop Anthony Pilla,2015,biographical-context,44,https://clevelandinternationalhalloffame.com/bishop-anthony-pilla-2015/,"He was, and still is, a living model of a Servant Leader – one who demonstrates the values,...",staff-draft-only
bishop-anthony-pilla-2015,Bishop Anthony Pilla,2015,biographical-context,42,https://clevelandinternationalhalloffame.com/bishop-anthony-pilla-2015/,Bishop Pilla was inducted into the 2015 Class of the Cleveland International Hall of Fame on the evening...,staff-draft-only
branka-malinar-2025,Branka Malinar,2025,early-life,85,https://clevelandinternationalhalloffame.com/branka-malinar/,"Branka Malinar was born in Popovec, Croatia in 1941. At the age of four, the family fled the...",staff-draft-only
branka-malinar-2025,Branka Malinar,2025,education,125,https://clevelandinternationalhalloffame.com/branka-malinar/,Branka was a bright young girl who by the age of 10 learned three languages. She attended St....,staff-draft-only
branka-malinar-2025,Branka Malinar,2025,education,192,https://clevelandinternationalhalloffame.com/branka-malinar/,"In 1973, she completed an undergraduate degree in Elementary Education at Baldwin Wallace College and began working for...",staff-draft-only
branka-malinar-2025,Branka Malinar,2025,community-service,114,https://clevelandinternationalhalloffame.com/branka-malinar/,"In the summer of 1976, Branka helped assemble a committee of North Ridgeville residents who approached the city...",staff-draft-only
branka-malinar-2025,Branka Malinar,2025,community-service,150,https://clevelandinternationalhalloffame.com/branka-malinar/,"In 1977, Branka and Jerry were part of a group of founding members of The North Ridgeville Historical...",staff-draft-only
branka-malinar-2025,Branka Malinar,2025,biographical-context,60,https://clevelandinternationalhalloffame.com/branka-malinar/,Collectively the goals of the two entities are to promote the Croatian culture in Cleveland by educating the...,staff-draft-only
branka-malinar-2025,Branka Malinar,2025,biographical-context,31,https://clevelandinternationalhalloffame.com/branka-malinar/,"In 2006, Branka encouraged two of her grandkids to join the American Zagreb Junior Tamburitzans. She drove them...",staff-draft-only
branka-malinar-2025,Branka Malinar,2025,early-life,100,https://clevelandinternationalhalloffame.com/branka-malinar/,"In 1993, Branka participated in the Ellis Island Oral History Project, which is stored at the Ellis Island...",staff-draft-only
carl-robson-2022,Carl Robson,2022,early-life,44,https://clevelandinternationalhalloffame.com/carl-robson/,"Carl Robson was raised in Hinsdale, Illinois. He attended College of Wooster, Ohio, then Case-Western Reserve Medical School....",staff-draft-only
carl-robson-2022,Carl Robson,2022,early-life,82,https://clevelandinternationalhalloffame.com/carl-robson/,"Carl did his Internal Medicine Residency at Cleveland MetroHealth, then worked in the St. Clair-Superior neighborhood, an under-served,...",staff-draft-only
carl-robson-2022,Carl Robson,2022,education,51,https://clevelandinternationalhalloffame.com/carl-robson/,Carl formed the non-profit Menelik Hall Foundation Inc. in 1987 for student assistance and Ethiopian projects in general....,staff-draft-only
carl-robson-2022,Carl Robson,2022,community-service,55,https://clevelandinternationalhalloffame.com/carl-robson/,Carl was instrumental in the establishment of the first Cleveland Cultrual Garden of an African country. He helped...,staff-draft-only
carl-robson-2022,Carl Robson,2022,biographical-context,33,https://clevelandinternationalhalloffame.com/carl-robson/,Many best know Dr. Robson as the owner of Empress Taytu Ethiopian Restaurant at 6125 St. Clair Ave....,staff-draft-only
carolyn-balogh-2016-2016,Carolyn Balogh – 2016,2016,early-life,33,https://clevelandinternationalhalloffame.com/carolyn-balogh-2016/,"Carolyn Balogh was born and raised in Cleveland, Ohio. She earned her B.S. in Education from Ohio University...",staff-draft-only
carolyn-balogh-2016-2016,Carolyn Balogh – 2016,2016,life-work,33,https://clevelandinternationalhalloffame.com/carolyn-balogh-2016/,"When Carolyn’s husband established their business, Mar-Bal, Inc. in 1970, Carolyn assumed the role of Human Resource Manager...",staff-draft-only
carolyn-balogh-2016-2016,Carolyn Balogh – 2016,2016,life-work,36,https://clevelandinternationalhalloffame.com/carolyn-balogh-2016/,You will see Carolyn at all the events and programs for the Cleveland Hungarian community such as the...,staff-draft-only
carolyn-balogh-2016-2016,Carolyn Balogh – 2016,2016,biographical-context,43,https://clevelandinternationalhalloffame.com/carolyn-balogh-2016/,Carolyn Balogh was inducted into the 2016 Class of the Cleveland International Hall of Fame on the evening...,staff-draft-only
carolyn-balogh-2016-2016,Carolyn Balogh – 2016,2016,early-life,33,https://clevelandinternationalhalloffame.com/induction-event-info/carolyn-balogh/,"Carolyn Balogh was born and raised in Cleveland, Ohio. She earned her B.S. in Education from Ohio University...",staff-draft-only
carolyn-balogh-2016-2016,Carolyn Balogh – 2016,2016,life-work,46,https://clevelandinternationalhalloffame.com/induction-event-info/carolyn-balogh/,"When Carolyn’s husband established their business, Mar-Bal, Inc. in 1970, Carolyn assumed the role of Human Resource Manager...",staff-draft-only
catherine-jorgensen-mccutcheon-2026,Catherine Jorgensen McCutcheon,2026,community-service,81,https://clevelandinternationalhalloffame.com/catherine-jorgensen-mccutcheon/,Norwegians generally are not eager to seek a spotlight for themselves. They defer to produce actual accomplishments and...,staff-draft-only
catherine-jorgensen-mccutcheon-2026,Catherine Jorgensen McCutcheon,2026,early-life,103,https://clevelandinternationalhalloffame.com/catherine-jorgensen-mccutcheon/,The year was significant. 1893 was the year of the Columbian Exposition in Chicago. The exposition was to...,staff-draft-only
catherine-jorgensen-mccutcheon-2026,Catherine Jorgensen McCutcheon,2026,community-service,105,https://clevelandinternationalhalloffame.com/catherine-jorgensen-mccutcheon/,"Our dozen members decided to publicize this one hundred year event on July 4th, 1993 by hosting an...",staff-draft-only
catherine-jorgensen-mccutcheon-2026,Catherine Jorgensen McCutcheon,2026,biographical-context,101,https://clevelandinternationalhalloffame.com/catherine-jorgensen-mccutcheon/,(A quote from an 1893 Cleveland newspaper clip: “Intercepting the Viking was a delegation of tugs…Meanwhile everyone was...,staff-draft-only
catherine-jorgensen-mccutcheon-2026,Catherine Jorgensen McCutcheon,2026,community-service,61,https://clevelandinternationalhalloffame.com/catherine-jorgensen-mccutcheon/,Beyond founding Ohio Norsemen I have participated in the extended ethnic community of my dear city. As a...,staff-draft-only
catherine-jorgensen-mccutcheon-2026,Catherine Jorgensen McCutcheon,2026,education,78,https://clevelandinternationalhalloffame.com/catherine-jorgensen-mccutcheon/,The Northern Ohio Returned Peace Corps group initiated many service activities both local and international and I taught...,staff-draft-only
catherine-jorgensen-mccutcheon-2026,Catherine Jorgensen McCutcheon,2026,community-service,77,https://clevelandinternationalhalloffame.com/catherine-jorgensen-mccutcheon/,Promoting safe cycling has been another engaging passion. We worked with the state for road signs requiring three...,staff-draft-only
david-gilbert-2025,David Gilbert,2025,life-work,75,https://clevelandinternationalhalloffame.com/david-gilbert/,"David Gilbert serves as president and CEO of Greater Cleveland Sports Commission (GCSC), an organization dedicated to making...",staff-draft-only
david-gilbert-2025,David Gilbert,2025,community-service,45,https://clevelandinternationalhalloffame.com/david-gilbert/,"GCSC attracts, creates, manages and enhances significant sporting and competitive events. Since 2000, the organization has attracted over...",staff-draft-only
david-gilbert-2025,David Gilbert,2025,community-service,78,https://clevelandinternationalhalloffame.com/david-gilbert/,David leads the Destination Cleveland team to carry out the organization’s mission of stimulating economic growth by attracting...,staff-draft-only
david-gilbert-2025,David Gilbert,2025,community-service,114,https://clevelandinternationalhalloffame.com/david-gilbert/,David is an ambassador for Cleveland around the globe. He led the effort to attract some of the...,staff-draft-only
david-gilbert-2025,David Gilbert,2025,education,74,https://clevelandinternationalhalloffame.com/david-gilbert/,David also dedicates his time to several organizations. He serves as Chair of the North Coast Waterfront Development...,staff-draft-only
dick-pogue-2015,Dick Pogue,2015,education,92,https://clevelandinternationalhalloffame.com/richard-pogue-2015/,"Richard W. (“Dick”) Pogue is Senior Advisor (i.e., full-time independent consultant) at Jones Day in Cleveland, Ohio. A...",staff-draft-only
dick-pogue-2015,Dick Pogue,2015,biographical-context,103,https://clevelandinternationalhalloffame.com/richard-pogue-2015/,"Mr. Pogue joined the law firm Jones, Day, Cockley & Reavis in Cleveland as an Associate in 1957,...",staff-draft-only
dick-pogue-2015,Dick Pogue,2015,life-work,69,https://clevelandinternationalhalloffame.com/richard-pogue-2015/,"On 6/30/94, Mr. Pogue retired from Jones Day and became Senior Advisor to (and a Director and major...",staff-draft-only
dick-pogue-2015,Dick Pogue,2015,life-work,35,https://clevelandinternationalhalloffame.com/richard-pogue-2015/,"Over the years Mr. Pogue served as a Director of various companies, including Continental Airlines, Derlan Industries (Canada),...",staff-draft-only
dick-pogue-2015,Dick Pogue,2015,education,116,https://clevelandinternationalhalloffame.com/richard-pogue-2015/,Mr. Pogue has chaired many major organizations in the civic arena in Cleveland and Northeast Ohio (including The...,staff-draft-only
dick-pogue-2015,Dick Pogue,2015,education,66,https://clevelandinternationalhalloffame.com/richard-pogue-2015/,He chairs the Advisory Committee for the (Ralph) Regula Institute at Mount Union University; and is a member...,staff-draft-only
dick-pogue-2015,Dick Pogue,2015,education,216,https://clevelandinternationalhalloffame.com/richard-pogue-2015/,He has been active in the field of Higher Education: (a) He became a Trustee of the University...,staff-draft-only
dick-pogue-2015,Dick Pogue,2015,biographical-context,63,https://clevelandinternationalhalloffame.com/richard-pogue-2015/,"In 1930, as a two-year-old, he spent a year in Paris while his father assisted Ropes & Gray,...",staff-draft-only
dick-russ-2015,Dick Russ,2015,life-work,51,https://clevelandinternationalhalloffame.com/dick-russ-2015/,"Dick Russ has been serving the people of Northeast Ohio for some 40 years, both as a professional...",staff-draft-only
dick-russ-2015,Dick Russ,2015,life-work,38,https://clevelandinternationalhalloffame.com/dick-russ-2015/,"Dick also serves as executive producer of Eastern Christian Media, a private not-for-profit multi-media company which he co-founded...",staff-draft-only
dick-russ-2015,Dick Russ,2015,life-work,85,https://clevelandinternationalhalloffame.com/dick-russ-2015/,"Prior to joining North Coast, Dick held a variety of leadership positions in broadcast journalism. Most recently he...",staff-draft-only
dick-russ-2015,Dick Russ,2015,life-work,48,https://clevelandinternationalhalloffame.com/dick-russ-2015/,"His professional media honors include membership in the Ohio Broadcasters Hall of Fame, the Press Club Hall of...",staff-draft-only
dick-russ-2015,Dick Russ,2015,life-work,62,https://clevelandinternationalhalloffame.com/dick-russ-2015/,"Dick is a ten time winner of the regional Emmy Award, and a two time honoree by the...",staff-draft-only
dick-russ-2015,Dick Russ,2015,community-service,41,https://clevelandinternationalhalloffame.com/dick-russ-2015/,"His efforts on behalf of the Northeast Ohio community have earned broad recognition, including the U.S. Attorney General’s...",staff-draft-only
dick-russ-2015,Dick Russ,2015,biographical-context,44,https://clevelandinternationalhalloffame.com/dick-russ-2015/,Dick Russ was inducted into the 2015 Class of the Cleveland International Hall of Fame on the evening...,staff-draft-only
dona-brady-2024,Dona Brady,2024,early-life,61,https://clevelandinternationalhalloffame.com/inductees/dona-brady/,"Dona Brady was born and raised in Cleveland, Ohio and is of Albanian descent. She was a founder...",staff-draft-only
dona-brady-2024,Dona Brady,2024,community-service,41,https://clevelandinternationalhalloffame.com/inductees/dona-brady/,Dona worked with several organizations to resettle ethnic Albanian Kosovar refugees who were sent to Cleveland following the...,staff-draft-only
dona-brady-2024,Dona Brady,2024,life-work,42,https://clevelandinternationalhalloffame.com/inductees/dona-brady/,Dona Brady spearheaded the creation of the Albanian Cultural Garden and worked with the community to erect a...,staff-draft-only
dona-brady-2024,Dona Brady,2024,education,53,https://clevelandinternationalhalloffame.com/inductees/dona-brady/,"Dona earned her Bachelor of Arts degree, cum laude, in urban studies from Cleveland State University Levin College...",staff-draft-only
dona-brady-2024,Dona Brady,2024,community-service,40,https://clevelandinternationalhalloffame.com/inductees/dona-brady/,Dona Brady recently retired from the Cleveland City Council after 20 years of distinguished public service. She currently...,staff-draft-only
dona-brady-2024,Dona Brady,2024,biographical-context,60,https://clevelandinternationalhalloffame.com/inductees/dona-brady/,Dona was inducted into the Cleveland International Hall of Fame by her former colleague Cleveland Councilman Michael Polensek...,staff-draft-only
dona-brady-2024,Dona Brady,2024,biographical-context,31,https://clevelandinternationalhalloffame.com/inductees/dona-brady/,Here is the video of entire Cleveland International Hall of Fame ceremony. You can jump to about 40:12...,staff-draft-only
donna-hom-2014,Donna Hom,2014,early-life,76,https://clevelandinternationalhalloffame.com/donna-hom-2014/,"After arriving in the U.S., she had four sons and saw the need to earn more money to...",staff-draft-only
donna-hom-2014,Donna Hom,2014,early-life,68,https://clevelandinternationalhalloffame.com/donna-hom-2014/,"In 1970, they moved the family to Fairview Park. She worked at two west side Chinese restaurants as...",staff-draft-only
donna-hom-2014,Donna Hom,2014,biographical-context,41,https://clevelandinternationalhalloffame.com/donna-hom-2014/,"Then they bought the building housing King Wah in 1977. In 1979, she bought an east side Chinese...",staff-draft-only
donna-hom-2014,Donna Hom,2014,biographical-context,58,https://clevelandinternationalhalloffame.com/donna-hom-2014/,"By the 1980s, the taste of American customers for Chinese food began to change. Customers were becoming tired...",staff-draft-only
donna-hom-2014,Donna Hom,2014,biographical-context,55,https://clevelandinternationalhalloffame.com/donna-hom-2014/,"In the mid-1980s, many Chinese-Americans in Cleveland dreamed of building a Chinatown on Payne Avenue and Superior Avenue...",staff-draft-only
donna-hom-2014,Donna Hom,2014,biographical-context,41,https://clevelandinternationalhalloffame.com/donna-hom-2014/,They purchased an old warehouse at the northwest corner of Payne Avenue and East 30th Street and began...,staff-draft-only
donna-hom-2014,Donna Hom,2014,biographical-context,37,https://clevelandinternationalhalloffame.com/donna-hom-2014/,"In 2004, Donna purchased the old Cleveland Food Bank building, connected it to Asia Plaza Mall, and remodeled...",staff-draft-only
donna-hom-2014,Donna Hom,2014,community-service,41,https://clevelandinternationalhalloffame.com/donna-hom-2014/,Donna’s dream is to create a vibrant Asian community in the East 30th Street and Payne Avenue area....,staff-draft-only
dr-dieu-thuc-do-2010,Dr. Dieu Thuc Do,2010,early-life,69,https://clevelandinternationalhalloffame.com/dr-dieu-thuc-do-2010/,"Dr. Dieu Thuc Do was born in Rach Gia, Viet Nam. He is the oldest of 5 children....",staff-draft-only
dr-dieu-thuc-do-2010,Dr. Dieu Thuc Do,2010,early-life,84,https://clevelandinternationalhalloffame.com/dr-dieu-thuc-do-2010/,Dr. Do immigrated to the United States in 1975 after the fall of South Viet Nam. He successfully...,staff-draft-only
dr-dieu-thuc-do-2010,Dr. Dieu Thuc Do,2010,community-service,73,https://clevelandinternationalhalloffame.com/dr-dieu-thuc-do-2010/,"From 1980 to the present date, Dr. Do has practiced medicine in Cleveland, Ohio. He is well known...",staff-draft-only
dr-dieu-thuc-do-2010,Dr. Dieu Thuc Do,2010,recognition,81,https://clevelandinternationalhalloffame.com/dr-dieu-thuc-do-2010/,"While practicing as a medical doctor, Dr. Do was also in the United States Army Reserve. In 1991,...",staff-draft-only
dr-dieu-thuc-do-2010,Dr. Dieu Thuc Do,2010,life-work,87,https://clevelandinternationalhalloffame.com/dr-dieu-thuc-do-2010/,Dr. Do’s commitment to the community goes beyond the medical field. Recognizing the difficulties of immigrating to a...,staff-draft-only
dr-dieu-thuc-do-2010,Dr. Dieu Thuc Do,2010,community-service,44,https://clevelandinternationalhalloffame.com/dr-dieu-thuc-do-2010/,"As a Catholic, he is active with the Diocese of Cleveland, The Vietnamese Catholic Community at St. Boniface,...",staff-draft-only
dr-dieu-thuc-do-2010,Dr. Dieu Thuc Do,2010,early-life,94,https://clevelandinternationalhalloffame.com/dr-dieu-thuc-do-2010/,Dr. Do and his family are proud of their Vietnamese heritage. As the first generation of Vietnamese immigrants...,staff-draft-only
dr-dieu-thuc-do-2010,Dr. Dieu Thuc Do,2010,biographical-context,43,https://clevelandinternationalhalloffame.com/dr-dieu-thuc-do-2010/,"Dr. Do has traveled the world for both work and pleasure. He has visited France, Italy, and Ireland...",staff-draft-only
dr-eugene-jordan-2024,Dr. Eugene Jordan,2024,life-work,56,https://clevelandinternationalhalloffame.com/inductees/dr-eugene-jordan/,"Dr. Eugene Jordan was many things in his life which ended, sadly, in 2020 at the age of...",staff-draft-only
dr-eugene-jordan-2024,Dr. Eugene Jordan,2024,early-life,41,https://clevelandinternationalhalloffame.com/inductees/dr-eugene-jordan/,He and his siblings were raised in Columbus by their widower father who was a maintenance worker for...,staff-draft-only
dr-eugene-jordan-2024,Dr. Eugene Jordan,2024,biographical-context,40,https://clevelandinternationalhalloffame.com/inductees/dr-eugene-jordan/,Dr. Jordan was a loyal and lifelong member of the NAACP where he served 20 years on the...,staff-draft-only
dr-eugene-jordan-2024,Dr. Eugene Jordan,2024,life-work,65,https://clevelandinternationalhalloffame.com/inductees/dr-eugene-jordan/,He was vice president of the African-American Cultural Garden in Cleveland and led the activist group the Underground...,staff-draft-only
dr-eugene-jordan-2024,Dr. Eugene Jordan,2024,biographical-context,41,https://clevelandinternationalhalloffame.com/inductees/dr-eugene-jordan/,"When very few people outside of Texas and Oklahoma had ever heard of Juneteenth , Dr. Jordan (along...",staff-draft-only
dr-eugene-jordan-2024,Dr. Eugene Jordan,2024,biographical-context,49,https://clevelandinternationalhalloffame.com/inductees/dr-eugene-jordan/,"Dr. Jordan is survived by his second wife, Bernice Jordan, three grown children, Dr. Joy Jordan of East...",staff-draft-only
dr-eugene-jordan-2024,Dr. Eugene Jordan,2024,life-work,142,https://clevelandinternationalhalloffame.com/inductees/dr-eugene-jordan/,Dr. Jordan was inducted into the Cleveland International Hall of Fame by Rev. Dr. Otis Moss Jr. who...,staff-draft-only
dr-eugene-jordan-2024,Dr. Eugene Jordan,2024,recognition,34,https://clevelandinternationalhalloffame.com/inductees/dr-eugene-jordan/,Here is the video of entire Cleveland International Hall of Fame ceremony. You can jump to about 1:10:10...,staff-draft-only
dr-jaya-shah-2012,Dr. Jaya Shah,2012,community-service,49,https://clevelandinternationalhalloffame.com/dr-jaya-shah-2012/,"Her passion for life is to help the Poor & Needy whose minimal, basic needs in health care...",staff-draft-only
dr-jaya-shah-2012,Dr. Jaya Shah,2012,biographical-context,30,https://clevelandinternationalhalloffame.com/dr-jaya-shah-2012/,"As a Missionary Physician Dr. Shah has traveled to: Mexico, Haiti, Dominican Republic, Uganda, Kenya & India. In...",staff-draft-only
dr-jaya-shah-2012,Dr. Jaya Shah,2012,life-work,92,https://clevelandinternationalhalloffame.com/dr-jaya-shah-2012/,She is the Chairperson of the Association of Indian Physicians of Northern Ohio (AIPNO) – Humanitarian Services committee....,staff-draft-only
dr-jaya-shah-2012,Dr. Jaya Shah,2012,biographical-context,67,https://clevelandinternationalhalloffame.com/dr-jaya-shah-2012/,"In the Medical Camps, they provide primary care for immediate relief and free medicine. They also raise funds...",staff-draft-only
dr-jaya-shah-2012,Dr. Jaya Shah,2012,early-life,79,https://clevelandinternationalhalloffame.com/dr-jaya-shah-2012/,"As a Community Activist, she with the help of Mona Alag, Gita Gidwani, Kamala Nagpal, Sayanies organized a...",staff-draft-only
dr-maria-pujana-2013,Dr. Maria Pujana,2013,education,42,https://clevelandinternationalhalloffame.com/maria-pujana-2013/,"Dr. Maria Pujana, a physician, a clinical neurologist and neurophysiologist, is a faculty member at Case Western Reserve...",staff-draft-only
dr-maria-pujana-2013,Dr. Maria Pujana,2013,community-service,85,https://clevelandinternationalhalloffame.com/maria-pujana-2013/,Dr. Pujana was a member of the Board of Directors of the Cleveland Foundation from 2002 to 2012...,staff-draft-only
dr-maria-pujana-2013,Dr. Maria Pujana,2013,life-work,62,https://clevelandinternationalhalloffame.com/maria-pujana-2013/,She is also president and designer of Marise Designs a fine and fashion jewelry line. Her collection has...,staff-draft-only
dr-maria-pujana-2013,Dr. Maria Pujana,2013,life-work,51,https://clevelandinternationalhalloffame.com/maria-pujana-2013/,She received the 2011 Distinguish Ohioan Award; the 2010 TiE Ohio Community Catalyst Award; the 2009 YWCA Women...,staff-draft-only
erika-puussaar-2024,Erika Puussaar,2024,early-life,65,https://clevelandinternationalhalloffame.com/inductees/erika-puussaar/,"Erika Kikut Puussaar was born in a small village named Vandra in central Estonia. Artur and Elmire Kikut,...",staff-draft-only
erika-puussaar-2024,Erika Puussaar,2024,early-life,78,https://clevelandinternationalhalloffame.com/inductees/erika-puussaar/,"To immigrate, their family of six had to obtain a guarantee of support from an American sponsor. Due...",staff-draft-only
erika-puussaar-2024,Erika Puussaar,2024,education,52,https://clevelandinternationalhalloffame.com/inductees/erika-puussaar/,The Kikut children attended the Ann Arbor public schools. Erika graduated from Pioneer High School and then from...,staff-draft-only
erika-puussaar-2024,Erika Puussaar,2024,early-life,109,https://clevelandinternationalhalloffame.com/inductees/erika-puussaar/,Erika earned a master’s degree from Cleveland State University. She had the great joy of being an elementary...,staff-draft-only
erika-puussaar-2024,Erika Puussaar,2024,life-work,39,https://clevelandinternationalhalloffame.com/inductees/erika-puussaar/,"Among her many activities and accomplishments, Erika has served as President of the Estonian Cultural Garden and has...",staff-draft-only
erika-puussaar-2024,Erika Puussaar,2024,life-work,41,https://clevelandinternationalhalloffame.com/inductees/erika-puussaar/,Erika is Past Vice President/Board member of the Cleveland Cultural Gardens and Vice President of the Baltic American...,staff-draft-only
erika-puussaar-2024,Erika Puussaar,2024,recognition,56,https://clevelandinternationalhalloffame.com/inductees/erika-puussaar/,Erika was honored with the Freedom Award from the American Nationalities Movement which was formed for the purpose...,staff-draft-only
erika-puussaar-2024,Erika Puussaar,2024,biographical-context,51,https://clevelandinternationalhalloffame.com/inductees/erika-puussaar/,Erika continues to support the local Estonian communities’ activities as well as keeping informed of conditions in her...,staff-draft-only
ernie-mihaly-2014,Ernie Mihaly,2014,early-life,67,https://clevelandinternationalhalloffame.com/ernie-mihaly-2014/,Ernest Mihaly was born in 1920 on East 122nd Street in the Buckeye Road neighborhood where he still...,staff-draft-only
ernie-mihaly-2014,Ernie Mihaly,2014,biographical-context,82,https://clevelandinternationalhalloffame.com/ernie-mihaly-2014/,"He was drafted during WWII at age 18 and did his basic training at Camp Hood Texas, 148th...",staff-draft-only
ernie-mihaly-2014,Ernie Mihaly,2014,life-work,48,https://clevelandinternationalhalloffame.com/ernie-mihaly-2014/,"From the beginning, Ernie has embraced and cultivated his Hungarian roots. For the last 35 years he has...",staff-draft-only
ernie-mihaly-2014,Ernie Mihaly,2014,community-service,33,https://clevelandinternationalhalloffame.com/ernie-mihaly-2014/,"He is a proud and active member of the Cleveland Hungarian Heritage Society, United Hungarian Societies, Hungarian Cultural...",staff-draft-only
ernie-mihaly-2014,Ernie Mihaly,2014,biographical-context,30,https://clevelandinternationalhalloffame.com/ernie-mihaly-2014/,"He is almost single-handedly responsible for the restoration of the Hungarian Garden, working tirelessly on everything from digging...",staff-draft-only
eugene-bak-2014,Eugene Bak,2014,early-life,57,https://clevelandinternationalhalloffame.com/eugene-bak-2014/,"Gene Bak was born in Poland. In February 1940 the Soviets deported his entire village, including his family...",staff-draft-only
eugene-bak-2014,Eugene Bak,2014,early-life,48,https://clevelandinternationalhalloffame.com/eugene-bak-2014/,"As a young child Gene spent five years in Polish refugee camps in Iran, Pakistan, and India. He...",staff-draft-only
eugene-bak-2014,Eugene Bak,2014,education,77,https://clevelandinternationalhalloffame.com/eugene-bak-2014/,Gene graduated from St. John Cantius High School in Cleveland in 1952 and enrolled at Ohio State University...,staff-draft-only
eugene-bak-2014,Eugene Bak,2014,life-work,52,https://clevelandinternationalhalloffame.com/eugene-bak-2014/,Gene spent his entire professional career in the chemical industry beginning with Diamond Shamrock where he started as...,staff-draft-only
eugene-bak-2014,Eugene Bak,2014,life-work,50,https://clevelandinternationalhalloffame.com/eugene-bak-2014/,"Mooney Chemicals merged with Outokumpu OY, a Finnish firm, to form OMG and Gene was named the President...",staff-draft-only
eugene-bak-2014,Eugene Bak,2014,education,50,https://clevelandinternationalhalloffame.com/eugene-bak-2014/,Gene has been active in civic work his entire adult life. While living in Pennsylvania he served on...,staff-draft-only
eugene-bak-2014,Eugene Bak,2014,community-service,46,https://clevelandinternationalhalloffame.com/eugene-bak-2014/,"In 1982, when the Communist government declared martial law in Poland Gene helped Americares Foundation raise funds to...",staff-draft-only
eugene-bak-2014,Eugene Bak,2014,education,65,https://clevelandinternationalhalloffame.com/eugene-bak-2014/,Since his retirement Gene has authored his autobiography which was published by Columbia University Press in 2002 and...,staff-draft-only
eugenia-stolarczyk-2016-2016,Eugenia Stolarczyk – 2016,2016,life-work,77,https://clevelandinternationalhalloffame.com/eugenia-stolarczyk-2016/,"Since her arrival in Cleveland, Eugenia Stolarczyk has been an active member of the Polish community. She married...",staff-draft-only
eugenia-stolarczyk-2016-2016,Eugenia Stolarczyk – 2016,2016,community-service,60,https://clevelandinternationalhalloffame.com/eugenia-stolarczyk-2016/,Eugenia is a lifetime member of the Polish American Cultural Center where she served on its board for...,staff-draft-only
eugenia-stolarczyk-2016-2016,Eugenia Stolarczyk – 2016,2016,life-work,50,https://clevelandinternationalhalloffame.com/eugenia-stolarczyk-2016/,Eugenia was vice-president and served as the chairperson of the Cultural and Publicity committee for the Ohio Division...,staff-draft-only
eugenia-stolarczyk-2016-2016,Eugenia Stolarczyk – 2016,2016,community-service,49,https://clevelandinternationalhalloffame.com/eugenia-stolarczyk-2016/,She was a board member for the International Services Center for 18 years and was honored for her...,staff-draft-only
eugenia-stolarczyk-2016-2016,Eugenia Stolarczyk – 2016,2016,education,54,https://clevelandinternationalhalloffame.com/eugenia-stolarczyk-2016/,For 6 years Eugenia was a local correspondent for the Chicago based Polish daily newspaper “Dziennik Zwiazkowy” organized...,staff-draft-only
eugenia-stolarczyk-2016-2016,Eugenia Stolarczyk – 2016,2016,community-service,32,https://clevelandinternationalhalloffame.com/eugenia-stolarczyk-2016/,"In 1982, Eugenia received the Polish Heritage Award from the Polonia Foundation for her outstanding service to Polonia....",staff-draft-only
eugenia-stolarczyk-2016-2016,Eugenia Stolarczyk – 2016,2016,community-service,45,https://clevelandinternationalhalloffame.com/eugenia-stolarczyk-2016/,"For decades in Cleveland, there was hardly an event in the Polish community without the participation of Eugenia...",staff-draft-only
eugenia-stolarczyk-2016-2016,Eugenia Stolarczyk – 2016,2016,community-service,70,https://clevelandinternationalhalloffame.com/eugenia-stolarczyk-2016/,"Since 1988, as a result of her diligent efforts, Eugenia also produces a Polish program on public radio,...",staff-draft-only
eugenia-stolarczyk-2016-2016,Eugenia Stolarczyk – 2016,2016,life-work,77,https://clevelandinternationalhalloffame.com/induction-event-info/eugenia-stolarczyk/,"Since her arrival in Cleveland, Eugenia Stolarczyk has been an active member of the Polish community. She married...",staff-draft-only
eugenia-stolarczyk-2016-2016,Eugenia Stolarczyk – 2016,2016,community-service,60,https://clevelandinternationalhalloffame.com/induction-event-info/eugenia-stolarczyk/,Eugenia is a lifetime member of the Polish American Cultural Center where she served on its board for...,staff-draft-only
eugenia-stolarczyk-2016-2016,Eugenia Stolarczyk – 2016,2016,life-work,51,https://clevelandinternationalhalloffame.com/induction-event-info/eugenia-stolarczyk/,Eugenia was vice-president and served as the chairperson of the Cultural and Publicity committee for the Ohio Division...,staff-draft-only
eugenia-stolarczyk-2016-2016,Eugenia Stolarczyk – 2016,2016,community-service,49,https://clevelandinternationalhalloffame.com/induction-event-info/eugenia-stolarczyk/,She was a board member for the International Services Center for 18 years and was honored for her...,staff-draft-only
eugenia-stolarczyk-2016-2016,Eugenia Stolarczyk – 2016,2016,education,38,https://clevelandinternationalhalloffame.com/induction-event-info/eugenia-stolarczyk/,For 6 years Eugenia was a local correspondent for the Chicago based Polish daily newspaper “Dziennik Zwiazkowy” organized...,staff-draft-only
eugenia-stolarczyk-2016-2016,Eugenia Stolarczyk – 2016,2016,community-service,32,https://clevelandinternationalhalloffame.com/induction-event-info/eugenia-stolarczyk/,"In 1982, Eugenia received the Polish Heritage Award from the Polonia Foundation for her outstanding service to Polonia....",staff-draft-only
eugenia-stolarczyk-2016-2016,Eugenia Stolarczyk – 2016,2016,community-service,45,https://clevelandinternationalhalloffame.com/induction-event-info/eugenia-stolarczyk/,"For decades in Cleveland, there was hardly an event in the Polish community without the participation of Eugenia...",staff-draft-only
eugenia-stolarczyk-2016-2016,Eugenia Stolarczyk – 2016,2016,community-service,70,https://clevelandinternationalhalloffame.com/induction-event-info/eugenia-stolarczyk/,"Since 1988, as a result of her diligent efforts, Eugenia also produces a Polish program on public radio,...",staff-draft-only
fr-jim-o-donnell-2012,Fr. Jim O’Donnell,2012,biographical-context,35,https://clevelandinternationalhalloffame.com/fr-jim-odonnell-2012/,Fr. Jim O’Donnell was ordained a priest in 1956 in the Diocese of Cleveland. His spiritual journey has...,staff-draft-only
fr-jim-o-donnell-2012,Fr. Jim O’Donnell,2012,community-service,49,https://clevelandinternationalhalloffame.com/fr-jim-odonnell-2012/,"Today and for the past 32 years, Fr. Jim lives and works in the inner-city Central neighborhood in...",staff-draft-only
georgine-welo-2023,Georgine Welo,2023,early-life,50,https://clevelandinternationalhalloffame.com/georgine-welo/,"As a young woman being raised in a Serbian Orthodox home, Georgine Welo (maiden name Coso), would be...",staff-draft-only
georgine-welo-2023,Georgine Welo,2023,education,76,https://clevelandinternationalhalloffame.com/georgine-welo/,Georgine and other girls would be serving the banquets and afterwards washing dishes and assisting in any manner...,staff-draft-only
georgine-welo-2023,Georgine Welo,2023,education,116,https://clevelandinternationalhalloffame.com/georgine-welo/,"It was very important to her parents, Sam and Dorothy Coso, that she attend a college close to...",staff-draft-only
georgine-welo-2023,Georgine Welo,2023,education,54,https://clevelandinternationalhalloffame.com/georgine-welo/,While in college she loved being active with her Serbian Lodge and played in several Serbian Basketball Tournaments...,staff-draft-only
georgine-welo-2023,Georgine Welo,2023,early-life,200,https://clevelandinternationalhalloffame.com/georgine-welo/,"In 1978, Georgine returned home to Cleveland and became engaged to her husband of now 43 years Carter...",staff-draft-only
georgine-welo-2023,Georgine Welo,2023,life-work,136,https://clevelandinternationalhalloffame.com/georgine-welo/,"In the summer of 1979, Georgine married Carter and that fall became President of SSS Njegosh Choir and...",staff-draft-only
georgine-welo-2023,Georgine Welo,2023,life-work,131,https://clevelandinternationalhalloffame.com/georgine-welo/,"Because of Georgine’s involvement with the Serbian Singing Society, she learned about the opportunity of Serbian parishes hosting...",staff-draft-only
georgine-welo-2023,Georgine Welo,2023,community-service,153,https://clevelandinternationalhalloffame.com/georgine-welo/,A hub for Cleveland Festivals of the past was Mall C in the heart of Cleveland’s downtown. It...,staff-draft-only
gerald-m-quinn-2011,Gerald M. Quinn,2011,early-life,64,https://clevelandinternationalhalloffame.com/gerald-m-quinn-2011/,"Gerald M. Quinn, an award winning broadcaster and community leader born in Garracloon, County Mayo (pop. 44) and...",staff-draft-only
gerald-m-quinn-2011,Gerald M. Quinn,2011,recognition,31,https://clevelandinternationalhalloffame.com/gerald-m-quinn-2011/,"His weekly show, Gerry Quinn Irish Radio (WHK 1420), 31 years on the air, has received the Achievement...",staff-draft-only
gerald-m-quinn-2011,Gerald M. Quinn,2011,education,44,https://clevelandinternationalhalloffame.com/gerald-m-quinn-2011/,Gerald Michael Quinn was introduced to the achievements of civilization at the local National School a few miles...,staff-draft-only
gerald-m-quinn-2011,Gerald M. Quinn,2011,biographical-context,41,https://clevelandinternationalhalloffame.com/gerald-m-quinn-2011/,"It was in Cleveland, Ohio that he would meet his bride, Nellie Stack, the daughter of a Kerry...",staff-draft-only
gerald-m-quinn-2011,Gerald M. Quinn,2011,life-work,88,https://clevelandinternationalhalloffame.com/gerald-m-quinn-2011/,It was as a project manager for a Philadelphia construction and engineering company that Gerry traveled to Dublin...,staff-draft-only
giahoa-ryan-2011,Giahoa Ryan,2011,early-life,36,https://clevelandinternationalhalloffame.com/giahoa-ryan-2011/,"Luong Thi Gia Hoa Ryan was born in Viet Nam, the oldest of twelve children. She worked for...",staff-draft-only
giahoa-ryan-2011,Giahoa Ryan,2011,life-work,31,https://clevelandinternationalhalloffame.com/giahoa-ryan-2011/,Her vast experience includes opening and owning The Moonlight Restaurant in Lorain as well as various other food...,staff-draft-only
giahoa-ryan-2011,Giahoa Ryan,2011,life-work,60,https://clevelandinternationalhalloffame.com/giahoa-ryan-2011/,Ms Ryan has a long history in both government work and community involvement. She served as a Board...,staff-draft-only
giahoa-ryan-2011,Giahoa Ryan,2011,education,58,https://clevelandinternationalhalloffame.com/giahoa-ryan-2011/,"Ms. Ryan is also a teacher and lecturer on Asian Food, culture, and society. She started the Asian...",staff-draft-only
giahoa-ryan-2011,Giahoa Ryan,2011,education,48,https://clevelandinternationalhalloffame.com/giahoa-ryan-2011/,Gia Hoa Ryan is the founder and Executive Director of the Friendship Foundation Of American-Vietnamese which has conducted...,staff-draft-only
giahoa-ryan-2011,Giahoa Ryan,2011,community-service,66,https://clevelandinternationalhalloffame.com/giahoa-ryan-2011/,She had the original idea for the Asian Community Project which is now Part of Bridgeway and was...,staff-draft-only
giahoa-ryan-2011,Giahoa Ryan,2011,life-work,49,https://clevelandinternationalhalloffame.com/giahoa-ryan-2011/,"Ms. Ryan has hosted delegations from Vietnam to Cleveland for establishing business, educational, and cultural relationships. She was...",staff-draft-only
helen-karpinski-1899-2002-2010,Helen Karpinski (1899 – 2002),2010,early-life,190,https://clevelandinternationalhalloffame.com/helen-karpinski-2010/,"Born in Cleveland in 1899, Helen Karpinski was raised in Reynoldsville, Pa. in a family of originally 13...",staff-draft-only
helen-karpinski-1899-2002-2010,Helen Karpinski (1899 – 2002),2010,biographical-context,86,https://clevelandinternationalhalloffame.com/helen-karpinski-2010/,"In 1939, she was the first woman to survive a primary for Cleveland City Council under the current...",staff-draft-only
helen-karpinski-1899-2002-2010,Helen Karpinski (1899 – 2002),2010,life-work,95,https://clevelandinternationalhalloffame.com/helen-karpinski-2010/,"Under her leadership as president, the Federated Democratic Women of Ohio drafted a woman for Treasurer of the...",staff-draft-only
helen-karpinski-1899-2002-2010,Helen Karpinski (1899 – 2002),2010,life-work,114,https://clevelandinternationalhalloffame.com/helen-karpinski-2010/,"Proud of her Polish heritage, Helen actively participated in the American Polish Women’s Club and served as its...",staff-draft-only
helen-karpinski-1899-2002-2010,Helen Karpinski (1899 – 2002),2010,community-service,41,https://clevelandinternationalhalloffame.com/helen-karpinski-2010/,"For 43 years she was a member of the Cleveland Cultural Garden Federation, in which she helped establish...",staff-draft-only
helen-karpinski-1899-2002-2010,Helen Karpinski (1899 – 2002),2010,life-work,74,https://clevelandinternationalhalloffame.com/helen-karpinski-2010/,"She served as the Federation Treasurer for many years and also as Vice-President. One of her major goals,...",staff-draft-only
helen-karpinski-1899-2002-2010,Helen Karpinski (1899 – 2002),2010,biographical-context,31,https://clevelandinternationalhalloffame.com/helen-karpinski-2010/,"Reporting her 100th birthday, The Plain Dealer observed that Helen’s influence not only crossed generations, but gender and...",staff-draft-only
hon-mary-rose-oakar-2012,Hon. Mary Rose Oakar,2012,education,47,https://clevelandinternationalhalloffame.com/rep-mary-rose-oakar-2012/,"Hon. Mary Rose Oakar, received her B.A. at Ursuline College, M.A. at John Carroll University, studied at Westham...",staff-draft-only
hon-mary-rose-oakar-2012,Hon. Mary Rose Oakar,2012,education,58,https://clevelandinternationalhalloffame.com/rep-mary-rose-oakar-2012/,"Ms. Oakar has served in all three legislative branches of government as a Member of Cleveland City Council,...",staff-draft-only
hon-mary-rose-oakar-2012,Hon. Mary Rose Oakar,2012,life-work,80,https://clevelandinternationalhalloffame.com/rep-mary-rose-oakar-2012/,"In the U.S. Congress, Ms. Oakar was a Member of the U.S.House of Representative’s Leadership as Vice-Chair of...",staff-draft-only
hon-mary-rose-oakar-2012,Hon. Mary Rose Oakar,2012,community-service,180,https://clevelandinternationalhalloffame.com/rep-mary-rose-oakar-2012/,She has received numerous awards while in Congress including being named “one of the 10 best Members of...,staff-draft-only
hon-mary-rose-oakar-2012,Hon. Mary Rose Oakar,2012,life-work,98,https://clevelandinternationalhalloffame.com/rep-mary-rose-oakar-2012/,"In addition, during her Congressional career, she was also recognized by “The American Nationalities Movement Award” and the...",staff-draft-only
hon-mary-rose-oakar-2012,Hon. Mary Rose Oakar,2012,life-work,111,https://clevelandinternationalhalloffame.com/rep-mary-rose-oakar-2012/,"Finally, she is well known for her work on Peace and Justice and received numerous awards for her...",staff-draft-only
hon-mary-rose-oakar-2012,Hon. Mary Rose Oakar,2012,life-work,86,https://clevelandinternationalhalloffame.com/rep-mary-rose-oakar-2012/,"In addition to being an Educator, and having served in public office, Ms. Oakar was National President of...",staff-draft-only
hon-mary-rose-oakar-2012,Hon. Mary Rose Oakar,2012,education,76,https://clevelandinternationalhalloffame.com/rep-mary-rose-oakar-2012/,"In addition, Ms. Oakar has been a Professor of English, Speech, Drama and Government at Cuyahoga Community College,...",staff-draft-only
honorable-jose-a-villanueva-2015,Honorable José A. Villanueva,2015,community-service,50,https://clevelandinternationalhalloffame.com/honorable-jose-a-villanueva-2015/,Judge José A.Villanueva has served in the General Division of the Cuyahoga County Court of Common Pleas since...,staff-draft-only
honorable-jose-a-villanueva-2015,Honorable José A. Villanueva,2015,biographical-context,73,https://clevelandinternationalhalloffame.com/honorable-jose-a-villanueva-2015/,"During his time on the bench, Judge Villanueva has earned a reputation as an industrious and fair judge....",staff-draft-only
honorable-jose-a-villanueva-2015,Honorable José A. Villanueva,2015,life-work,54,https://clevelandinternationalhalloffame.com/honorable-jose-a-villanueva-2015/,Judge Villanueva has consistently been favorably recommended by the professional legal organizations in Cuyahoga County in his re-election...,staff-draft-only
honorable-jose-a-villanueva-2015,Honorable José A. Villanueva,2015,education,40,https://clevelandinternationalhalloffame.com/honorable-jose-a-villanueva-2015/,Judge Villanueva graduated from West Technical High School and received a B.A. from Cleveland State University in 1976....,staff-draft-only
honorable-jose-a-villanueva-2015,Honorable José A. Villanueva,2015,recognition,66,https://clevelandinternationalhalloffame.com/honorable-jose-a-villanueva-2015/,Judge Villanueva took a staff position with the Legal Aid Society where he practiced law for approximately nine...,staff-draft-only
honorable-jose-a-villanueva-2015,Honorable José A. Villanueva,2015,life-work,53,https://clevelandinternationalhalloffame.com/honorable-jose-a-villanueva-2015/,Judge Villanueva served as a Commissioner with the Ohio Civil Rights Commission (OCRC) from 1985 to 1988. As...,staff-draft-only
honorable-jose-a-villanueva-2015,Honorable José A. Villanueva,2015,education,79,https://clevelandinternationalhalloffame.com/honorable-jose-a-villanueva-2015/,Judge Villanueva has been active in the community’s civic life and in 1987 received Cleveland’s Mayor’s Award for...,staff-draft-only
honorable-jose-a-villanueva-2015,Honorable José A. Villanueva,2015,education,40,https://clevelandinternationalhalloffame.com/honorable-jose-a-villanueva-2015/,Other past activities have included service as a United Way Services Trustee; Trustee on the Greater Cleveland Round...,staff-draft-only
ingrida-bublys-2019,Ingrida Bublys,2019,life-work,60,https://clevelandinternationalhalloffame.com/ingrida-bublys/,"Ingrida Bublys, President of IB International Inc., shares 30 years in business development and company representation between the...",staff-draft-only
ingrida-bublys-2019,Ingrida Bublys,2019,life-work,80,https://clevelandinternationalhalloffame.com/ingrida-bublys/,Ingrida Bublys serves on various boards. She has been awarded “The Order of Grand Duke Vytautas the Great”...,staff-draft-only
ingrida-bublys-2019,Ingrida Bublys,2019,biographical-context,56,https://clevelandinternationalhalloffame.com/ingrida-bublys/,"Ingrida Bublys is the Honorary General Consul of the Republic of Lithuania for the states of Ohio, Indiana...",staff-draft-only
ingrida-bublys-2019,Ingrida Bublys,2019,community-service,55,https://clevelandinternationalhalloffame.com/ingrida-bublys/,Instrumental in connecting Ohio Universities with Lithuanian Universities and various exchange programs. On the State level a relationship...,staff-draft-only
ingrida-bublys-2019,Ingrida Bublys,2019,biographical-context,48,https://clevelandinternationalhalloffame.com/ingrida-bublys/,"Click on the white arrow to watch the video as Master of Ceremonies Chris Tanaka, news anchor of...",staff-draft-only
irene-morrow-2010,Irene Morrow,2010,life-work,63,https://clevelandinternationalhalloffame.com/irene-morrow-2010/,"Irene Morrow is married to Edward and has six children (Jeffrey, Patrick (deceased), Martin, Roberta, Lorraine and Christine)...",staff-draft-only
irene-morrow-2010,Irene Morrow,2010,life-work,60,https://clevelandinternationalhalloffame.com/irene-morrow-2010/,For seventeen years she served as the Personnel Administrator and Secretary of the Civil Service Commission for the...,staff-draft-only
irene-morrow-2010,Irene Morrow,2010,life-work,41,https://clevelandinternationalhalloffame.com/irene-morrow-2010/,"Her 1989 retirement may have ended 25 years with the City of Cleveland, but it did not keep...",staff-draft-only
irene-morrow-2010,Irene Morrow,2010,community-service,54,https://clevelandinternationalhalloffame.com/irene-morrow-2010/,It is Irene’s involvement in civic and ethnic events that brings her here today. In 1975 she was...,staff-draft-only
irene-morrow-2010,Irene Morrow,2010,life-work,117,https://clevelandinternationalhalloffame.com/irene-morrow-2010/,"The organization Irene is best known for, however, is the American Nationalities Movement where she served as Executive...",staff-draft-only
irene-morrow-2010,Irene Morrow,2010,community-service,31,https://clevelandinternationalhalloffame.com/irene-morrow-2010/,"Of Polish heritage herself, she has also been honored by other groups, such as the United Hungarian Societies...",staff-draft-only
jack-coyne-2013,Jack Coyne,2013,early-life,62,https://clevelandinternationalhalloffame.com/john-jack-coyne-2013/,"John (“Jack”) P. Coyne was born in Cleveland, Ohio. John is a graduate of Benedictine High School, and...",staff-draft-only
jack-coyne-2013,Jack Coyne,2013,life-work,71,https://clevelandinternationalhalloffame.com/john-jack-coyne-2013/,"As Founder of Park-Here, Inc., later known as Coyne-Kangesser Parking and now a Division of ABM, John is...",staff-draft-only
jack-coyne-2013,Jack Coyne,2013,life-work,30,https://clevelandinternationalhalloffame.com/john-jack-coyne-2013/,"John has served as legal counsel and Director of the State Saving and Loan Company of South Euclid,...",staff-draft-only
jack-coyne-2013,Jack Coyne,2013,education,116,https://clevelandinternationalhalloffame.com/john-jack-coyne-2013/,John became active in the Irish Community when he was seventeen years old and was Drum Major for...,staff-draft-only
jack-coyne-2013,Jack Coyne,2013,education,94,https://clevelandinternationalhalloffame.com/john-jack-coyne-2013/,In 1981 Project Children evolved from the Irish National Caucus. Project Children is an American-Northern Ireland partnership dedicated...,staff-draft-only
jack-coyne-2013,Jack Coyne,2013,early-life,56,https://clevelandinternationalhalloffame.com/john-jack-coyne-2013/,The first Group arrived in Cleveland in 1983 under the umbrella of the Irish National Caucus. In 1984...,staff-draft-only
jack-coyne-2013,Jack Coyne,2013,early-life,76,https://clevelandinternationalhalloffame.com/john-jack-coyne-2013/,In the 1990’s John was a founding member of the Irish Famine Committee. The Committee built the Famine...,staff-draft-only
jack-coyne-2013,Jack Coyne,2013,community-service,88,https://clevelandinternationalhalloffame.com/john-jack-coyne-2013/,The mission of the ICAF is to support and provide start-up funds to promote and develop the sustained...,staff-draft-only
jack-kahl-2016,Jack Kahl,2016,life-work,56,https://clevelandinternationalhalloffame.com/jack-kahl-2016/,Jack Kahl has been recognized globally for his innovative approach to business. He was named one of “America’s...,staff-draft-only
jack-kahl-2016,Jack Kahl,2016,life-work,69,https://clevelandinternationalhalloffame.com/jack-kahl-2016/,Jack earned these accolades as an entrepreneur and the creator of Duck® Tape. He used servant leadership and...,staff-draft-only
jack-kahl-2016,Jack Kahl,2016,life-work,44,https://clevelandinternationalhalloffame.com/jack-kahl-2016/,"Under his leadership, Manco was the first company to receive three Wal-Mart “Vendor of the Year” awards and...",staff-draft-only
jack-kahl-2016,Jack Kahl,2016,life-work,74,https://clevelandinternationalhalloffame.com/jack-kahl-2016/,Jack serves on the boards of several private companies. Jack has been the keynote speaker for conferences and...,staff-draft-only
jack-kahl-2016,Jack Kahl,2016,education,69,https://clevelandinternationalhalloffame.com/jack-kahl-2016/,Jack is a strong supporter of education. He currently serves on the Board of Trustees at John Carroll...,staff-draft-only
jack-kahl-2016,Jack Kahl,2016,education,36,https://clevelandinternationalhalloffame.com/jack-kahl-2016/,"He is the former chairman of Students In Free Enterprise (SIFE), an organization that reaches more than 800,000...",staff-draft-only
jack-kahl-2016,Jack Kahl,2016,biographical-context,42,https://clevelandinternationalhalloffame.com/jack-kahl-2016/,Jack Kahl was inducted into the 2016 Class of the Cleveland International Hall of Fame on the evening...,staff-draft-only
jack-kahl-2016,Jack Kahl,2016,biographical-context,43,https://clevelandinternationalhalloffame.com/jack-kahl-2016/,"In the video below, Cleveland International Hall of Fame co-founder Dan Hanson introduces Cleveland sportswriter and TV personality...",staff-draft-only
jack-kahl-2016,Jack Kahl,2016,life-work,56,https://clevelandinternationalhalloffame.com/induction-event-info/jack-kahl/,Jack Kahl has been recognized globally for his innovative approach to business. He was named one of “America’s...,staff-draft-only
jack-kahl-2016,Jack Kahl,2016,life-work,69,https://clevelandinternationalhalloffame.com/induction-event-info/jack-kahl/,Jack earned these accolades as an entrepreneur and the creator of Duck® Tape. He used servant leadership and...,staff-draft-only
jack-kahl-2016,Jack Kahl,2016,life-work,44,https://clevelandinternationalhalloffame.com/induction-event-info/jack-kahl/,"Under his leadership, Manco was the first company to receive three Wal-Mart “Vendor of the Year” awards and...",staff-draft-only
jack-kahl-2016,Jack Kahl,2016,life-work,74,https://clevelandinternationalhalloffame.com/induction-event-info/jack-kahl/,Jack serves on the boards of several private companies. Jack has been the keynote speaker for conferences and...,staff-draft-only
jack-kahl-2016,Jack Kahl,2016,education,69,https://clevelandinternationalhalloffame.com/induction-event-info/jack-kahl/,Jack is a strong supporter of education. He currently serves on the Board of Trustees at John Carroll...,staff-draft-only
jack-kahl-2016,Jack Kahl,2016,education,36,https://clevelandinternationalhalloffame.com/induction-event-info/jack-kahl/,"He is the former chairman of Students In Free Enterprise (SIFE), an organization that reaches more than 800,000...",staff-draft-only
jeanette-grasselli-brown-2010,Jeanette Grasselli Brown,2010,education,44,https://clevelandinternationalhalloffame.com/jeanette-grasselli-brown-2010/,"Jeanette Grasselli Brown spent 38 years in industrial research, retiring in 1989 as Director of Corporate Research for...",staff-draft-only
jeanette-grasselli-brown-2010,Jeanette Grasselli Brown,2010,education,56,https://clevelandinternationalhalloffame.com/jeanette-grasselli-brown-2010/,"In 1995 she was appointed by Governor Voinovich to the Ohio Board of Regents, the coordinating body for...",staff-draft-only
jeanette-grasselli-brown-2010,Jeanette Grasselli Brown,2010,education,64,https://clevelandinternationalhalloffame.com/jeanette-grasselli-brown-2010/,Jeanette Grasselli Brown received her B.S. degree from Ohio University and her M.S. in Chemistry from Case Western...,staff-draft-only
jeanette-grasselli-brown-2010,Jeanette Grasselli Brown,2010,biographical-context,44,https://clevelandinternationalhalloffame.com/jeanette-grasselli-brown-2010/,"Her areas of expertise include industrial problem solving using vibrational spectroscopy, combined instrumental techniques, computerized spectroscopy, process analysis...",staff-draft-only
jeanette-grasselli-brown-2010,Jeanette Grasselli Brown,2010,education,95,https://clevelandinternationalhalloffame.com/jeanette-grasselli-brown-2010/,"Her civic involvements include the Boards of the Cleveland Hungarian Development Panel, the Cleveland Orchestra, the Great Lakes...",staff-draft-only
jeanette-grasselli-brown-2010,Jeanette Grasselli Brown,2010,life-work,62,https://clevelandinternationalhalloffame.com/jeanette-grasselli-brown-2010/,She has been a Director on the Board of 6 Fortune 500 corporations and has served on the...,staff-draft-only
jeanette-grasselli-brown-2010,Jeanette Grasselli Brown,2010,biographical-context,71,https://clevelandinternationalhalloffame.com/jeanette-grasselli-brown-2010/,She has received the Garvan Medal as the outstanding woman chemist in the United States from the American...,staff-draft-only
jeanette-grasselli-brown-2010,Jeanette Grasselli Brown,2010,education,70,https://clevelandinternationalhalloffame.com/jeanette-grasselli-brown-2010/,In 2002 she received the National Ellis Island Medal of Honor for her work with the Hungarian community...,staff-draft-only
jim-craciun-2017,Jim Craciun,2017,early-life,86,https://clevelandinternationalhalloffame.com/inductees-europe/jim-craciun/,"James M. (“Jim”) Craciun was born on August 31, 1951, and raised in Cleveland, Ohio. He graduated cum...",staff-draft-only
jim-craciun-2017,Jim Craciun,2017,biographical-context,33,https://clevelandinternationalhalloffame.com/inductees-europe/jim-craciun/,"Jim married Marcy Rocawich, and together they had five children, Noelle Fitzpatrick (Jake), Jason (Monica), Jonathan (Michaela), Jesse...",staff-draft-only
jim-craciun-2017,Jim Craciun,2017,biographical-context,77,https://clevelandinternationalhalloffame.com/inductees-europe/jim-craciun/,"In 1974, his odyssey unfolded. Jim smuggled bibles and catechisms into Communist Romania. So began his lifetime commitment...",staff-draft-only
jim-craciun-2017,Jim Craciun,2017,life-work,66,https://clevelandinternationalhalloffame.com/inductees-europe/jim-craciun/,Jim began his public speaking in 1982 as a member of the Metropolitan Speaker’s Bureau of Northeastern Ohio...,staff-draft-only
jim-craciun-2017,Jim Craciun,2017,life-work,47,https://clevelandinternationalhalloffame.com/inductees-europe/jim-craciun/,"In 1985, he was chairman of the anti-pornography campaign (Holy Name Society) that stopped local convenience stores from...",staff-draft-only
jim-craciun-2017,Jim Craciun,2017,life-work,75,https://clevelandinternationalhalloffame.com/inductees-europe/jim-craciun/,"Jim’s other Civic leadership has included serving as President of West Cleveland Jaycees in 1980, President of the...",staff-draft-only
jim-craciun-2017,Jim Craciun,2017,education,92,https://clevelandinternationalhalloffame.com/inductees-europe/jim-craciun/,He is past chairperson of Cleveland’s 2000 and 2001 International Folk Festivals in Playhouse Square. In 2006 Jim...,staff-draft-only
jim-craciun-2017,Jim Craciun,2017,community-service,33,https://clevelandinternationalhalloffame.com/inductees-europe/jim-craciun/,Jim was honored to receive the Freedom Award in 2007 from the American Nationalities Movement for his contributions...,staff-draft-only
jim-foster-2014,Jim Foster,2014,biographical-context,31,https://clevelandinternationalhalloffame.com/jim-foster-2014/,"Mr. Foster significantly expanded programming initiatives and strengthened City Club television and radio broadcasts, both locally and nationally....",staff-draft-only
jim-foster-2014,Jim Foster,2014,education,53,https://clevelandinternationalhalloffame.com/jim-foster-2014/,"A number of new initiatives began under his leadership, most importantly expanding student-oriented programming to enable more high...",staff-draft-only
jim-foster-2014,Jim Foster,2014,education,79,https://clevelandinternationalhalloffame.com/jim-foster-2014/,"During his tenure The City Club welcomed to its podium some of the world’s most influential leaders, including...",staff-draft-only
jim-foster-2014,Jim Foster,2014,life-work,69,https://clevelandinternationalhalloffame.com/jim-foster-2014/,"Prior to joining The City Club, Mr. Foster was Vice President of C. K. Newcomb & Associates, an...",staff-draft-only
jim-foster-2014,Jim Foster,2014,life-work,70,https://clevelandinternationalhalloffame.com/jim-foster-2014/,"Earlier in his career, Mr. Foster worked in government and politics as campaign manager for a number of...",staff-draft-only
jim-foster-2014,Jim Foster,2014,biographical-context,57,https://clevelandinternationalhalloffame.com/jim-foster-2014/,"For a number of years, Mr. Foster was a mission-ready Air Force pilot, first for the Air National...",staff-draft-only
jim-foster-2014,Jim Foster,2014,biographical-context,43,https://clevelandinternationalhalloffame.com/jim-foster-2014/,The City Club of Cleveland is the country’s oldest and continuous speakers’ series. Its Friday Forums attract some...,staff-draft-only
joe-valencic-2020,Joe Valencic,2020,biographical-context,79,https://clevelandinternationalhalloffame.com/joe-valencic/,Joseph Valencic is a dynamic and creative presence within Cleveland’s Slovenian-American scene. His enthusiasm for all things Slovenian...,staff-draft-only
joe-valencic-2020,Joe Valencic,2020,life-work,93,https://clevelandinternationalhalloffame.com/joe-valencic/,Joe’s involvements have had a positive impact on the city’s cultural profile. He is a founder and past...,staff-draft-only
joe-valencic-2020,Joe Valencic,2020,biographical-context,42,https://clevelandinternationalhalloffame.com/joe-valencic/,Joe represents Slovenians in the United States on the international advisory board of Slovenia’s Office for Slovenes Abroad...,staff-draft-only
joe-valencic-2020,Joe Valencic,2020,biographical-context,99,https://clevelandinternationalhalloffame.com/joe-valencic/,"He considers Slovenians in the U.S. a part of Slovenia’s history. His films, lectures and exhibitions document the...",staff-draft-only
joe-valencic-2020,Joe Valencic,2020,education,84,https://clevelandinternationalhalloffame.com/joe-valencic/,"His events create connections between countries and cultures, such as the recent jazz concert in the Slovenian Cultural...",staff-draft-only
joe-valencic-2020,Joe Valencic,2020,biographical-context,57,https://clevelandinternationalhalloffame.com/joe-valencic/,"Every Saturday, Joe broadcasts in English and Slovenian with music and news from Slovenia at 1:00 on WINT...",staff-draft-only
joe-valencic-2020,Joe Valencic,2020,early-life,102,https://clevelandinternationalhalloffame.com/joe-valencic/,Cleveland offered the Valencic family a new start after difficult years following World War I in the Slovenian...,staff-draft-only
joe-valencic-2020,Joe Valencic,2020,education,109,https://clevelandinternationalhalloffame.com/joe-valencic/,Joe attended Collinwood High School and Phillips Andover Academy and holds degrees from Kent State University. As a...,staff-draft-only
johnny-k-wu-2024,Johnny K. Wu,2024,early-life,34,https://clevelandinternationalhalloffame.com/inductees/johnny-k-wu/,"A native Clevelander raised in Central America, Johnny K. Wu is an award-winning producer, director and editor for...",staff-draft-only
johnny-k-wu-2024,Johnny K. Wu,2024,life-work,43,https://clevelandinternationalhalloffame.com/inductees/johnny-k-wu/,"Johnny is fluent in Chinese, Spanish and English. His media/event production company Media Design Imaging was founded in...",staff-draft-only
johnny-k-wu-2024,Johnny K. Wu,2024,life-work,54,https://clevelandinternationalhalloffame.com/inductees/johnny-k-wu/,"He is well known and respected within the Asian Pacific American community in Ohio, having served as President...",staff-draft-only
johnny-k-wu-2024,Johnny K. Wu,2024,life-work,59,https://clevelandinternationalhalloffame.com/inductees/johnny-k-wu/,Johnny K. Wu is one of the few pioneers in engaging talents/skills in Cleveland’s independent filmmakers’ industry. In...,staff-draft-only
johnny-k-wu-2024,Johnny K. Wu,2024,biographical-context,60,https://clevelandinternationalhalloffame.com/inductees/johnny-k-wu/,"As a filmmaker, Wu has 14+ feature films successfully distributed worldwide since 2005. He has given workshops and...",staff-draft-only
johnny-k-wu-2024,Johnny K. Wu,2024,biographical-context,72,https://clevelandinternationalhalloffame.com/inductees/johnny-k-wu/,He has provided insights and consultation in branding and marketing to nonprofits and small businesses as well as...,staff-draft-only
johnny-k-wu-2024,Johnny K. Wu,2024,biographical-context,78,https://clevelandinternationalhalloffame.com/inductees/johnny-k-wu/,"Johnny’s recent scifi-action feature Wu Lin The Society, has signed for distribution while still winning awards (over 24)....",staff-draft-only
johnny-k-wu-2024,Johnny K. Wu,2024,community-service,71,https://clevelandinternationalhalloffame.com/inductees/johnny-k-wu/,"Johnny K. Wu currently sits as an executive board member of St. Clair Superior Development Corp, member of...",staff-draft-only
jose-c-feliciano-2012,José C. Feliciano,2012,early-life,94,https://clevelandinternationalhalloffame.com/jose-feliciano-2012/,"José C. Feliciano was born in Yauco, Puerto Rico and was reared on the near west side of...",staff-draft-only
jose-c-feliciano-2012,José C. Feliciano,2012,education,54,https://clevelandinternationalhalloffame.com/jose-feliciano-2012/,"Earlier in his career, he was a Cuyahoga County Public Defender and was an attorney for the Legal...",staff-draft-only
jose-c-feliciano-2012,José C. Feliciano,2012,education,96,https://clevelandinternationalhalloffame.com/jose-feliciano-2012/,"A member of the American College of Trial Lawyers, Mr. Feliciano has more than 37 years of experience...",staff-draft-only
jose-c-feliciano-2012,José C. Feliciano,2012,life-work,78,https://clevelandinternationalhalloffame.com/jose-feliciano-2012/,Mr. Feliciano is deeply committed to advancing the Hispanic community in Northeast Ohio. He is the founder and...,staff-draft-only
jose-c-feliciano-2012,José C. Feliciano,2012,life-work,78,https://clevelandinternationalhalloffame.com/jose-feliciano-2012/,"In his role as Chairman of the Hispanic Roundtable, Mr. Feliciano hosted a monthly talk show on El...",staff-draft-only
jose-c-feliciano-2012,José C. Feliciano,2012,education,81,https://clevelandinternationalhalloffame.com/jose-feliciano-2012/,"Mr. Feliciano has a long history of other community involvement, including service on the board of the following...",staff-draft-only
jose-c-feliciano-2012,José C. Feliciano,2012,biographical-context,45,https://clevelandinternationalhalloffame.com/jose-feliciano-2012/,"Mr. Feliciano currently sits on the following boards: Hispanic Roundtable (Chairman and Founder), Greater Cleveland Partnership, Global Cleveland,...",staff-draft-only
jose-c-feliciano-2012,José C. Feliciano,2012,life-work,96,https://clevelandinternationalhalloffame.com/jose-feliciano-2012/,Mr. Feliciano has been equally involved in the Bar. He is a past president of the Cleveland Bar...,staff-draft-only
josef-holzer-2013,Josef Holzer,2013,early-life,91,https://clevelandinternationalhalloffame.com/joseph-holzer-2013/,"Josef Holzer was born in September of 1926 in Apatin, Batschka, in the former Yugoslavia, where he attended...",staff-draft-only
josef-holzer-2013,Josef Holzer,2013,early-life,76,https://clevelandinternationalhalloffame.com/joseph-holzer-2013/,Joe became a member of the Society of the Donauschwaben in Cleveland soon after the organization was founded...,staff-draft-only
josef-holzer-2013,Josef Holzer,2013,life-work,72,https://clevelandinternationalhalloffame.com/joseph-holzer-2013/,"During that time span, he also served the national organization, The Society of the Donauschwaben U.S.A., as a...",staff-draft-only
josef-holzer-2013,Josef Holzer,2013,life-work,57,https://clevelandinternationalhalloffame.com/joseph-holzer-2013/,"During his 30 year tenure as President, Joe received many accolades for his accomplishments to foster the growth...",staff-draft-only
josef-holzer-2013,Josef Holzer,2013,community-service,133,https://clevelandinternationalhalloffame.com/joseph-holzer-2013/,"Joe possesses a willingness to stand up for others; he is a man of his word; and, he...",staff-draft-only
josef-holzer-2013,Josef Holzer,2013,community-service,76,https://clevelandinternationalhalloffame.com/joseph-holzer-2013/,Joe is also a natural leader with the ability to motivate others to his cause and encourage them...,staff-draft-only
josef-holzer-2013,Josef Holzer,2013,community-service,78,https://clevelandinternationalhalloffame.com/joseph-holzer-2013/,"Nothing exemplifies this more than the building of our facility in Olmsted Township, an undertaking that would take...",staff-draft-only
josef-holzer-2013,Josef Holzer,2013,education,95,https://clevelandinternationalhalloffame.com/joseph-holzer-2013/,"Along with all his other qualities, one more needs mentioning. Joe has always had a great love of...",staff-draft-only
joseph-p-meissner-2014,Joseph P Meissner,2014,biographical-context,71,https://clevelandinternationalhalloffame.com/joseph-p-meissner-2014/,LTC Joseph Patrick Meissner first became interested in the military at the age of eleven when he followed...,staff-draft-only
joseph-p-meissner-2014,Joseph P Meissner,2014,education,125,https://clevelandinternationalhalloffame.com/joseph-p-meissner-2014/,"After graduating from St Ignatius High School in 1959, he enrolled in Xavier University in Cincinnati. This University...",staff-draft-only
joseph-p-meissner-2014,Joseph P Meissner,2014,education,60,https://clevelandinternationalhalloffame.com/joseph-p-meissner-2014/,"He received his BA Degree in 1963 from Xavier University in Ohio. Valedictorian of his class, he was...",staff-draft-only
joseph-p-meissner-2014,Joseph P Meissner,2014,education,77,https://clevelandinternationalhalloffame.com/joseph-p-meissner-2014/,"Placed in the inactive Army reserves for a deferment, he received his Doctor of Law Degree from Harvard...",staff-draft-only
joseph-p-meissner-2014,Joseph P Meissner,2014,education,57,https://clevelandinternationalhalloffame.com/joseph-p-meissner-2014/,"After law school, it now was time to fulfill his ROTC military obligation. (Somehow after Law School, Meissner...",staff-draft-only
joseph-p-meissner-2014,Joseph P Meissner,2014,biographical-context,64,https://clevelandinternationalhalloffame.com/joseph-p-meissner-2014/,He completed his active Military Duty by 1969 which included overseeing an Officers’ Club at Fort Hamilton in...,staff-draft-only
joseph-p-meissner-2014,Joseph P Meissner,2014,life-work,72,https://clevelandinternationalhalloffame.com/joseph-p-meissner-2014/,"Returning to Cleveland, he would spend the next forty-three years both as a soldier in the military reserve...",staff-draft-only
joseph-p-meissner-2014,Joseph P Meissner,2014,life-work,110,https://clevelandinternationalhalloffame.com/joseph-p-meissner-2014/,"During this time, he’s been Legal Counsel for three hundred businesses and community organizations. He has also served...",staff-draft-only
joyce-mariani-2023,Joyce Mariani,2023,early-life,71,https://clevelandinternationalhalloffame.com/joyce-mariani/,Joyce Mariani has a deep love for the culture of Italy handed down from her family which is...,staff-draft-only
joyce-mariani-2023,Joyce Mariani,2023,life-work,32,https://clevelandinternationalhalloffame.com/joyce-mariani/,In 2007 she formed the Italian Cultural Garden Foundation spearheading a $1.5 million Renaissance Restoration Project for Cleveland’s...,staff-draft-only
joyce-mariani-2023,Joyce Mariani,2023,life-work,47,https://clevelandinternationalhalloffame.com/joyce-mariani/,In 2008 she founded Viva! La Cultura Italiana cultural series presenting the cultural arts of Italy and revived...,staff-draft-only
joyce-mariani-2023,Joyce Mariani,2023,biographical-context,31,https://clevelandinternationalhalloffame.com/joyce-mariani/,"In 2011 in an effort to highlight the culinary arts of Italy, she created an annual Pranzo presenting...",staff-draft-only
joyce-mariani-2023,Joyce Mariani,2023,education,71,https://clevelandinternationalhalloffame.com/joyce-mariani/,She was presented the Italian Heritage Award in 2008 by Mayor Frank Jackson at Cleveland City Hall for...,staff-draft-only
joyce-mariani-2023,Joyce Mariani,2023,community-service,36,https://clevelandinternationalhalloffame.com/joyce-mariani/,"She served on the Executive Board of the Cleveland Cultural Gardens Federation , has lectured on Renaissance gardens,...",staff-draft-only
ken-kovach-2012,Ken Kovach,2012,life-work,46,https://clevelandinternationalhalloffame.com/ken-kovach-2012/,Ken Kovach has built upon his advanced studies in sociology to develop a 30-year-plus professional practice in the...,staff-draft-only
ken-kovach-2012,Ken Kovach,2012,early-life,95,https://clevelandinternationalhalloffame.com/ken-kovach-2012/,"Ken’s extensive experience as coach, consultant, and designer/presenter of educational and training programs has engaged him at all...",staff-draft-only
ken-kovach-2012,Ken Kovach,2012,education,195,https://clevelandinternationalhalloffame.com/ken-kovach-2012/,• Served as Director of Executive Education at the Mandel Center for Nonprofit Organizations of Case Western Reserve...,staff-draft-only
ken-kovach-2012,Ken Kovach,2012,education,158,https://clevelandinternationalhalloffame.com/ken-kovach-2012/,"• He is a graduate of St. Tikhon Theological Seminary, St. Vladimir Theological Seminary, St. Sergius Theological Academy...",staff-draft-only
ken-kovach-2012,Ken Kovach,2012,biographical-context,69,https://clevelandinternationalhalloffame.com/ken-kovach-2012/,He was made an Honorary Member of the Don Cossacks in the Don River region of Russia. In...,staff-draft-only
ken-kovach-2012,Ken Kovach,2012,community-service,57,https://clevelandinternationalhalloffame.com/ken-kovach-2012/,Special awards include the 2007 International Service Award from the Cleveland Chapter of Rotary International and the 2008...,staff-draft-only
khalid-samad-2016-2016,Khalid Samad – 2016,2016,education,108,https://clevelandinternationalhalloffame.com/khalid-samad-2016/,El Hajj Amir Khalid A. Samad is an internationally known and recognized Community Activist and leader who formerly...,staff-draft-only
khalid-samad-2016-2016,Khalid Samad – 2016,2016,education,93,https://clevelandinternationalhalloffame.com/khalid-samad-2016/,"As an internationally acclaimed specialist on Urban Violence, Youth Empowerment and Gang Intervention, Amir Samad has lectured throughout...",staff-draft-only
khalid-samad-2016-2016,Khalid Samad – 2016,2016,community-service,115,https://clevelandinternationalhalloffame.com/khalid-samad-2016/,"In 1987, Khalid Samad, the late Omar Ali-Bey and other community leaders formed The Coalition For A Better...",staff-draft-only
khalid-samad-2016-2016,Khalid Samad – 2016,2016,community-service,157,https://clevelandinternationalhalloffame.com/khalid-samad-2016/,The Coalition For A Better Life designed and implemented five monumental projects that were nationally acclaimed. These projects...,staff-draft-only
khalid-samad-2016-2016,Khalid Samad – 2016,2016,community-service,49,https://clevelandinternationalhalloffame.com/khalid-samad-2016/,"Khalid A. Samad is a leading authority on cross-cultural relations, one of the most important religious and cultural...",staff-draft-only
khalid-samad-2016-2016,Khalid Samad – 2016,2016,biographical-context,63,https://clevelandinternationalhalloffame.com/khalid-samad-2016/,"In December of 2008, Amir Samad was asked to be one of the panelists in Washington, D.C. at...",staff-draft-only
khalid-samad-2016-2016,Khalid Samad – 2016,2016,life-work,49,https://clevelandinternationalhalloffame.com/khalid-samad-2016/,Khalid Samad was inducted into the 2016 Class of the Cleveland International Hall of Fame on the evening...,staff-draft-only
khalid-samad-2016-2016,Khalid Samad – 2016,2016,education,108,https://clevelandinternationalhalloffame.com/induction-event-info/khalid-samad/,El Hajj Amir Khalid A. Samad is an internationally known and recognized Community Activist and leader who formerly...,staff-draft-only
khalid-samad-2016-2016,Khalid Samad – 2016,2016,education,93,https://clevelandinternationalhalloffame.com/induction-event-info/khalid-samad/,"As an internationally acclaimed specialist on Urban Violence, Youth Empowerment and Gang Intervention, Amir Samad has lectured throughout...",staff-draft-only
khalid-samad-2016-2016,Khalid Samad – 2016,2016,community-service,116,https://clevelandinternationalhalloffame.com/induction-event-info/khalid-samad/,"In 1987, Khalid Samad, the late Omar Ali-Bey and other community leaders formed The Coalition For A Better...",staff-draft-only
khalid-samad-2016-2016,Khalid Samad – 2016,2016,community-service,157,https://clevelandinternationalhalloffame.com/induction-event-info/khalid-samad/,The Coalition For A Better Life designed and implemented five monumental projects that were nationally acclaimed. These projects...,staff-draft-only
khalid-samad-2016-2016,Khalid Samad – 2016,2016,community-service,49,https://clevelandinternationalhalloffame.com/induction-event-info/khalid-samad/,"Khalid A. Samad is a leading authority on cross-cultural relations, one of the most important religious and cultural...",staff-draft-only
khalid-samad-2016-2016,Khalid Samad – 2016,2016,biographical-context,63,https://clevelandinternationalhalloffame.com/induction-event-info/khalid-samad/,"In December of 2008, Amir Samad was asked to be one of the panelists in Washington, D.C. at...",staff-draft-only
le-nguyen-2026,Le Nguyen,2026,early-life,56,https://clevelandinternationalhalloffame.com/le-nguyen-class-of-2026-vietnames-heritage-cleveland-international-hall-of-fame/,"For decades, when Cleveland’s Asian communities needed help navigating a new country, resolving conflict, or putting on a...",staff-draft-only
le-nguyen-2026,Le Nguyen,2026,early-life,73,https://clevelandinternationalhalloffame.com/le-nguyen-class-of-2026-vietnames-heritage-cleveland-international-hall-of-fame/,"Le was born in Can Tho, Vietnam, one of eight siblings. As a teenager, he witnessed the spread...",staff-draft-only
le-nguyen-2026,Le Nguyen,2026,education,57,https://clevelandinternationalhalloffame.com/le-nguyen-class-of-2026-vietnames-heritage-cleveland-international-hall-of-fame/,"Soon after, Le, along with his brother and nephew, boarded a plane bound for the United States. By...",staff-draft-only
le-nguyen-2026,Le Nguyen,2026,life-work,88,https://clevelandinternationalhalloffame.com/le-nguyen-class-of-2026-vietnames-heritage-cleveland-international-hall-of-fame/,"Later that year Le moved to Cleveland, drawn by the promise of opportunity along the shores of Lake...",staff-draft-only
le-nguyen-2026,Le Nguyen,2026,community-service,51,https://clevelandinternationalhalloffame.com/le-nguyen-class-of-2026-vietnames-heritage-cleveland-international-hall-of-fame/,"For 32 years with the City of Cleveland, Le was a steady presence and trusted mediator. When challenges...",staff-draft-only
le-nguyen-2026,Le Nguyen,2026,community-service,66,https://clevelandinternationalhalloffame.com/le-nguyen-class-of-2026-vietnames-heritage-cleveland-international-hall-of-fame/,Le helped more than 125 families displaced by war resettle in Cleveland. He guided those families through housing...,staff-draft-only
le-nguyen-2026,Le Nguyen,2026,life-work,46,https://clevelandinternationalhalloffame.com/le-nguyen-class-of-2026-vietnames-heritage-cleveland-international-hall-of-fame/,"Believing deeply in his neighborhood, Le worked with Councilman Matt Zone to help establish the Vietnamese Community of...",staff-draft-only
le-nguyen-2026,Le Nguyen,2026,biographical-context,75,https://clevelandinternationalhalloffame.com/le-nguyen-class-of-2026-vietnames-heritage-cleveland-international-hall-of-fame/,"In 2012, after 32 years of public service, Le retired to care for his wife, Bonnie , following...",staff-draft-only
le-nguyen-2026,Le Nguyen,2026,early-life,56,https://clevelandinternationalhalloffame.com/le-nguyen/,"For decades, when Cleveland’s Asian communities needed help navigating a new country, resolving conflict, or putting on a...",staff-draft-only
le-nguyen-2026,Le Nguyen,2026,early-life,73,https://clevelandinternationalhalloffame.com/le-nguyen/,"Le was born in Can Tho, Vietnam, one of eight siblings. As a teenager, he witnessed the spread...",staff-draft-only
le-nguyen-2026,Le Nguyen,2026,education,57,https://clevelandinternationalhalloffame.com/le-nguyen/,"Soon after, Le, along with his brother and nephew, boarded a plane bound for the United States. By...",staff-draft-only
le-nguyen-2026,Le Nguyen,2026,life-work,88,https://clevelandinternationalhalloffame.com/le-nguyen/,"Later that year Le moved to Cleveland, drawn by the promise of opportunity along the shores of Lake...",staff-draft-only
le-nguyen-2026,Le Nguyen,2026,community-service,51,https://clevelandinternationalhalloffame.com/le-nguyen/,"For 32 years with the City of Cleveland, Le was a steady presence and trusted mediator. When challenges...",staff-draft-only
le-nguyen-2026,Le Nguyen,2026,community-service,66,https://clevelandinternationalhalloffame.com/le-nguyen/,Le helped more than 125 families displaced by war resettle in Cleveland. He guided those families through housing...,staff-draft-only
le-nguyen-2026,Le Nguyen,2026,life-work,46,https://clevelandinternationalhalloffame.com/le-nguyen/,"Believing deeply in his neighborhood, Le worked with Councilman Matt Zone to help establish the Vietnamese Community of...",staff-draft-only
le-nguyen-2026,Le Nguyen,2026,biographical-context,75,https://clevelandinternationalhalloffame.com/le-nguyen/,"In 2012, after 32 years of public service, Le retired to care for his wife, Bonnie , following...",staff-draft-only
leo-weidenthal-2010,Leo Weidenthal,2010,early-life,108,https://clevelandinternationalhalloffame.com/leo-weidenthal-2010/,Leo Weidenthal (1878-1967) was editor of the Jewish Independent and founder of the Cleveland Cultural Garden Federation. Born...,staff-draft-only
leo-weidenthal-2010,Leo Weidenthal,2010,biographical-context,32,https://clevelandinternationalhalloffame.com/leo-weidenthal-2010/,Weidenthal was a founder of the Cleveland Chapter of the National Conference of Christians & Jews. Cleveland was...,staff-draft-only
leo-weidenthal-2010,Leo Weidenthal,2010,community-service,52,https://clevelandinternationalhalloffame.com/leo-weidenthal-2010/,Bud Weidenthal recalls that he was dubbed “Leo the Lion of Willowdale” for his journalistic tenacity. When he...,staff-draft-only
leo-weidenthal-2010,Leo Weidenthal,2010,recognition,38,https://clevelandinternationalhalloffame.com/leo-weidenthal-2010/,"When he retired as a reporter in 1917 to become editor of the Jewish Independent, Cleveland City Council...",staff-draft-only
leo-weidenthal-2010,Leo Weidenthal,2010,recognition,54,https://clevelandinternationalhalloffame.com/leo-weidenthal-2010/,"Leo Weidenthal celebrated his birthday each year with William Shakespeare, and built and catalogued a Shakespeare collection which...",staff-draft-only
leo-weidenthal-2010,Leo Weidenthal,2010,community-service,57,https://clevelandinternationalhalloffame.com/leo-weidenthal-2010/,"During the dedication of the Shakespeare Garden in Rockefeller Park in 1916, Weidenthal said that similar sites should...",staff-draft-only
leo-weidenthal-2010,Leo Weidenthal,2010,biographical-context,45,https://clevelandinternationalhalloffame.com/leo-weidenthal-2010/,"In 1962 Louis Seltzer, editor of the Cleveland Press, wrote a column dedicated to him. “You, Leo, are...",staff-draft-only
lonnie-mccauley-2010,Lonnie McCauley,2010,early-life,71,https://clevelandinternationalhalloffame.com/lonnie-mccauley-2010/,"Lonnie Davis McCauley was born in Cleveland on September 19th, 1947. She attended high school at Lourdes Academy,...",staff-draft-only
lonnie-mccauley-2010,Lonnie McCauley,2010,community-service,67,https://clevelandinternationalhalloffame.com/lonnie-mccauley-2010/,Lonnie had a long and active history promoting Irish Culture and History with the Irish community in Cleveland...,staff-draft-only
lonnie-mccauley-2010,Lonnie McCauley,2010,biographical-context,72,https://clevelandinternationalhalloffame.com/lonnie-mccauley-2010/,At that time she was working as the first Irish-American Archivist at the Western Reserve Historical Society and...,staff-draft-only
lonnie-mccauley-2010,Lonnie McCauley,2010,life-work,49,https://clevelandinternationalhalloffame.com/lonnie-mccauley-2010/,"At the East Side Club, when not busy raising five children with her husband Tom, Lonnie helped found...",staff-draft-only
lonnie-mccauley-2010,Lonnie McCauley,2010,community-service,71,https://clevelandinternationalhalloffame.com/lonnie-mccauley-2010/,Years later she helped found a second Irish-American library at the West Side Irish-American Club. At the East...,staff-draft-only
lonnie-mccauley-2010,Lonnie McCauley,2010,biographical-context,76,https://clevelandinternationalhalloffame.com/lonnie-mccauley-2010/,"Everything Lonnie did she did with a passion – so she not only loved poetry, but wrote and...",staff-draft-only
lonnie-mccauley-2010,Lonnie McCauley,2010,biographical-context,46,https://clevelandinternationalhalloffame.com/lonnie-mccauley-2010/,“I believe I am on a mission to keep our Irish-American history alive so it can be passed...,staff-draft-only
lonnie-mccauley-2010,Lonnie McCauley,2010,biographical-context,32,https://clevelandinternationalhalloffame.com/lonnie-mccauley-2010/,"Lonnie Davis McCauley died on March 18, 2001. Her lifelong achievements were perhaps best summarized by Tom McCaffrey,...",staff-draft-only
lucretia-stoica-2011,Lucretia Stoica,2011,early-life,33,https://clevelandinternationalhalloffame.com/lucretia-stoica-2011/,"Lucretia Stoica was born in Youngstown, Ohio. As a young child she travelled to Romania where she grew...",staff-draft-only
lucretia-stoica-2011,Lucretia Stoica,2011,life-work,59,https://clevelandinternationalhalloffame.com/lucretia-stoica-2011/,"Upon return to Cleveland Lucretia joined the staff of the International Institute of the YWCA, a non-profit agency...",staff-draft-only
lucretia-stoica-2011,Lucretia Stoica,2011,life-work,44,https://clevelandinternationalhalloffame.com/lucretia-stoica-2011/,Included in her professional activities were free lance writing for the Voice of America and defending aliens in...,staff-draft-only
lucretia-stoica-2011,Lucretia Stoica,2011,community-service,54,https://clevelandinternationalhalloffame.com/lucretia-stoica-2011/,During the early 1950s she organized a series of conferences and festivals promoting the cultural background of the...,staff-draft-only
lucretia-stoica-2011,Lucretia Stoica,2011,life-work,59,https://clevelandinternationalhalloffame.com/lucretia-stoica-2011/,"In the late 1960s, under a considerable grant from the Ford Foundation, she founded, organized and administered a...",staff-draft-only
lucretia-stoica-2011,Lucretia Stoica,2011,life-work,35,https://clevelandinternationalhalloffame.com/lucretia-stoica-2011/,"In the early 1970s, with three other ladies she, co-founded the LANGUAGE BANK OF CLEVELAND, providing free Translation...",staff-draft-only
lucretia-stoica-2011,Lucretia Stoica,2011,life-work,37,https://clevelandinternationalhalloffame.com/lucretia-stoica-2011/,"For four decades she re-edited and published the Nationality Directory, founded by journalist Theodor Andrica. The directory contained...",staff-draft-only
lucretia-stoica-2011,Lucretia Stoica,2011,biographical-context,61,https://clevelandinternationalhalloffame.com/lucretia-stoica-2011/,For several years she chaired the Ohio Refugee Advisory Council and was a founder of the Cleveland Refugee...,staff-draft-only
lucy-torres-2026,Lucy Torres,2026,early-life,85,https://clevelandinternationalhalloffame.com/lucy-torres/,"Born and raised in Comerío, Puerto Rico, Lucy is the daughter of Amparo Rodríguez and Luis Bonilla. She...",staff-draft-only
lucy-torres-2026,Lucy Torres,2026,early-life,78,https://clevelandinternationalhalloffame.com/lucy-torres/,"In 1978, Lucy relocated to Cleveland, Ohio, where she reconnected with her family and built a life rooted...",staff-draft-only
lucy-torres-2026,Lucy Torres,2026,education,39,https://clevelandinternationalhalloffame.com/lucy-torres/,"Committed to lifelong learning, Lucy furthered her education through coursework at Cleveland State University, Cuyahoga Community College, and...",staff-draft-only
lucy-torres-2026,Lucy Torres,2026,life-work,100,https://clevelandinternationalhalloffame.com/lucy-torres/,"Lucy’s community impact is both broad and profound. She has held leadership roles in key organizations, including serving...",staff-draft-only
lucy-torres-2026,Lucy Torres,2026,education,88,https://clevelandinternationalhalloffame.com/lucy-torres/,"For 15 years, Lucy worked with the Cleveland Metropolitan School District as a liaison between parents and the...",staff-draft-only
lucy-torres-2026,Lucy Torres,2026,education,39,https://clevelandinternationalhalloffame.com/lucy-torres/,"Lucy’s work has been recognized through honors such as the Sister Alicia Award from Cleveland State University, among...",staff-draft-only
lucy-torres-2026,Lucy Torres,2026,early-life,35,https://clevelandinternationalhalloffame.com/lucy-torres/,"Today, Lucy Torres continues her legacy through her family, dedicating her time to supporting her daughter and grandchildren....",staff-draft-only
luis-martinez-2011,Luis Martinez,2011,early-life,62,https://clevelandinternationalhalloffame.com/luis-martinez-2011/,"Luis Martinez was born in Bayamon, Puerto Rico and moved with his family from Puerto Rico to Lorain,...",staff-draft-only
luis-martinez-2011,Luis Martinez,2011,biographical-context,44,https://clevelandinternationalhalloffame.com/luis-martinez-2011/,"He contributed the chapter titled, “A Puerto Rican Marine” and is found on the cover of the New...",staff-draft-only
luis-martinez-2011,Luis Martinez,2011,education,82,https://clevelandinternationalhalloffame.com/luis-martinez-2011/,"In 1973, Mr. Martinez moved to Cleveland, Ohio and joined the Recruitment and Training Program/Construction Equal Employment Plan...",staff-draft-only
luis-martinez-2011,Luis Martinez,2011,life-work,117,https://clevelandinternationalhalloffame.com/luis-martinez-2011/,"In 1981, he went on to briefly serve with the Department of Labor, Bureau of Apprenticeship and Training...",staff-draft-only
luis-martinez-2011,Luis Martinez,2011,education,59,https://clevelandinternationalhalloffame.com/luis-martinez-2011/,"In 1986, Mr. Martinez was awarded a scholarship by the National Urban Fellows, Inc. He received a Masters...",staff-draft-only
luis-martinez-2011,Luis Martinez,2011,education,79,https://clevelandinternationalhalloffame.com/luis-martinez-2011/,"Mr. Martinez is married to Nora, who retired as a teacher with the Cleveland Municipal School District. His...",staff-draft-only
margaret-callander-2014,Margaret Callander,2014,early-life,32,https://clevelandinternationalhalloffame.com/margaret-callander-2014/,"Margaret was born on July 28, 1932 in Cleveland to Scottish Emigrant parents from Glasgow, Scotland. She graduated...",staff-draft-only
margaret-callander-2014,Margaret Callander,2014,education,69,https://clevelandinternationalhalloffame.com/margaret-callander-2014/,Margaret began Highland Dancing at the age of 5 and began competing at the age of 12. She...,staff-draft-only
margaret-callander-2014,Margaret Callander,2014,biographical-context,50,https://clevelandinternationalhalloffame.com/margaret-callander-2014/,"Shortly thereafter she became an Adjudicator of the Scottish Official Board of Highland Dancing Panel, which is also...",staff-draft-only
margaret-callander-2014,Margaret Callander,2014,biographical-context,63,https://clevelandinternationalhalloffame.com/margaret-callander-2014/,"Some of Margaret’s students, as well as Margaret herself, were very successful in 1955 at the Edinburgh Festival...",staff-draft-only
margaret-callander-2014,Margaret Callander,2014,community-service,41,https://clevelandinternationalhalloffame.com/margaret-callander-2014/,Under her tutelage they performed numerous times at the Ohio State Fair representing their Scottish Heritage as the...,staff-draft-only
margaret-callander-2014,Margaret Callander,2014,community-service,40,https://clevelandinternationalhalloffame.com/margaret-callander-2014/,"Margaret’s Balmoral Highland Dancers performed at many local and civic events, including shows and demonstrations at nursing homes,...",staff-draft-only
margaret-callander-2014,Margaret Callander,2014,education,38,https://clevelandinternationalhalloffame.com/margaret-callander-2014/,Margaret is one of the founders of both the Ohio Scottish Games and the Ohio Scottish Arts School....,staff-draft-only
margaret-callander-2014,Margaret Callander,2014,education,63,https://clevelandinternationalhalloffame.com/margaret-callander-2014/,Margaret still serves as co-chair of the Ohio Scottish Highland Dancing Competition. In 1978 the weeklong Ohio Scottish...,staff-draft-only
margaret-lynch-2020,Margaret Lynch,2020,life-work,30,https://clevelandinternationalhalloffame.com/margaret-lynch/,Margaret Lynch has served as Executive Director of the Irish American Archives Society since 2008. She had been...,staff-draft-only
margaret-lynch-2020,Margaret Lynch,2020,life-work,62,https://clevelandinternationalhalloffame.com/margaret-lynch/,"As Executive Director, she researches, develops, and presents talks, displays, walking tours, and other programming related to the...",staff-draft-only
margaret-lynch-2020,Margaret Lynch,2020,biographical-context,61,https://clevelandinternationalhalloffame.com/margaret-lynch/,She also researched and wrote a history of the Irish in Cleveland as seen through the lens of...,staff-draft-only
margaret-lynch-2020,Margaret Lynch,2020,recognition,53,https://clevelandinternationalhalloffame.com/margaret-lynch/,"For her work on The Day We Celebrate, she received the “Outstanding Services to the Irish Diaspora” award...",staff-draft-only
margaret-lynch-2020,Margaret Lynch,2020,education,60,https://clevelandinternationalhalloffame.com/margaret-lynch/,"In addition, as a free-lance writer, she has managed arts education projects for a variety of cultural institutions...",staff-draft-only
margaret-lynch-2020,Margaret Lynch,2020,biographical-context,77,https://clevelandinternationalhalloffame.com/margaret-lynch/,Covid-19 forced the always sold out induction ceremonies to be cancelled in 2020 and 2021. We tried to...,staff-draft-only
margaret-lynch-2020,Margaret Lynch,2020,biographical-context,38,https://clevelandinternationalhalloffame.com/margaret-lynch/,"On the evening of June 7, 2022 Margaret was finally honored in person and was inducted by Gerry...",staff-draft-only
margaret-w-wong-2010,Margaret W. Wong,2010,biographical-context,93,https://clevelandinternationalhalloffame.com/margaret-w-wong-2010/,"In more than 30 years of practice, Margaret Wong built Margaret W. Wong & Associates Co., L.P.A. into...",staff-draft-only
margaret-w-wong-2010,Margaret W. Wong,2010,life-work,61,https://clevelandinternationalhalloffame.com/margaret-w-wong-2010/,"Ms. Wong has been inducted into the Ohio Women’s Hall of Fame, is AV rated by Martindale-Hubbell, is...",staff-draft-only
margaret-w-wong-2010,Margaret W. Wong,2010,education,65,https://clevelandinternationalhalloffame.com/margaret-w-wong-2010/,"Ms. Wong has volunteered her time and expertise to the boards of diverse organizations, including Ideastream, the Ohio...",staff-draft-only
margaret-w-wong-2010,Margaret W. Wong,2010,community-service,84,https://clevelandinternationalhalloffame.com/margaret-w-wong-2010/,"Ms. Wong is an avid educator, reader and writer. She is a charter founding member of the Ohio...",staff-draft-only
marilyn-madigan-2019,Marilyn Madigan,2019,education,41,https://clevelandinternationalhalloffame.com/marilyn-madigan/,Marilyn Madigan is the daughter of the late Jack and Catherine Finn Madigan. She is a lifelong resident...,staff-draft-only
marilyn-madigan-2019,Marilyn Madigan,2019,life-work,83,https://clevelandinternationalhalloffame.com/marilyn-madigan/,"She is a Parishioner of St. Patrick West Park. As a youth, she was a participate and a...",staff-draft-only
marilyn-madigan-2019,Marilyn Madigan,2019,education,64,https://clevelandinternationalhalloffame.com/marilyn-madigan/,"In her professional career, Marilyn received a Bachelor of Science in Nursing from St. John College. She started...",staff-draft-only
marilyn-madigan-2019,Marilyn Madigan,2019,life-work,72,https://clevelandinternationalhalloffame.com/marilyn-madigan/,Her involvement with the Irish Community started in 1969 when she started marching with the Ladies Drill Team...,staff-draft-only
marilyn-madigan-2019,Marilyn Madigan,2019,education,96,https://clevelandinternationalhalloffame.com/marilyn-madigan/,"Marilyn continues to be an active member of Cleveland’s Irish Community with memberships in Cleveland Comhaltas,Gaelic Society, Irish...",staff-draft-only
marilyn-madigan-2019,Marilyn Madigan,2019,life-work,59,https://clevelandinternationalhalloffame.com/marilyn-madigan/,She has volunteered for many years at the Cleveland Irish Cultural Festival and with the Irish American Archives...,staff-draft-only
marilyn-madigan-2019,Marilyn Madigan,2019,education,84,https://clevelandinternationalhalloffame.com/marilyn-madigan/,The organization that Marilyn is most active with is the Ladies Ancient Order of Hibernians. She has been...,staff-draft-only
marilyn-madigan-2019,Marilyn Madigan,2019,biographical-context,48,https://clevelandinternationalhalloffame.com/marilyn-madigan/,She was very proud and honored to be serving as National Irish Historian during the Centennial of the...,staff-draft-only
may-chen-2020,May Chen,2020,life-work,73,https://clevelandinternationalhalloffame.com/may-chen/,"May J. Chen, is co-founder and executive director emeritus of Asian Services in Action, Inc. , whose mission...",staff-draft-only
may-chen-2020,May Chen,2020,life-work,130,https://clevelandinternationalhalloffame.com/may-chen/,"Mrs. Chen, a native of Hong Kong, China, has spent her professional life creating opportunities out of obstacles,...",staff-draft-only
may-chen-2020,May Chen,2020,early-life,165,https://clevelandinternationalhalloffame.com/may-chen/,"A licensed professional clinical counselor and licensed independent marriage and family therapist, Mrs. Chen, who received her bachelor’s...",staff-draft-only
may-chen-2020,May Chen,2020,biographical-context,56,https://clevelandinternationalhalloffame.com/may-chen/,"As you know, Covid-19 forced the always sold out induction ceremonies to be cancelled in 2020 and 2021...",staff-draft-only
may-chen-2020,May Chen,2020,biographical-context,30,https://clevelandinternationalhalloffame.com/may-chen/,"Michael Byun , her successor as CEO of ASIA Inc., sent his congratulations from Seattle and then May...",staff-draft-only
mayor-frank-jackson-2025,Mayor Frank Jackson,2025,life-work,31,https://clevelandinternationalhalloffame.com/mayor-frank-jackson/,Honorable Frank G. Jackson served as the 56th Mayor of the City of Cleveland. He served four full...,staff-draft-only
mayor-frank-jackson-2025,Mayor Frank Jackson,2025,education,86,https://clevelandinternationalhalloffame.com/mayor-frank-jackson/,"Mayor Jackson grew up in Cleveland’s Central and Kinsman neighborhoods. After graduating from Max S. Hayes High School,...",staff-draft-only
mayor-frank-jackson-2025,Mayor Frank Jackson,2025,life-work,67,https://clevelandinternationalhalloffame.com/mayor-frank-jackson/,"He passed the Ohio bar exam and started his legal career as an assistant city prosecutor. In 1989,...",staff-draft-only
mayor-frank-jackson-2025,Mayor Frank Jackson,2025,education,59,https://clevelandinternationalhalloffame.com/mayor-frank-jackson/,"On January 2, 2006, Jackson was sworn in as Cleveland’s 56th mayor at East Technical High School. In...",staff-draft-only
mayor-frank-jackson-2025,Mayor Frank Jackson,2025,community-service,36,https://clevelandinternationalhalloffame.com/mayor-frank-jackson/,He was instrumental in opening the City Hall Rotunda to people celebrating their diverse ethnic heritages resulting in...,staff-draft-only
michael-d-polensek-2023,Michael D. Polensek,2023,biographical-context,56,https://clevelandinternationalhalloffame.com/michael-d-polensek/,"Michael D. Polensek, the “Dean” of City Council, and Councilman representing Cleveland’s 8th Ward, has served the neighborhoods...",staff-draft-only
michael-d-polensek-2023,Michael D. Polensek,2023,biographical-context,33,https://clevelandinternationalhalloffame.com/michael-d-polensek/,"For over four decades, Councilman Polensek has represented the Collinwood / Nottingham Neighborhoods. Today, he represents the ethnically...",staff-draft-only
michael-d-polensek-2023,Michael D. Polensek,2023,life-work,44,https://clevelandinternationalhalloffame.com/michael-d-polensek/,"During his long and productive tenure, Councilman Polensek has been at the forefront of numerous development projects and...",staff-draft-only
michael-d-polensek-2023,Michael D. Polensek,2023,life-work,41,https://clevelandinternationalhalloffame.com/michael-d-polensek/,He served as President of City Council from 1999 to 2002. During this tenure he created the Neighborhood...,staff-draft-only
michael-d-polensek-2023,Michael D. Polensek,2023,community-service,41,https://clevelandinternationalhalloffame.com/michael-d-polensek/,"After working for years, he was instrumental in the construction of the $11.0 million Collinwood Recreation Center, located...",staff-draft-only
michael-d-polensek-2023,Michael D. Polensek,2023,biographical-context,45,https://clevelandinternationalhalloffame.com/michael-d-polensek/,Mike Polensek championed the effort to transfer the Cleveland Lakefront Parks to the Cleveland MetroParks System and continues...,staff-draft-only
michael-d-polensek-2023,Michael D. Polensek,2023,education,68,https://clevelandinternationalhalloffame.com/michael-d-polensek/,"He is presently working on the new streetscape for the East 185th Street business corridor, which is also...",staff-draft-only
michael-d-polensek-2023,Michael D. Polensek,2023,early-life,31,https://clevelandinternationalhalloffame.com/michael-d-polensek/,Polensek was born in the Glenville neighborhood on East 120th Street and raised in Collinwood and graduated from...,staff-draft-only
milton-maltz-2012,Milton Maltz,2012,life-work,51,https://clevelandinternationalhalloffame.com/milton-maltz-2012/,"Milton Maltz founded Malrite Communications Group, Inc. in 1956 and served as its Chairman and CEO until the...",staff-draft-only
milton-maltz-2012,Milton Maltz,2012,life-work,73,https://clevelandinternationalhalloffame.com/milton-maltz-2012/,Mr. Maltz began his career in broadcasting as a kid actor in radio dramas originating in Chicago and...,staff-draft-only
milton-maltz-2012,Milton Maltz,2012,education,75,https://clevelandinternationalhalloffame.com/milton-maltz-2012/,"As a respected and active member of the broadcast industry, and a member of its Hall of Fame,...",staff-draft-only
milton-maltz-2012,Milton Maltz,2012,education,85,https://clevelandinternationalhalloffame.com/milton-maltz-2012/,"Mr. Maltz is active in numerous philanthropic and civic organizations including the Cleveland Orchestra, Case Western Reserve University’s...",staff-draft-only
milton-maltz-2012,Milton Maltz,2012,life-work,80,https://clevelandinternationalhalloffame.com/milton-maltz-2012/,"Today, Mr. Maltz is using his years of entertainment experience and expertise to develop distinctive entertainment projects around...",staff-draft-only
milton-maltz-2012,Milton Maltz,2012,recognition,47,https://clevelandinternationalhalloffame.com/milton-maltz-2012/,"Mr. Maltz and his wife Tamar revived the Playhouse in Jupiter, Florida (formerly the Burt Reynolds Dinner Theater),...",staff-draft-only
mohan-bafna-2016,Mohan Bafna,2016,early-life,82,https://clevelandinternationalhalloffame.com/mohan-bafna-2016/,"My father, Dr. Mohan Bafna, comes from a very humble business family in a small village in the...",staff-draft-only
mohan-bafna-2016,Mohan Bafna,2016,early-life,51,https://clevelandinternationalhalloffame.com/mohan-bafna-2016/,He continues to give back to the society here in the United States and India and tries to...,staff-draft-only
mohan-bafna-2016,Mohan Bafna,2016,biographical-context,44,https://clevelandinternationalhalloffame.com/mohan-bafna-2016/,We have never heard him say a negative word about anyone – ever. He is an eternally positive...,staff-draft-only
mohan-bafna-2016,Mohan Bafna,2016,biographical-context,45,https://clevelandinternationalhalloffame.com/mohan-bafna-2016/,Dr. Mohan Bafna was inducted into the 2016 Class of the Cleveland International Hall of Fame on the...,staff-draft-only
mohan-bafna-2016,Mohan Bafna,2016,biographical-context,32,https://clevelandinternationalhalloffame.com/mohan-bafna-2016/,Here is the video of Suresh Bafna reading the acceptance speech for his father Dr. Mohan Bafna who...,staff-draft-only
mohan-bafna-2016,Mohan Bafna,2016,early-life,82,https://clevelandinternationalhalloffame.com/induction-event-info/dr-mohan-bafna/,"My father, Dr. Mohan Bafna, comes from a very humble business family in a small village in the...",staff-draft-only
mohan-bafna-2016,Mohan Bafna,2016,early-life,51,https://clevelandinternationalhalloffame.com/induction-event-info/dr-mohan-bafna/,He continues to give back to the society here in the United States and India and tries to...,staff-draft-only
mohan-bafna-2016,Mohan Bafna,2016,biographical-context,44,https://clevelandinternationalhalloffame.com/induction-event-info/dr-mohan-bafna/,We have never heard him say a negative word about anyone – ever. He is an eternally positive...,staff-draft-only
mohan-bafna-2016,Mohan Bafna,2016,education,46,https://clevelandinternationalhalloffame.com/induction-event-info/dr-mohan-bafna/,"Residency and Fellowship: Cleveland Clinic, University Hospital & Mt. Sinai Hospital in Cleveland, Ohio 1968-1973 in internal medicine...",staff-draft-only
mohan-bafna-2016,Mohan Bafna,2016,biographical-context,45,https://clevelandinternationalhalloffame.com/induction-event-info/dr-mohan-bafna/,"2. While at Primary Health Center in a small village, he toured surrounding villages. The home to home...",staff-draft-only
mona-alag-2017,Mona Alag,2017,biographical-context,87,https://clevelandinternationalhalloffame.com/inductees/mona-alag/,"On a hot August night, the seventeenth day of August, in 1970, as the Air France airliner circled...",staff-draft-only
mona-alag-2017,Mona Alag,2017,biographical-context,33,https://clevelandinternationalhalloffame.com/inductees/mona-alag/,"And sure, there was a husband of three months anxiously waiting, sure! As we landed in Cleveland, I...",staff-draft-only
mona-alag-2017,Mona Alag,2017,biographical-context,35,https://clevelandinternationalhalloffame.com/inductees/mona-alag/,"Doing everything myself, was a rude awakening for me! As they say, it starts when you sink in...",staff-draft-only
mona-alag-2017,Mona Alag,2017,biographical-context,71,https://clevelandinternationalhalloffame.com/inductees/mona-alag/,"In just about a couple of months, a friend confided in me that she was pregnant. The unfortunate...",staff-draft-only
mona-alag-2017,Mona Alag,2017,early-life,60,https://clevelandinternationalhalloffame.com/inductees/mona-alag/,"A painful two days of thinking about it, (I couldn’t tell my husband) I questioned her on “Why...",staff-draft-only
mona-alag-2017,Mona Alag,2017,biographical-context,44,https://clevelandinternationalhalloffame.com/inductees/mona-alag/,"Well, today her triplet daughters are all grown, married and moms themselves. They all live overseas, don’t know...",staff-draft-only
mona-alag-2017,Mona Alag,2017,biographical-context,43,https://clevelandinternationalhalloffame.com/inductees/mona-alag/,"From that day, till today, there have been so many instances; it is hard to keep count. There...",staff-draft-only
mona-alag-2017,Mona Alag,2017,community-service,48,https://clevelandinternationalhalloffame.com/inductees/mona-alag/,"In my first stint with FICA, I focused on the problems of the youth of our community. The...",staff-draft-only
monte-ahuja-2014,Monte Ahuja,2014,life-work,47,https://clevelandinternationalhalloffame.com/monte-ahuja-2014/,"Immediately following his graduation from CSU In 1975, he launched a distribution company. Through internal growth and careful...",staff-draft-only
monte-ahuja-2014,Monte Ahuja,2014,education,175,https://clevelandinternationalhalloffame.com/monte-ahuja-2014/,"Distinguished Alumni Award from Cleveland State University, in 1990; George Dively Award by the Harvard University Business School,...",staff-draft-only
nacy-panzica-2013,Nacy Panzica,2013,life-work,59,https://clevelandinternationalhalloffame.com/nacy-panzica-2013/,"Nacy Panzica has been in the construction industry for over 60 years. Through his guidance and leadership, Panzica...",staff-draft-only
paramjit-singh-2010,Paramjit Singh,2010,education,129,https://clevelandinternationalhalloffame.com/paramjit-singh-2010/,Paramjit Singh has been a Community Leader of the Asian Indian Community since he landed in Cleveland in...,staff-draft-only
paramjit-singh-2010,Paramjit Singh,2010,community-service,49,https://clevelandinternationalhalloffame.com/paramjit-singh-2010/,The Cleveland Council of World Affairs asked Paramjit Singh to organize the first Indian dinner to celebrate the...,staff-draft-only
paramjit-singh-2010,Paramjit Singh,2010,education,34,https://clevelandinternationalhalloffame.com/paramjit-singh-2010/,Paramjit Singh made history in Cleveland by being the first turbaned Sikh to be a part of Case...,staff-draft-only
paramjit-singh-2010,Paramjit Singh,2010,community-service,58,https://clevelandinternationalhalloffame.com/paramjit-singh-2010/,With the change in the immigration laws and the growth of the Indian community in Cleveland and all...,staff-draft-only
paramjit-singh-2010,Paramjit Singh,2010,biographical-context,94,https://clevelandinternationalhalloffame.com/paramjit-singh-2010/,Paramjit and his wife Linda came up with the idea that Indian-Americans should start giving back to this...,staff-draft-only
paramjit-singh-2010,Paramjit Singh,2010,life-work,67,https://clevelandinternationalhalloffame.com/paramjit-singh-2010/,Paramjit Singh has and continues to provide his personal and professional time as a volunteer to add value...,staff-draft-only
pat-dowd-2023,Pat Dowd,2023,early-life,75,https://clevelandinternationalhalloffame.com/pat-dowd/,Pat Dowd is the daughter of the late Tom and Millie Dowd and the oldest in her family...,staff-draft-only
pat-dowd-2023,Pat Dowd,2023,education,130,https://clevelandinternationalhalloffame.com/pat-dowd/,Patricia Dowd is well known throughout the Irish American community for promoting the culture and her ongoing support...,staff-draft-only
pat-dowd-2023,Pat Dowd,2023,life-work,87,https://clevelandinternationalhalloffame.com/pat-dowd/,Pat is a charter member of the Irish American Club East Side. She has served as an officer...,staff-draft-only
pat-dowd-2023,Pat Dowd,2023,biographical-context,41,https://clevelandinternationalhalloffame.com/pat-dowd/,"Pat was also a member of the Famine Memorial Committee. The Irish Famine Memorial monument, and surrounding area...",staff-draft-only
pat-dowd-2023,Pat Dowd,2023,recognition,30,https://clevelandinternationalhalloffame.com/pat-dowd/,Her work promoting Irish culture has been recognized by many. She was honored as the 2002 St. Patrick’s...,staff-draft-only
pat-dowd-2023,Pat Dowd,2023,community-service,47,https://clevelandinternationalhalloffame.com/pat-dowd/,"She was honored by the Irish American Archives Society who summarized: “Whatever needs to be done, Pat is...",staff-draft-only
paul-burik-2019,Paul Burik,2019,early-life,81,https://clevelandinternationalhalloffame.com/paul-burik/,"Paul Burik was born in the city of Budvar – yes, the namesake of Budweiser Beer, in what...",staff-draft-only
paul-burik-2019,Paul Burik,2019,life-work,91,https://clevelandinternationalhalloffame.com/paul-burik/,Paul is past president of the Cleveland Cultural Gardens Federation – umbrella organization of the 30 nationality gardens...,staff-draft-only
paul-burik-2019,Paul Burik,2019,life-work,51,https://clevelandinternationalhalloffame.com/paul-burik/,"In his home town of Avon, Mr. Burik is past president of the French Creek Foundation, an organization...",staff-draft-only
paul-burik-2019,Paul Burik,2019,education,53,https://clevelandinternationalhalloffame.com/paul-burik/,"Click on the white arrow to watch the video as Master of Ceremonies Chris Tanaka, news anchor of...",staff-draft-only
paul-sciria-2010,Paul Sciria,2010,early-life,123,https://clevelandinternationalhalloffame.com/paul-sciria-2010/,"Born to Sicilian immigrants, Angelo and Felicia Sciria, on November 3, 1928, Paul Angelo Sciria was welcomed to...",staff-draft-only
paul-sciria-2010,Paul Sciria,2010,community-service,59,https://clevelandinternationalhalloffame.com/paul-sciria-2010/,"In 1992, Sciria acquired LA GAZZETTA ITALIANA, becoming the paper’s main writer, editor and advertising and subscription salesperson....",staff-draft-only
paul-sciria-2010,Paul Sciria,2010,life-work,117,https://clevelandinternationalhalloffame.com/paul-sciria-2010/,"Paul says, “I am so proud to live in the best of two worlds. I am totally gratified...",staff-draft-only
paul-sciria-2010,Paul Sciria,2010,life-work,91,https://clevelandinternationalhalloffame.com/paul-sciria-2010/,They didn’t profile a John Basilone who won the Congressional Medal of Honor and Navy Cross – an...,staff-draft-only
paul-sciria-2010,Paul Sciria,2010,community-service,72,https://clevelandinternationalhalloffame.com/paul-sciria-2010/,I’ve played such a minor role – because other Italians gave me the opportunity to create and help...,staff-draft-only
paul-sciria-2010,Paul Sciria,2010,biographical-context,30,https://clevelandinternationalhalloffame.com/paul-sciria-2010/,Italians have contributed more than their share to the fabric and well being of our society and without...,staff-draft-only
pierre-bejjani-2023,Pierre Bejjani,2023,early-life,79,https://clevelandinternationalhalloffame.com/pierre-bejjani/,Pierre Bejjani is the Managing Director and Executive Editor of Profile News Ohio and the Senior Partner of...,staff-draft-only
pierre-bejjani-2023,Pierre Bejjani,2023,life-work,45,https://clevelandinternationalhalloffame.com/pierre-bejjani/,Pierre has long been involved in the region’s diversity and immigration initiative. He was the recipient of Crain’s...,staff-draft-only
pierre-bejjani-2023,Pierre Bejjani,2023,community-service,44,https://clevelandinternationalhalloffame.com/pierre-bejjani/,In June 2016 he was honored to be recognized as Immigrant of the Month by Global Cleveland. He...,staff-draft-only
pierre-bejjani-2023,Pierre Bejjani,2023,life-work,42,https://clevelandinternationalhalloffame.com/pierre-bejjani/,Pierre was one of the Founders and Board Members and currently serves as Vice President of the Worldwide...,staff-draft-only
pierre-bejjani-2023,Pierre Bejjani,2023,life-work,45,https://clevelandinternationalhalloffame.com/pierre-bejjani/,"Currently he is the President of the Cleveland American Middle Eastern Organization (CAMEO) est. 1970, a nonpartisan, nonsectarian...",staff-draft-only
pierre-bejjani-2023,Pierre Bejjani,2023,community-service,31,https://clevelandinternationalhalloffame.com/pierre-bejjani/,"Founder and Chairman of the American Lebanese Community Council , which promotes Lebanese heritage and traditions and is...",staff-draft-only
pierre-bejjani-2023,Pierre Bejjani,2023,community-service,59,https://clevelandinternationalhalloffame.com/pierre-bejjani/,"A strong supporter of the arts community, Pierre serves on the Executive Board of the Cleveland Cultural Garden...",staff-draft-only
pierre-bejjani-2023,Pierre Bejjani,2023,life-work,56,https://clevelandinternationalhalloffame.com/pierre-bejjani/,Pierre is a member of the advisory board for the U.S. Army Grass Roots Recruiting Battalion of Northern...,staff-draft-only
raj-aggarwal-2025,Raj Aggarwal,2025,education,64,https://clevelandinternationalhalloffame.com/raj-aggarwal/,"He holds a mechanical engineering degree from the Indian Institute of Technology, Delhi, an MBA and PhD in...",staff-draft-only
raj-aggarwal-2025,Raj Aggarwal,2025,life-work,67,https://clevelandinternationalhalloffame.com/raj-aggarwal/,"Raj has served on business boards for Manco/Henkel DIY Inc., Ancora Trust Mutual Funds/Maxxus Investments (each for a...",staff-draft-only
raj-aggarwal-2025,Raj Aggarwal,2025,education,58,https://clevelandinternationalhalloffame.com/raj-aggarwal/,"His nonprofit volunteer and board service spans organizations like Ideastream Public Media, Kent State University Foundation, Goodwill Industries,...",staff-draft-only
raj-aggarwal-2025,Raj Aggarwal,2025,education,70,https://clevelandinternationalhalloffame.com/raj-aggarwal/,"In terms of scholarly impact, with over 11,000 citations, according to a Stanford University study Raj is among...",staff-draft-only
raj-aggarwal-2025,Raj Aggarwal,2025,education,71,https://clevelandinternationalhalloffame.com/raj-aggarwal/,Raj has been the business dean at the University of Akron and held Professor and endowed chair titles...,staff-draft-only
ralph-j-perk-2011,Ralph J. Perk,2011,biographical-context,95,https://clevelandinternationalhalloffame.com/mayor-ralph-perk-2011/,"Before becoming Mayor, Perk served Ward 13 (Broadway/East 55th area) as its council member for five terms. In...",staff-draft-only
ralph-j-perk-2011,Ralph J. Perk,2011,biographical-context,56,https://clevelandinternationalhalloffame.com/mayor-ralph-perk-2011/,"He was respected not only in Cleveland, but on a national level often being welcomed into the halls...",staff-draft-only
ralph-j-perk-2011,Ralph J. Perk,2011,biographical-context,60,https://clevelandinternationalhalloffame.com/mayor-ralph-perk-2011/,"He was a strong proponent of regionalism of public services, and thus created the Northeast Ohio Regional Sewer...",staff-draft-only
ralph-j-perk-2011,Ralph J. Perk,2011,life-work,68,https://clevelandinternationalhalloffame.com/mayor-ralph-perk-2011/,"Mayor Perk never knew the boundaries of race, ethnicity or religion. Perk organized and ran the American Nationalities...",staff-draft-only
ralph-j-perk-2011,Ralph J. Perk,2011,early-life,74,https://clevelandinternationalhalloffame.com/mayor-ralph-perk-2011/,Perk is said to reflect the best of all things Cleveland. He lived in his Broadway-Fleet home with...,staff-draft-only
ralph-j-perk-2011,Ralph J. Perk,2011,life-work,68,https://clevelandinternationalhalloffame.com/mayor-ralph-perk-2011/,A man with deep insight into Cleveland’s future he established the Office of International Trade at City Hall....,staff-draft-only
ralph-perk-jr-2018,Ralph Perk Jr.,2018,early-life,74,https://clevelandinternationalhalloffame.com/inductees-europe/ralph-perk-jr/,"Ralph Perk, Jr was born during World War II in Cleveland, Ohio as the eldest son to Lucy...",staff-draft-only
ralph-perk-jr-2018,Ralph Perk Jr.,2018,education,78,https://clevelandinternationalhalloffame.com/inductees-europe/ralph-perk-jr/,Mr. Perk attended Our Lady of Lourdes Grade school and High School and graduated in 1963. He went...,staff-draft-only
ralph-perk-jr-2018,Ralph Perk Jr.,2018,education,114,https://clevelandinternationalhalloffame.com/inductees-europe/ralph-perk-jr/,"Ralph Perk started his public service career in November 1967 as the youngest, at that time, elected Cleveland...",staff-draft-only
ralph-perk-jr-2018,Ralph Perk Jr.,2018,biographical-context,84,https://clevelandinternationalhalloffame.com/inductees-europe/ralph-perk-jr/,In early 1991 Perk was appointed to the Cleveland Municipal Court by then Governor George V. Voinovich. Judge...,staff-draft-only
ralph-perk-jr-2018,Ralph Perk Jr.,2018,life-work,105,https://clevelandinternationalhalloffame.com/inductees-europe/ralph-perk-jr/,He is a member of many nationality organizations while currently serving as president of the American Nationalities Movement...,staff-draft-only
ralph-perk-jr-2018,Ralph Perk Jr.,2018,life-work,109,https://clevelandinternationalhalloffame.com/inductees-europe/ralph-perk-jr/,"As president of the American Nationalities Movement, he has highlighted the lives and deeds of numerous ethnic leaders...",staff-draft-only
ralph-perk-jr-2018,Ralph Perk Jr.,2018,recognition,74,https://clevelandinternationalhalloffame.com/inductees-europe/ralph-perk-jr/,"He has also been honored by many organizations, most recently: Man of the Year by the Merchants Guild...",staff-draft-only
ralph-perk-jr-2018,Ralph Perk Jr.,2018,biographical-context,38,https://clevelandinternationalhalloffame.com/inductees-europe/ralph-perk-jr/,Ralph J. (Rocky) Perk Jr. was inducted into the 2018 Class of the Cleveland International Hall of Fame...,staff-draft-only
ramesh-shah-2020,Ramesh Shah,2020,early-life,152,https://clevelandinternationalhalloffame.com/ramesh-shah/,"Over the past 20 years, he has organized teams of physicians and volunteers for medical missions in underdeveloped...",staff-draft-only
ramesh-shah-2020,Ramesh Shah,2020,education,149,https://clevelandinternationalhalloffame.com/ramesh-shah/,"In addition, Ramesh has been a dedicated volunteer with groups that teach entrepreneurship and professional skills to kids...",staff-draft-only
ramesh-shah-2020,Ramesh Shah,2020,community-service,93,https://clevelandinternationalhalloffame.com/ramesh-shah/,"Ramesh has been a proud member of the Cleveland Rotary for more than ten years, and is deeply...",staff-draft-only
ramesh-shah-2020,Ramesh Shah,2020,early-life,106,https://clevelandinternationalhalloffame.com/ramesh-shah/,All of this compassion is rooted in perspective gained through the tremendous change he has experienced in his...,staff-draft-only
ramesh-shah-2020,Ramesh Shah,2020,community-service,52,https://clevelandinternationalhalloffame.com/ramesh-shah/,"As you know, Covid-19 forced the always sold out induction ceremonies to be cancelled in 2020 and 2021...",staff-draft-only
ramesh-shah-2020,Ramesh Shah,2020,biographical-context,33,https://clevelandinternationalhalloffame.com/ramesh-shah/,"At the virtual induction, Ramesh Shah told his fascinating story. Watch the video below of the induction and...",staff-draft-only
ramesh-shah-2020,Ramesh Shah,2020,community-service,42,https://clevelandinternationalhalloffame.com/inductees/ramesh-shah/,Watch Cleveland International Hall of Fame (CIHF) co-founder Dan Hanson explain the CIHF and the virtual induction. Dan...,staff-draft-only
ramesh-shah-2020,Ramesh Shah,2020,community-service,43,https://clevelandinternationalhalloffame.com/inductees/ramesh-shah/,Ramesh Shah was inducted by Federation of India Community Associations (FICA Cleveland) Board Chairman Sudarshan Sathe who congratulated...,staff-draft-only
ramesh-shah-2020,Ramesh Shah,2020,biographical-context,30,https://clevelandinternationalhalloffame.com/inductees/ramesh-shah/,Then Ramesh Shah told his fascinating story. Watch the video below of the induction and Ramesh Shah giving...,staff-draft-only
ratanjit-s-sondhe-2013,Ratanjit S. Sondhe,2013,education,91,https://clevelandinternationalhalloffame.com/ratanjit-sondhe-2013/,Ratanjit S. Sondhe emigrated from India in 1968 with two Masters’ degrees and $8 in his pocket to...,staff-draft-only
ratanjit-s-sondhe-2013,Ratanjit S. Sondhe,2013,biographical-context,74,https://clevelandinternationalhalloffame.com/ratanjit-sondhe-2013/,"His pioneering work on ONENESS, resulting in leadership from within while living and operating stress free, gave him...",staff-draft-only
ratanjit-s-sondhe-2013,Ratanjit S. Sondhe,2013,life-work,57,https://clevelandinternationalhalloffame.com/ratanjit-sondhe-2013/,"Today, Ratanjit is a sought after professional speaker, author, radio and television personality, leadership coach, and a business...",staff-draft-only
ratanjit-s-sondhe-2013,Ratanjit S. Sondhe,2013,life-work,69,https://clevelandinternationalhalloffame.com/ratanjit-sondhe-2013/,"Ratanjit has been the recipient of many local, national and international awards, including induction into the Ohio Civil...",staff-draft-only
ratanjit-s-sondhe-2013,Ratanjit S. Sondhe,2013,recognition,54,https://clevelandinternationalhalloffame.com/ratanjit-sondhe-2013/,"In 2006, Ratanjit was awarded the Pride of India Gold Award by the NRI Institute, a world-wide entity,...",staff-draft-only
ratanjit-s-sondhe-2013,Ratanjit S. Sondhe,2013,community-service,37,https://clevelandinternationalhalloffame.com/ratanjit-sondhe-2013/,He is committed to community service and devotes many hours and resources to active participation on the boards...,staff-draft-only
ray-pianka-2018,Ray Pianka,2018,biographical-context,48,https://clevelandinternationalhalloffame.com/inductees-europe/ray-pianka/,"“Dla chcacego nic trudnego” is Polish for “Where there’s a will, there’s a way”. Judge Raymond L. Pianka...",staff-draft-only
ray-pianka-2018,Ray Pianka,2018,education,40,https://clevelandinternationalhalloffame.com/inductees-europe/ray-pianka/,"Ray Pianka was always about public service. The author Alex Kotlowitz described him as “humble, a student of...",staff-draft-only
ray-pianka-2018,Ray Pianka,2018,community-service,100,https://clevelandinternationalhalloffame.com/inductees-europe/ray-pianka/,"As a young man, Ray Pianka organized residents on West Clinton Avenue, his street on the west side...",staff-draft-only
ray-pianka-2018,Ray Pianka,2018,education,55,https://clevelandinternationalhalloffame.com/inductees-europe/ray-pianka/,"Educated in Cleveland public schools, Ray Pianka graduated from the old West High, where he met Karen Olson,...",staff-draft-only
ray-pianka-2018,Ray Pianka,2018,community-service,36,https://clevelandinternationalhalloffame.com/inductees-europe/ray-pianka/,"Pianka was a key player in many economic development and community projects, and was instrumental in saving the...",staff-draft-only
ray-pianka-2018,Ray Pianka,2018,community-service,61,https://clevelandinternationalhalloffame.com/inductees-europe/ray-pianka/,Ray Pianka first ran for Cleveland City Council in 1985 because he felt that his neighborhood wasn’t getting...,staff-draft-only
ray-pianka-2018,Ray Pianka,2018,biographical-context,53,https://clevelandinternationalhalloffame.com/inductees-europe/ray-pianka/,"As a Councilman, his hallmark was his accessibility to his neighbors, even on one Christmas Eve evening when...",staff-draft-only
ray-pianka-2018,Ray Pianka,2018,community-service,77,https://clevelandinternationalhalloffame.com/inductees-europe/ray-pianka/,"He championed neighborhood development and sought innovative ways to help the community. For example, he used block grant...",staff-draft-only
rev-mikhail-mikhail-2016,Rev. Mikhail Mikhail,2016,early-life,101,https://clevelandinternationalhalloffame.com/induction-event-info/rev-mikhail-mikhail/,"The Very Rev. Fr. Mikhail Edward Mikhail, D. Min. was born in Cairo, Egypt on August 2, 1949....",staff-draft-only
rev-mikhail-mikhail-2016,Rev. Mikhail Mikhail,2016,education,89,https://clevelandinternationalhalloffame.com/induction-event-info/rev-mikhail-mikhail/,"He excelled in his studies and in his ministry, building friendships with faculty and students that would last...",staff-draft-only
rev-mikhail-mikhail-2016,Rev. Mikhail Mikhail,2016,early-life,96,https://clevelandinternationalhalloffame.com/induction-event-info/rev-mikhail-mikhail/,"On April 30, 1975, Fr. Mikhail and his wife Seham, who was six months pregnant with their first...",staff-draft-only
rev-mikhail-mikhail-2016,Rev. Mikhail Mikhail,2016,early-life,115,https://clevelandinternationalhalloffame.com/induction-event-info/rev-mikhail-mikhail/,In 1981 he was elevated to the rank of Archpriest by Pope Shenouda. In 1984 he received a...,staff-draft-only
rev-mikhail-mikhail-2016,Rev. Mikhail Mikhail,2016,life-work,99,https://clevelandinternationalhalloffame.com/induction-event-info/rev-mikhail-mikhail/,"Under his pastoral care, the Coptic Orthodox Community in North East Ohio has grown from 50 families in...",staff-draft-only
rev-mikhail-mikhail-2016,Rev. Mikhail Mikhail,2016,early-life,102,https://clevelandinternationalhalloffame.com/reverend-mikhail-mikhail-2016/,"The Very Rev. Fr. Mikhail Edward Mikhail , D. Min. was born in Cairo, Egypt on August 2,...",staff-draft-only
rev-mikhail-mikhail-2016,Rev. Mikhail Mikhail,2016,education,89,https://clevelandinternationalhalloffame.com/reverend-mikhail-mikhail-2016/,"He excelled in his studies and in his ministry, building friendships with faculty and students that would last...",staff-draft-only
rev-mikhail-mikhail-2016,Rev. Mikhail Mikhail,2016,early-life,96,https://clevelandinternationalhalloffame.com/reverend-mikhail-mikhail-2016/,"On April 30, 1975, Fr. Mikhail and his wife Seham, who was six months pregnant with their first...",staff-draft-only
rev-mikhail-mikhail-2016,Rev. Mikhail Mikhail,2016,early-life,115,https://clevelandinternationalhalloffame.com/reverend-mikhail-mikhail-2016/,In 1981 he was elevated to the rank of Archpriest by Pope Shenouda. In 1984 he received a...,staff-draft-only
rev-mikhail-mikhail-2016,Rev. Mikhail Mikhail,2016,community-service,33,https://clevelandinternationalhalloffame.com/reverend-mikhail-mikhail-2016/,"Under his pastoral care, the Coptic Orthodox Community in North East Ohio has grown from 50 families in...",staff-draft-only
rev-mikhail-mikhail-2016,Rev. Mikhail Mikhail,2016,life-work,65,https://clevelandinternationalhalloffame.com/reverend-mikhail-mikhail-2016/,Fr. Mikhail and his wife Seham are the proud parents of two attorneys; Bishoy (Executive Director of International...,staff-draft-only
rev-mikhail-mikhail-2016,Rev. Mikhail Mikhail,2016,biographical-context,49,https://clevelandinternationalhalloffame.com/reverend-mikhail-mikhail-2016/,Fr. Mikhail Edward Mikhail was inducted into the 2016 Class of the Cleveland International Hall of Fame on...,staff-draft-only
rev-mikhail-mikhail-2016,Rev. Mikhail Mikhail,2016,biographical-context,35,https://clevelandinternationalhalloffame.com/reverend-mikhail-mikhail-2016/,Cleveland International Hall of Fame MC Dan Hanson from ClevelandPeople.Com read part of a proclamation from the Egyptian...,staff-draft-only
reverend-dr-otis-moss-jr-2011,"Reverend Dr. Otis Moss, Jr.",2011,early-life,56,https://clevelandinternationalhalloffame.com/reverend-dr-otis-moss-jr-2011/,"Theologian, pastor and civic leader, the Reverend Dr. Otis Moss, Jr. is one of America’s most influential leaders....",staff-draft-only
reverend-dr-otis-moss-jr-2011,"Reverend Dr. Otis Moss, Jr.",2011,biographical-context,69,https://clevelandinternationalhalloffame.com/reverend-dr-otis-moss-jr-2011/,"In 2008, Reverend Moss retired from Olivet Institutional Baptist Church located in Cleveland, Ohio following thirty-three years of...",staff-draft-only
reverend-dr-otis-moss-jr-2011,"Reverend Dr. Otis Moss, Jr.",2011,education,95,https://clevelandinternationalhalloffame.com/reverend-dr-otis-moss-jr-2011/,"Reverend Moss has been actively involved in advocating for the achievement of education, civil and human rights and...",staff-draft-only
reverend-dr-otis-moss-jr-2011,"Reverend Dr. Otis Moss, Jr.",2011,life-work,101,https://clevelandinternationalhalloffame.com/reverend-dr-otis-moss-jr-2011/,"His work in the international community has taken him to Hong Kong, Brazil, Taiwan, Japan, West Africa, South...",staff-draft-only
reverend-dr-otis-moss-jr-2011,"Reverend Dr. Otis Moss, Jr.",2011,early-life,118,https://clevelandinternationalhalloffame.com/reverend-dr-otis-moss-jr-2011/,"Reverend Moss is the recipient of numerous awards, including the Role Model of the Year Award from the...",staff-draft-only
reverend-dr-otis-moss-jr-2011,"Reverend Dr. Otis Moss, Jr.",2011,life-work,72,https://clevelandinternationalhalloffame.com/reverend-dr-otis-moss-jr-2011/,"His service to Ohio and the United States has been recognized by Governors of Ohio, the Ohio House...",staff-draft-only
reverend-dr-otis-moss-jr-2011,"Reverend Dr. Otis Moss, Jr.",2011,education,86,https://clevelandinternationalhalloffame.com/reverend-dr-otis-moss-jr-2011/,"Dr. Moss is a life member of the National Association for the Advancement of Colored People (NAACP), Alpha...",staff-draft-only
reverend-dr-otis-moss-jr-2011,"Reverend Dr. Otis Moss, Jr.",2011,biographical-context,35,https://clevelandinternationalhalloffame.com/reverend-dr-otis-moss-jr-2011/,"Reverend Moss is married to Mrs. Edwina Hudson Moss and is the Father of Kevin Moss, Daphne Moss...",staff-draft-only
richard-a-ganim-2015,Richard A. Ganim,2015,early-life,58,https://clevelandinternationalhalloffame.com/richard-ganim-2015/,"Richard A. Ganim was born in Cleveland, Ohio in 1926, the second youngest of twelve children. His parents...",staff-draft-only
richard-a-ganim-2015,Richard A. Ganim,2015,life-work,44,https://clevelandinternationalhalloffame.com/richard-ganim-2015/,He proudly served our country during World War II in the Army Airborne Division. Along with two of...,staff-draft-only
richard-a-ganim-2015,Richard A. Ganim,2015,early-life,50,https://clevelandinternationalhalloffame.com/richard-ganim-2015/,"Later, in the 1960’s along with his commitment to the family business, he also became involved in local...",staff-draft-only
richard-a-ganim-2015,Richard A. Ganim,2015,early-life,37,https://clevelandinternationalhalloffame.com/richard-ganim-2015/,"In 1985, he and his wife moved to the beautiful state of Florida and established another family owned...",staff-draft-only
richard-a-ganim-2015,Richard A. Ganim,2015,life-work,39,https://clevelandinternationalhalloffame.com/richard-ganim-2015/,Richard has been involved in many organizations such as President and treasurer of our church council and President...,staff-draft-only
richard-a-ganim-2015,Richard A. Ganim,2015,community-service,31,https://clevelandinternationalhalloffame.com/richard-ganim-2015/,"Richard says “My focus has always been through my faith in God, to work with local, state, and...",staff-draft-only
richard-a-ganim-2015,Richard A. Ganim,2015,biographical-context,63,https://clevelandinternationalhalloffame.com/richard-ganim-2015/,Mayor Richard A. Ganim was inducted into the 2015 Class of the Cleveland International Hall of Fame on...,staff-draft-only
richard-fleischman-2019,Richard Fleischman,2019,early-life,90,https://clevelandinternationalhalloffame.com/richard-fleischman/,"Born in Cleveland in 1928, Richard Fleischman was encouraged to study architecture at a young age by an...",staff-draft-only
richard-fleischman-2019,Richard Fleischman,2019,education,68,https://clevelandinternationalhalloffame.com/richard-fleischman/,Fleischman has completed more than 480 projects and won over 120 awards. He was elected to the College...,staff-draft-only
richard-fleischman-2019,Richard Fleischman,2019,education,55,https://clevelandinternationalhalloffame.com/richard-fleischman/,"In addition to designing new and recycling old buildings, Fleischman has been called the Master Church Designer. He...",staff-draft-only
richard-fleischman-2019,Richard Fleischman,2019,biographical-context,64,https://clevelandinternationalhalloffame.com/richard-fleischman/,"In the forward to Maurizio Vitta’s 1996 book, Richard Fleischman: Spaces to be Shared , Fleischman is quoted...",staff-draft-only
richard-fleischman-2019,Richard Fleischman,2019,biographical-context,34,https://clevelandinternationalhalloffame.com/richard-fleischman/,"Click on the white arrow to watch the video as Master of Ceremonies Chris Tanaka, news anchor of...",staff-draft-only
robert-j-haas-2010,Robert J. Haas,2010,early-life,118,https://clevelandinternationalhalloffame.com/robert-j-haas-2010/,Robert (Bob) Haas was born and raised on Cleveland’s west side. Married for 17 years to his wife...,staff-draft-only
robert-j-haas-2010,Robert J. Haas,2010,life-work,62,https://clevelandinternationalhalloffame.com/robert-j-haas-2010/,"To say that Bob is retired, however, is a bit of a misnomer. Currently he is the Executive...",staff-draft-only
robert-j-haas-2010,Robert J. Haas,2010,early-life,41,https://clevelandinternationalhalloffame.com/robert-j-haas-2010/,Some of his fondest memories are of times spent enjoying German food and music with his family at...,staff-draft-only
robert-j-haas-2010,Robert J. Haas,2010,biographical-context,79,https://clevelandinternationalhalloffame.com/robert-j-haas-2010/,"As a Police officer, he worked at the Oktoberfests held by Steve Bencic at the Cuyahoga County Fairgrounds,...",staff-draft-only
robert-j-haas-2010,Robert J. Haas,2010,biographical-context,37,https://clevelandinternationalhalloffame.com/robert-j-haas-2010/,"Despite financial difficulty, a tough economy and population drain, the Cleveland Oktoberfest has over the past five years...",staff-draft-only
robert-j-haas-2010,Robert J. Haas,2010,life-work,57,https://clevelandinternationalhalloffame.com/robert-j-haas-2010/,"While organizing the Oktoberfest, Bob noticed that several other long-held cultural festivals in the Cleveland area were experiencing...",staff-draft-only
robert-j-haas-2010,Robert J. Haas,2010,biographical-context,64,https://clevelandinternationalhalloffame.com/robert-j-haas-2010/,"“It is one of the features of the Oktoberfest that I am most proud of,” said Mr. Haas....",staff-draft-only
robert-j-haas-2010,Robert J. Haas,2010,community-service,65,https://clevelandinternationalhalloffame.com/robert-j-haas-2010/,"What most impresses Mr. Haas isn’t the dramatic intra-cultural dissimilarities in geographic origin, music, cuisine, language, or traditional...",staff-draft-only
sam-kim-2017,Sam Kim,2017,early-life,66,https://clevelandinternationalhalloffame.com/inductees-asia/sam-kim/,"As a young man, he served in the Vietnam War in 1969 and fought for the South Korean...",staff-draft-only
sam-kim-2017,Sam Kim,2017,early-life,71,https://clevelandinternationalhalloffame.com/inductees-asia/sam-kim/,"After residing in New Jersey for a short while, together with his wife, young son and daughter they...",staff-draft-only
sam-kim-2017,Sam Kim,2017,early-life,66,https://clevelandinternationalhalloffame.com/inductees-asia/sam-kim/,"In the 90s, the family relocated to Erie, Pennsylvania where his strong work ethic continued. Mr. Kim not...",staff-draft-only
sam-kim-2017,Sam Kim,2017,life-work,65,https://clevelandinternationalhalloffame.com/inductees-asia/sam-kim/,"At the start of the new millennium, Mr. Kim decided to reinvented himself and become an entrepreneur. He...",staff-draft-only
sam-kim-2017,Sam Kim,2017,life-work,48,https://clevelandinternationalhalloffame.com/inductees-asia/sam-kim/,"In 2009, Mr Kim was elected President of the Korean American Association of Greater Cleveland. As President, he...",staff-draft-only
sam-kim-2017,Sam Kim,2017,biographical-context,36,https://clevelandinternationalhalloffame.com/inductees-asia/sam-kim/,Sam Kim was inducted into the 2017 Class of the Cleveland International Hall of Fame on the evening...,staff-draft-only
samuel-h-miller-2013,Samuel H. Miller,2013,life-work,66,https://clevelandinternationalhalloffame.com/sam-miller-2013/,"Samuel H. Miller is co-chairman emeritus of Forest City Enterprises, Inc. A key stakeholder since 1947, Miller has...",staff-draft-only
samuel-h-miller-2013,Samuel H. Miller,2013,education,70,https://clevelandinternationalhalloffame.com/sam-miller-2013/,"In addition to his commitment to Forest City, Miller is actively engaged in the Cleveland community and is...",staff-draft-only
samuel-h-miller-2013,Samuel H. Miller,2013,education,66,https://clevelandinternationalhalloffame.com/sam-miller-2013/,"In addition, Miller is a Lifetime Honorary Trustee of the Jewish Community Federation of Cleveland and National Conference...",staff-draft-only
samuel-h-miller-2013,Samuel H. Miller,2013,life-work,59,https://clevelandinternationalhalloffame.com/sam-miller-2013/,"Nacy Panzica has been in the construction industry for over 60 years. Through his guidance and leadership, Panzica...",staff-draft-only
samuel-h-miller-2013,Samuel H. Miller,2013,education,60,https://clevelandinternationalhalloffame.com/sam-miller-2013/,• Arthritis Foundation of Greater Cleveland – 2002 Community Leader of the Year • Catholic Charities Corporation –...,staff-draft-only
senator-george-voinovich-2010,Senator George Voinovich,2010,biographical-context,131,https://clevelandinternationalhalloffame.com/senator-george-voinovich-2010/,"From his time as member of the Ohio House of Representatives, Cuyahoga County Commissioner, Lieutenant Governor of Ohio,...",staff-draft-only
senator-george-voinovich-2010,Senator George Voinovich,2010,biographical-context,63,https://clevelandinternationalhalloffame.com/senator-george-voinovich-2010/,"Over the last decade, Senator Voinovich has also been actively involved in crafting America’s foreign and national security...",staff-draft-only
senator-george-voinovich-2010,Senator George Voinovich,2010,community-service,48,https://clevelandinternationalhalloffame.com/senator-george-voinovich-2010/,Senator Voinovich played a leadership role in strengthening and enlarging the North Atlantic Treaty Organization (NATO) Alliance and...,staff-draft-only
senator-george-voinovich-2010,Senator George Voinovich,2010,biographical-context,61,https://clevelandinternationalhalloffame.com/senator-george-voinovich-2010/,"Senator Voinovich has also carried the banners of advancing U.N. reform, strengthening U.S. public diplomacy, promoting lasting peace...",staff-draft-only
senator-george-voinovich-2010,Senator George Voinovich,2010,community-service,43,https://clevelandinternationalhalloffame.com/senator-george-voinovich-2010/,Proud of his Serbian father (who was secretary of the Yugoslav Cultural garden in the 1930’s) and his...,staff-draft-only
sheila-murphy-crawford-2018,Sheila Murphy Crawford,2018,early-life,55,https://clevelandinternationalhalloffame.com/inductees-europe/sheila-murphy-crawford/,"Sheila Murphy was born to Ollie and Betty Murphy in Cleveland, Ohio. She was the youngest of four...",staff-draft-only
sheila-murphy-crawford-2018,Sheila Murphy Crawford,2018,early-life,57,https://clevelandinternationalhalloffame.com/inductees-europe/sheila-murphy-crawford/,"Christ the King was the family parish and grade school on the east side, then she attended Regina...",staff-draft-only
sheila-murphy-crawford-2018,Sheila Murphy Crawford,2018,education,47,https://clevelandinternationalhalloffame.com/inductees-europe/sheila-murphy-crawford/,Sheila taught English at Brush High School for 32 years and coached the majorette corps for 20 years....,staff-draft-only
sheila-murphy-crawford-2018,Sheila Murphy Crawford,2018,education,54,https://clevelandinternationalhalloffame.com/inductees-europe/sheila-murphy-crawford/,"After being certified as an Irish dance teacher and adjudicator by An Coimmisiun in Ireland, she founded the...",staff-draft-only
sheila-murphy-crawford-2018,Sheila Murphy Crawford,2018,community-service,83,https://clevelandinternationalhalloffame.com/inductees-europe/sheila-murphy-crawford/,The Murphy Irish Dancers are known for bringing Irish culture to the community through their highly skilled dancers...,staff-draft-only
sheila-murphy-crawford-2018,Sheila Murphy Crawford,2018,education,50,https://clevelandinternationalhalloffame.com/inductees-europe/sheila-murphy-crawford/,"Following in her mother’s footsteps, Sheila served five terms as President of the Ladies Ancient Order of Hibernians,...",staff-draft-only
sheila-murphy-crawford-2018,Sheila Murphy Crawford,2018,life-work,74,https://clevelandinternationalhalloffame.com/inductees-europe/sheila-murphy-crawford/,Her parents were very active in the Irish Cultural Garden. In 1993 Sheila became the Director of the...,staff-draft-only
sheila-murphy-crawford-2018,Sheila Murphy Crawford,2018,community-service,30,https://clevelandinternationalhalloffame.com/inductees-europe/sheila-murphy-crawford/,She chaired the One World Day celebration the past two years which brought twenty thousand visitors to the...,staff-draft-only
shiv-k-aggarwal-2015,Shiv K. Aggarwal,2015,early-life,41,https://clevelandinternationalhalloffame.com/shiv-k-aggarwal-2015/,"Shiv Aggarwal was born in India, received degrees of B.A (Hons) from University of Delhi and Master of...",staff-draft-only
shiv-k-aggarwal-2015,Shiv K. Aggarwal,2015,community-service,65,https://clevelandinternationalhalloffame.com/shiv-k-aggarwal-2015/,"He has spent about 60 years in Cleveland, OH as a Community Organizer and helped the communities in...",staff-draft-only
shiv-k-aggarwal-2015,Shiv K. Aggarwal,2015,education,51,https://clevelandinternationalhalloffame.com/shiv-k-aggarwal-2015/,"During 1960’s, Cleveland became a tinder box of violence. In 1966, the worst violence took place around the...",staff-draft-only
shiv-k-aggarwal-2015,Shiv K. Aggarwal,2015,biographical-context,96,https://clevelandinternationalhalloffame.com/shiv-k-aggarwal-2015/,"Shiv organized Collinwood Youth Association, and embarked upon a massive outreach to involve youths & adults in meaningful...",staff-draft-only
shiv-k-aggarwal-2015,Shiv K. Aggarwal,2015,life-work,52,https://clevelandinternationalhalloffame.com/shiv-k-aggarwal-2015/,Shiv was constantly raising substantial funds; became one of the best fund-raisers. He expanded his community services and...,staff-draft-only
shiv-k-aggarwal-2015,Shiv K. Aggarwal,2015,community-service,93,https://clevelandinternationalhalloffame.com/shiv-k-aggarwal-2015/,Shiv was interested in the unmet needs of Cleveland Community. He developed an innovative outpatient mobilhealth clinic (Doctor...,staff-draft-only
shiv-k-aggarwal-2015,Shiv K. Aggarwal,2015,life-work,82,https://clevelandinternationalhalloffame.com/shiv-k-aggarwal-2015/,"During 1990’s, HIV/AIDS epidemic broke out in the USA; the need for infection control was identified. Shiv founded...",staff-draft-only
shiv-k-aggarwal-2015,Shiv K. Aggarwal,2015,biographical-context,44,https://clevelandinternationalhalloffame.com/shiv-k-aggarwal-2015/,Shiv has been married to Saroj (an Ophthalmologist) for 55 years. His son Dr. Sandeep married to Dr....,staff-draft-only
sister-alicia-alvarado-2018,Sister Alicia Alvarado,2018,early-life,103,https://clevelandinternationalhalloffame.com/inductees-south-america/sister-alicia-alvarado/,"Sister Alicia Alvarado was born in Villalba, Puerto Rico on December 31, 1948, the second child of Felipe...",staff-draft-only
sister-alicia-alvarado-2018,Sister Alicia Alvarado,2018,life-work,105,https://clevelandinternationalhalloffame.com/inductees-south-america/sister-alicia-alvarado/,"Sister Alicia entered the Sisters of St. Dominic of Akron, now the Dominican Sisters of Peace, from San...",staff-draft-only
sister-alicia-alvarado-2018,Sister Alicia Alvarado,2018,life-work,41,https://clevelandinternationalhalloffame.com/inductees-south-america/sister-alicia-alvarado/,"After 6 years in St. Louis, she returned to the area and served as Director of the Hispanic...",staff-draft-only
sister-alicia-alvarado-2018,Sister Alicia Alvarado,2018,community-service,67,https://clevelandinternationalhalloffame.com/inductees-south-america/sister-alicia-alvarado/,Sister Alicia was also Executive Assistant to Cleveland’s first Hispanic Councilman Joe Santiago for ward 14. “Santiago has...,staff-draft-only
sister-alicia-alvarado-2018,Sister Alicia Alvarado,2018,life-work,64,https://clevelandinternationalhalloffame.com/inductees-south-america/sister-alicia-alvarado/,Sister Alicia has received numerous awards for her work in social justice and her ministry among the Hispanic...,staff-draft-only
sister-alicia-alvarado-2018,Sister Alicia Alvarado,2018,education,62,https://clevelandinternationalhalloffame.com/inductees-south-america/sister-alicia-alvarado/,She also belonged to professional societies and memberships including being the First Hispanic woman on the Board of...,staff-draft-only
sister-alicia-alvarado-2018,Sister Alicia Alvarado,2018,biographical-context,36,https://clevelandinternationalhalloffame.com/inductees-south-america/sister-alicia-alvarado/,Sister Alicia Alvarado was inducted into the 2018 Class of the Cleveland International Hall of Fame on the...,staff-draft-only
sree-sreenath-2019,Sree Sreenath,2019,education,106,https://clevelandinternationalhalloffame.com/sree-sreenath/,"Sree N. Sreenath, Ph.D., MNO, is a tenured full professor in the Electrical Engineering and Computer Science Department...",staff-draft-only
sree-sreenath-2019,Sree Sreenath,2019,life-work,101,https://clevelandinternationalhalloffame.com/sree-sreenath/,"He has received many scholarships and awards including the Best Undergraduate Teaching Award, Who’s Who Among Teachers in...",staff-draft-only
sree-sreenath-2019,Sree Sreenath,2019,education,115,https://clevelandinternationalhalloffame.com/sree-sreenath/,"Outside of higher education, Sreenath is active in the social service field and has served as an officer...",staff-draft-only
sree-sreenath-2019,Sree Sreenath,2019,education,41,https://clevelandinternationalhalloffame.com/sree-sreenath/,Professor Sreenath is a practitioner of Vedic Math – ancient Indian Math for over 30 years and has...,staff-draft-only
sree-sreenath-2019,Sree Sreenath,2019,education,40,https://clevelandinternationalhalloffame.com/sree-sreenath/,"Sewa International ( www.sewausa.org ), a Hindu faith-based charitable nonprofit working in the areas of disaster recovery, education...",staff-draft-only
sree-sreenath-2019,Sree Sreenath,2019,early-life,94,https://clevelandinternationalhalloffame.com/sree-sreenath/,"Sewa International has served in rescue, relief and rehabilitation in 25 disasters in the US and overseas, and...",staff-draft-only
sree-sreenath-2019,Sree Sreenath,2019,life-work,49,https://clevelandinternationalhalloffame.com/sree-sreenath/,"Click on the white arrow to watch the video as Master of Ceremonies Chris Tanaka, news anchor of...",staff-draft-only
steve-mulloy-2015,Steve Mulloy,2015,early-life,76,https://clevelandinternationalhalloffame.com/steve-mulloy-2015/,When Stephen L. Mulloy arrived in Cleveland in May 1954 to start a new life thousands of miles...,staff-draft-only
steve-mulloy-2015,Steve Mulloy,2015,early-life,31,https://clevelandinternationalhalloffame.com/steve-mulloy-2015/,"Steve spent 40 years as a member of Building Laborers Local #310, and with his wife, fellow Achill-native...",staff-draft-only
steve-mulloy-2015,Steve Mulloy,2015,life-work,86,https://clevelandinternationalhalloffame.com/steve-mulloy-2015/,"Steve began serving the Irish community here from his arrival, quickly becoming a member of the West Side...",staff-draft-only
steve-mulloy-2015,Steve Mulloy,2015,education,91,https://clevelandinternationalhalloffame.com/steve-mulloy-2015/,Steve also gave his time to a long list of volunteer organizations. In his early years here he...,staff-draft-only
steve-mulloy-2015,Steve Mulloy,2015,biographical-context,53,https://clevelandinternationalhalloffame.com/steve-mulloy-2015/,Steve became known for singing the Irish and American national anthems at ceremonies before each St. Patrick’s Day...,staff-draft-only
steve-mulloy-2015,Steve Mulloy,2015,early-life,49,https://clevelandinternationalhalloffame.com/steve-mulloy-2015/,"Steve also organized funding drives for several Achill charities and organizations, including the Achill Ambulance and Achill Assisted...",staff-draft-only
steve-mulloy-2015,Steve Mulloy,2015,biographical-context,45,https://clevelandinternationalhalloffame.com/steve-mulloy-2015/,"Through all of Steve’s activities, helping others was his overarching goal. He organized fundraisers not only for causes...",staff-draft-only
steve-mulloy-2015,Steve Mulloy,2015,community-service,37,https://clevelandinternationalhalloffame.com/steve-mulloy-2015/,"In 2003, Steve persuaded then-Mayor Jane Campbell to join him in leading a delegation to Mayo to oversee...",staff-draft-only
sudarshan-sathe-2023,Sudarshan Sathe,2023,early-life,49,https://clevelandinternationalhalloffame.com/sudarshan-sathe/,"Sudarshan ( su- dar- shun) Sathe ( Saa-the) earned a bachelor’s degree in chemical engineering, with first division...",staff-draft-only
sudarshan-sathe-2023,Sudarshan Sathe,2023,life-work,65,https://clevelandinternationalhalloffame.com/sudarshan-sathe/,"At the same Alma mater, he earned an MBA in International Business. After doing a series of jobs...",staff-draft-only
sudarshan-sathe-2023,Sudarshan Sathe,2023,biographical-context,46,https://clevelandinternationalhalloffame.com/sudarshan-sathe/,He developed products and processes that he has earned patents for and are used in the Steel industry...,staff-draft-only
sudarshan-sathe-2023,Sudarshan Sathe,2023,education,32,https://clevelandinternationalhalloffame.com/sudarshan-sathe/,He is a member of numerous professional and civic organizations and has supported many causes having to do...,staff-draft-only
sudarshan-sathe-2023,Sudarshan Sathe,2023,education,54,https://clevelandinternationalhalloffame.com/sudarshan-sathe/,"Sudarshan’s philanthropic activities extend to Ekal, the One Teacher Schools, Akshaya Patra the inexhaustible food bowl- lunch program...",staff-draft-only
sudarshan-sathe-2023,Sudarshan Sathe,2023,education,64,https://clevelandinternationalhalloffame.com/sudarshan-sathe/,"To this day, he remains a keen student of India’s History and philosophy and applies the age-old philosophical...",staff-draft-only
sudarshan-sathe-2023,Sudarshan Sathe,2023,recognition,57,https://clevelandinternationalhalloffame.com/sudarshan-sathe/,"He believes in the values of Indian culture and legacy that continue to enrich the world, be it...",staff-draft-only
svetlana-stolyarova-2025,Svetlana Stolyarova,2025,early-life,50,https://clevelandinternationalhalloffame.com/svetlana-stolyarova/,"Svetlana Stolyarova , born in the USSR in 1962, is a visionary leader dedicated to cultural heritage, community...",staff-draft-only
svetlana-stolyarova-2025,Svetlana Stolyarova,2025,life-work,44,https://clevelandinternationalhalloffame.com/svetlana-stolyarova/,"After immigrating to the United States in 1999, Svetlana quickly became a dynamic force within the Russian-speaking and...",staff-draft-only
svetlana-stolyarova-2025,Svetlana Stolyarova,2025,life-work,83,https://clevelandinternationalhalloffame.com/svetlana-stolyarova/,"In 2011, Svetlana co-founded the Russian Cultural Garden, working alongside Dr. Boris Vinogradsky and Sergio Lebid to establish...",staff-draft-only
svetlana-stolyarova-2025,Svetlana Stolyarova,2025,life-work,62,https://clevelandinternationalhalloffame.com/svetlana-stolyarova/,"Beyond her service as the first President and a Board Member (Emeritus) of the Russian Cultural Gardens nonprofit,...",staff-draft-only
svetlana-stolyarova-2025,Svetlana Stolyarova,2025,life-work,76,https://clevelandinternationalhalloffame.com/svetlana-stolyarova/,She is also the driving force behind some of Cleveland’s most cherished cultural events. She founded the Maslenitsa...,staff-draft-only
svetlana-stolyarova-2025,Svetlana Stolyarova,2025,community-service,43,https://clevelandinternationalhalloffame.com/svetlana-stolyarova/,"Through her vision, leadership, and dedication, Svetlana Stolyarova has played a transformative role in Cleveland’s cultural landscape. By...",staff-draft-only
taras-szmagala-2022,Taras Szmagala,2022,early-life,60,https://clevelandinternationalhalloffame.com/taras-szmagala/,"Taras Gregory Szmagala, Sr. was born in Cleveland, Ohio in 1933. The son of Ukrainian immigrants Dmytro and...",staff-draft-only
taras-szmagala-2022,Taras Szmagala,2022,life-work,118,https://clevelandinternationalhalloffame.com/taras-szmagala/,"A lifelong Cleveland resident, Tary took on leadership roles within the national Ukrainian-American community at a young age,...",staff-draft-only
taras-szmagala-2022,Taras Szmagala,2022,education,98,https://clevelandinternationalhalloffame.com/taras-szmagala/,"Tary’s civic involvement has not been limited to the Ukrainian-American community, however. He started his career with Republic...",staff-draft-only
taras-szmagala-2022,Taras Szmagala,2022,life-work,76,https://clevelandinternationalhalloffame.com/taras-szmagala/,"After Sen. Taft’s loss to Howard Metzenbaum in 1976, Tary joined the Greater Cleveland Regional Transit Authority as...",staff-draft-only
taras-szmagala-2022,Taras Szmagala,2022,life-work,99,https://clevelandinternationalhalloffame.com/taras-szmagala/,"Throughout his professional life, Tary never stopped being involved with Ukraine and the Ukrainian-American community. And it was...",staff-draft-only
taras-szmagala-2022,Taras Szmagala,2022,biographical-context,37,https://clevelandinternationalhalloffame.com/taras-szmagala/,"On the evening of June 7, 2022 Taras was honored with induction into the Cleveland International Hall of...",staff-draft-only
thomas-j-scanlon-2014,Thomas J. Scanlon,2014,education,47,https://clevelandinternationalhalloffame.com/thomas-j-scanlon-2014/,"Thomas J. Scanlon received a Bachelor of Arts, Business Administration from John Carroll University in 1959. He then...",staff-draft-only
thomas-j-scanlon-2014,Thomas J. Scanlon,2014,biographical-context,93,https://clevelandinternationalhalloffame.com/thomas-j-scanlon-2014/,He has engaged in the private practice of law in Northeastern Ohio since 1963. The primary focus of...,staff-draft-only
thomas-j-scanlon-2014,Thomas J. Scanlon,2014,education,49,https://clevelandinternationalhalloffame.com/thomas-j-scanlon-2014/,"Scanlon has numerous Professional Affiliations and has received many honors such as Leading Business Lawyers, 2005 to present,...",staff-draft-only
thomas-j-scanlon-2014,Thomas J. Scanlon,2014,community-service,62,https://clevelandinternationalhalloffame.com/thomas-j-scanlon-2014/,Tom Scanlon’s civic and charitable affiliations include a number reflecting his Irish heritage such as leadership roles and...,staff-draft-only
thomas-j-scanlon-2014,Thomas J. Scanlon,2014,education,50,https://clevelandinternationalhalloffame.com/thomas-j-scanlon-2014/,"Tom Scanlon is/has been affiliated with non-Irish organizations as well such as Centers for Families and Children, Cleveland...",staff-draft-only
thomas-j-scanlon-2014,Thomas J. Scanlon,2014,community-service,44,https://clevelandinternationalhalloffame.com/thomas-j-scanlon-2014/,"Whether it’s the Irish Cultural Garden, the Mayo Ball, the Northern Ohio Rose of Tralee or even his...",staff-draft-only
tony-petkovsek-2011,Tony Petkovsek,2011,community-service,52,https://clevelandinternationalhalloffame.com/tony-petkovsek-2011/,"His popular music and community service show, he produces and announces, is interspersed with interviews of civic, travel...",staff-draft-only
tony-petkovsek-2011,Tony Petkovsek,2011,biographical-context,63,https://clevelandinternationalhalloffame.com/tony-petkovsek-2011/,For some 40 years the programs had been done on location at the former Tony’s Polka Village/Polka Tour...,staff-draft-only
tony-petkovsek-2011,Tony Petkovsek,2011,life-work,64,https://clevelandinternationalhalloffame.com/tony-petkovsek-2011/,"As a former Vice President and co-owner of Kollander Travel, Tony originated the very first polka music tour...",staff-draft-only
tony-petkovsek-2011,Tony Petkovsek,2011,education,118,https://clevelandinternationalhalloffame.com/tony-petkovsek-2011/,"Tony established a core volunteer booster group, his own Cleveland Slovenian Radio Club committee. Many community projects ensued...",staff-draft-only
tony-petkovsek-2011,Tony Petkovsek,2011,life-work,69,https://clevelandinternationalhalloffame.com/tony-petkovsek-2011/,"In 1987, almost 25 years ago, Tony Petkovsek called the initial meeting that eventually formed the American Slovenian...",staff-draft-only
tony-petkovsek-2011,Tony Petkovsek,2011,community-service,77,https://clevelandinternationalhalloffame.com/tony-petkovsek-2011/,Tony also helped to organized some of Cleveland’s largest outdoor festivals on E. 185th Street as a volunteer...,staff-draft-only
tony-petkovsek-2011,Tony Petkovsek,2011,community-service,72,https://clevelandinternationalhalloffame.com/tony-petkovsek-2011/,"Some 100 awards,and proclamations were presented to Tony Petkovsek in his 50 years on the scene by international,...",staff-draft-only
tony-petkovsek-2011,Tony Petkovsek,2011,life-work,43,https://clevelandinternationalhalloffame.com/tony-petkovsek-2011/,With the distinction of hosting longest daily polka and nationality radio show he credits the assistance from colleagues...,staff-draft-only
valarie-mccall-2020,Valarie McCall,2020,biographical-context,62,https://clevelandinternationalhalloffame.com/valarie-mccall/,Valarie J. McCall learned to meet leadership demands at an early age. Her first job at a McDonald’s...,staff-draft-only
valarie-mccall-2020,Valarie McCall,2020,life-work,48,https://clevelandinternationalhalloffame.com/valarie-mccall/,Her understanding of these important values helped her begin a public service career as a social worker and...,staff-draft-only
valarie-mccall-2020,Valarie McCall,2020,life-work,51,https://clevelandinternationalhalloffame.com/valarie-mccall/,"As the former Chief of Communications, Government and International Affairs for the City of Cleveland, McCall served as...",staff-draft-only
valarie-mccall-2020,Valarie McCall,2020,community-service,104,https://clevelandinternationalhalloffame.com/valarie-mccall/,"McCall was Cleveland’s primary representative for Sister Cities International, a nonprofit, non- partisan organization advancing relationships with sister...",staff-draft-only
valarie-mccall-2020,Valarie McCall,2020,life-work,50,https://clevelandinternationalhalloffame.com/valarie-mccall/,"In 2016, McCall helped plan the Cleveland Cavaliers’ Championship parade and served as the City’s Lead representative and...",staff-draft-only
valarie-mccall-2020,Valarie McCall,2020,life-work,36,https://clevelandinternationalhalloffame.com/valarie-mccall/,"Celebrated for her breadth of knowledge and enthusiasm toward fundraising, donor relations, and philanthropic partnerships, McCall served as...",staff-draft-only
valarie-mccall-2020,Valarie McCall,2020,life-work,52,https://clevelandinternationalhalloffame.com/valarie-mccall/,"Prior to the Jackson administration, McCall served in the White and Campbell Administrations and was the youngest City...",staff-draft-only
valarie-mccall-2020,Valarie McCall,2020,life-work,41,https://clevelandinternationalhalloffame.com/valarie-mccall/,"McCall is the recipient of numerous accolades, including Crain’s Cleveland Business 40 Under 40 Award, Ebony Magazine’s Young...",staff-draft-only
veronica-dahlberg-2024,Veronica Dahlberg,2024,early-life,71,https://clevelandinternationalhalloffame.com/inductees/veronica-dahlberg/,"Veronica Isabel Dahlberg was born in Canton, Ohio. She is the daughter of Mexican and Hungarian immigrants who...",staff-draft-only
veronica-dahlberg-2024,Veronica Dahlberg,2024,early-life,68,https://clevelandinternationalhalloffame.com/inductees/veronica-dahlberg/,"The family moved to Cleveland’s Buckeye neighborhood, populated by other Hungarian immigrants. From there, they moved to Ashtabula,...",staff-draft-only
veronica-dahlberg-2024,Veronica Dahlberg,2024,life-work,83,https://clevelandinternationalhalloffame.com/inductees/veronica-dahlberg/,"Veronica is founder and executive director of HOLA Ohio , the organization she founded in 1999, which works...",staff-draft-only
veronica-dahlberg-2024,Veronica Dahlberg,2024,education,96,https://clevelandinternationalhalloffame.com/inductees/veronica-dahlberg/,"In an MSNBC interview celebrating her immigrant rights advocacy for over 20 years, she said, “Over 20 years...",staff-draft-only
veronica-dahlberg-2024,Veronica Dahlberg,2024,biographical-context,91,https://clevelandinternationalhalloffame.com/inductees/veronica-dahlberg/,"She has said that, “A typical day involves fielding calls from desperate immigrants in deportation, finding ways to...",staff-draft-only
veronica-dahlberg-2024,Veronica Dahlberg,2024,life-work,41,https://clevelandinternationalhalloffame.com/inductees/veronica-dahlberg/,"She was awarded the Cleveland Cavaliers “DIFF Maker” award for HOLA in 2023, and previously recognized with the...",staff-draft-only
veronica-dahlberg-2024,Veronica Dahlberg,2024,early-life,91,https://clevelandinternationalhalloffame.com/inductees/veronica-dahlberg/,"Veronica says, “The biggest misconception about undocumented immigrants is that they are an economic drain on our country,...",staff-draft-only
veronica-dahlberg-2024,Veronica Dahlberg,2024,biographical-context,31,https://clevelandinternationalhalloffame.com/inductees/veronica-dahlberg/,Here is the video of entire Cleveland International Hall of Fame ceremony. You can jump to about 1:02:26...,staff-draft-only
victor-ruiz-2022,Victor Ruiz,2022,early-life,74,https://clevelandinternationalhalloffame.com/victor-ruiz/,"Victor A. Ruiz was born in Puerto Rico and came to Cleveland, Ohio at the age of five...",staff-draft-only
victor-ruiz-2022,Victor Ruiz,2022,early-life,81,https://clevelandinternationalhalloffame.com/victor-ruiz/,"As Executive Director of Esperanza, Inc. , Victor leads an organization that advocates for the educational needs of...",staff-draft-only
victor-ruiz-2022,Victor Ruiz,2022,early-life,95,https://clevelandinternationalhalloffame.com/victor-ruiz/,"Victor also serves in several leadership roles, including past chair of the Cuyahoga Community College , one of...",staff-draft-only
victor-ruiz-2022,Victor Ruiz,2022,education,33,https://clevelandinternationalhalloffame.com/victor-ruiz/,"Victor has a bachelor’s degree in English from Baldwin Wallace College, and a master’s degree in Education from...",staff-draft-only
vijaya-l-emani-2011,Vijaya L. Emani,2011,early-life,54,https://clevelandinternationalhalloffame.com/vijaya-l-emani-2011/,"Vijaya Lakshmi Emani, born in Kurnool, was the daughter of Indurani and G.Venkataramana Reddy. She was known to...",staff-draft-only
vijaya-l-emani-2011,Vijaya L. Emani,2011,early-life,56,https://clevelandinternationalhalloffame.com/vijaya-l-emani-2011/,She graduated in 1980 from Osmania University with a B.S. in Electronics and Communications Engineering and made her...,staff-draft-only
vijaya-l-emani-2011,Vijaya L. Emani,2011,early-life,43,https://clevelandinternationalhalloffame.com/vijaya-l-emani-2011/,"Vijaya was a dedicated civic leader, striving to promote excellence within the Cleveland community. Vijaya came to the...",staff-draft-only
vijaya-l-emani-2011,Vijaya L. Emani,2011,community-service,71,https://clevelandinternationalhalloffame.com/vijaya-l-emani-2011/,"Despite the adversity that she had faced in life, Vijaya overcame them with the dignity and poise of...",staff-draft-only
vijaya-l-emani-2011,Vijaya L. Emani,2011,community-service,32,https://clevelandinternationalhalloffame.com/vijaya-l-emani-2011/,"Vijaya worked diligently to help set up the India Cultural Garden in 2002, leading to the groundbreaking of...",staff-draft-only
vijaya-l-emani-2011,Vijaya L. Emani,2011,community-service,53,https://clevelandinternationalhalloffame.com/vijaya-l-emani-2011/,"She was an advocate of women’s empowerment and community involvement, a single parent and Caregiver to her two...",staff-draft-only
vladimir-rus-2012,Vladimir Rus,2012,education,74,https://clevelandinternationalhalloffame.com/vladimir-rus-2012/,He received his extensive education throughout the world. Starting with an Italian Elementary School he went on to...,staff-draft-only
vladimir-rus-2012,Vladimir Rus,2012,education,58,https://clevelandinternationalhalloffame.com/vladimir-rus-2012/,"Dr. Rus has taught numerous classes on the historic significance of decisions and activities throughout Eastern Europe, including...",staff-draft-only
vladimir-rus-2012,Vladimir Rus,2012,education,35,https://clevelandinternationalhalloffame.com/vladimir-rus-2012/,"During his time teaching he taught multiple language courses including Slovenian, Russian and Slavic Languages at CCC, CSU...",staff-draft-only
vladimir-rus-2012,Vladimir Rus,2012,education,64,https://clevelandinternationalhalloffame.com/vladimir-rus-2012/,The re-development of the Associate Degree in Labor Studies Working with apprenticeship programs in the planning of an...,staff-draft-only
vladimir-rus-2012,Vladimir Rus,2012,education,101,https://clevelandinternationalhalloffame.com/vladimir-rus-2012/,"He was the Executive Dean of CCC’s Urban Metropolitan Development Institute, which was the institute for positive involvement...",staff-draft-only
vladimir-rus-2012,Vladimir Rus,2012,life-work,48,https://clevelandinternationalhalloffame.com/vladimir-rus-2012/,"He was the Acting Executive Director of the United Labor Agency, as well as their associate director of...",staff-draft-only
vladimir-rus-2012,Vladimir Rus,2012,education,53,https://clevelandinternationalhalloffame.com/vladimir-rus-2012/,"While at the United Labor Agency, he planned and conducted several projects. Among them the development and establishment...",staff-draft-only
vladimir-rus-2012,Vladimir Rus,2012,life-work,67,https://clevelandinternationalhalloffame.com/vladimir-rus-2012/,Dr. Rus was also the Director of Human Resources and Economic Development for the City of Cleveland. In...,staff-draft-only
wael-khoury-2017,Wael Khoury,2017,biographical-context,37,https://clevelandinternationalhalloffame.com/inductees-asia/wael-khoury/,Dr. Wael Khoury was inducted into the 2017 Class of the Cleveland International Hall of Fame on the...,staff-draft-only
wael-khoury-2017,Wael Khoury,2017,biographical-context,34,https://clevelandinternationalhalloffame.com/inductees-asia/wael-khoury/,"Dr. Nizar Zein inducts Dr. Wael Khoury In the video below, Cleveland International Hall of Fame co-founder Dan...",staff-draft-only
