inducteeId,inducteeName,classYear,youtubeVideoId,assignment,confidence,alreadyPresent,sourcePageUrl,needsRightsReview
aklilu-demessie-2026,Aklilu Demessie,2026,Nlcx5vaC37I,profile-page-embed,0.88,true,https://clevelandinternationalhalloffame.com/aklilu-demessie/,true
akram-boutros-2019,Akram Boutros,2019,C6EuNqGZH5E,profile-page-embed,0.88,true,https://clevelandinternationalhalloffame.com/akram-boutros/,true
ambassador-edward-f-crawford-2024,Ambassador Edward F. Crawford,2024,P34omi5XUiY,profile-page-embed,0.88,true,https://clevelandinternationalhalloffame.com/inductees/ambassador-edward-f-crawford/,true
anda-cook-2022,Anda Cook,2022,-jbd_GOy7hk,profile-page-embed,0.88,true,https://clevelandinternationalhalloffame.com/anda-cook/,true
andy-chakalis-2026,Andy Chakalis,2026,bS3656smMfM,profile-page-embed,0.88,true,https://clevelandinternationalhalloffame.com/andy-chakalis/,true
andy-fedynsky-2026,Andy Fedynsky,2026,Kp2oRe3w1EM,profile-page-embed,0.88,true,https://clevelandinternationalhalloffame.com/andy-fedynsky/,true
basil-russo-2017,Basil Russo,2017,RzY-lrL0HWo,profile-page-embed,0.88,true,https://clevelandinternationalhalloffame.com/inductees-europe/basil-russo/,true
beverly-kerecman-2025,Beverly Kerecman,2025,4jjbyRcwk3Y,profile-page-embed,0.88,true,https://clevelandinternationalhalloffame.com/beverly-kerecman/,true
bill-miller-2017,Bill Miller,2017,7AjUc16ao90,profile-page-embed,0.88,true,https://clevelandinternationalhalloffame.com/inductees-europe/bill-miller/,true
branka-malinar-2025,Branka Malinar,2025,BKuCcyGsdek,profile-page-embed,0.88,true,https://clevelandinternationalhalloffame.com/branka-malinar/,true
carl-robson-2022,Carl Robson,2022,3Zl6-HYV89Q,profile-page-embed,0.88,true,https://clevelandinternationalhalloffame.com/carl-robson/,true
catherine-jorgensen-mccutcheon-2026,Catherine Jorgensen McCutcheon,2026,e3gWQ-kdEF4,profile-page-embed,0.88,true,https://clevelandinternationalhalloffame.com/catherine-jorgensen-mccutcheon/,true
david-gilbert-2025,David Gilbert,2025,XeheG0iGICs,profile-page-embed,0.88,true,https://clevelandinternationalhalloffame.com/david-gilbert/,true
dona-brady-2024,Dona Brady,2024,P34omi5XUiY,profile-page-embed,0.88,true,https://clevelandinternationalhalloffame.com/inductees/dona-brady/,true
dr-eugene-jordan-2024,Dr. Eugene Jordan,2024,P34omi5XUiY,profile-page-embed,0.88,true,https://clevelandinternationalhalloffame.com/inductees/dr-eugene-jordan/,true
erika-puussaar-2024,Erika Puussaar,2024,P34omi5XUiY,profile-page-embed,0.88,true,https://clevelandinternationalhalloffame.com/inductees/erika-puussaar/,true
georgine-welo-2023,Georgine Welo,2023,JAWjKTg5nRg,profile-page-embed,0.88,true,https://clevelandinternationalhalloffame.com/georgine-welo/,true
ingrida-bublys-2019,Ingrida Bublys,2019,ObIi5VXcP7Q,profile-page-embed,0.88,true,https://clevelandinternationalhalloffame.com/ingrida-bublys/,true
jim-craciun-2017,Jim Craciun,2017,XZh7vcFsUns,profile-page-embed,0.88,true,https://clevelandinternationalhalloffame.com/inductees-europe/jim-craciun/,true
joe-valencic-2020,Joe Valencic,2020,k8t6kOylcgE,profile-page-embed,0.88,true,https://clevelandinternationalhalloffame.com/joe-valencic/,true
johnny-k-wu-2024,Johnny K. Wu,2024,P34omi5XUiY,profile-page-embed,0.88,true,https://clevelandinternationalhalloffame.com/inductees/johnny-k-wu/,true
joyce-mariani-2023,Joyce Mariani,2023,khFzLbaSw0o,profile-page-embed,0.88,true,https://clevelandinternationalhalloffame.com/joyce-mariani/,true
le-nguyen-2026,Le Nguyen,2026,T5peEDc8mE8,profile-page-embed,0.88,true,https://clevelandinternationalhalloffame.com/le-nguyen-class-of-2026-vietnames-heritage-cleveland-international-hall-of-fame/,true
lucy-torres-2026,Lucy Torres,2026,TU54lNScxz4,profile-page-embed,0.88,true,https://clevelandinternationalhalloffame.com/lucy-torres/,true
margaret-lynch-2020,Margaret Lynch,2020,mTJMMiUk5nI,profile-page-embed,0.88,true,https://clevelandinternationalhalloffame.com/margaret-lynch/,true
marilyn-madigan-2019,Marilyn Madigan,2019,PgUsrTbLHJ4,profile-page-embed,0.88,true,https://clevelandinternationalhalloffame.com/marilyn-madigan/,true
mayor-frank-jackson-2025,Mayor Frank Jackson,2025,diVkkJkn0sY,profile-page-embed,0.88,true,https://clevelandinternationalhalloffame.com/mayor-frank-jackson/,true
michael-d-polensek-2023,Michael D. Polensek,2023,IYv4tYCJ3m8,profile-page-embed,0.88,true,https://clevelandinternationalhalloffame.com/michael-d-polensek/,true
mona-alag-2017,Mona Alag,2017,2mG5GMQXUZQ,profile-page-embed,0.88,true,https://clevelandinternationalhalloffame.com/inductees/mona-alag/,true
paul-burik-2019,Paul Burik,2019,b_zP9VqXJbY,profile-page-embed,0.88,true,https://clevelandinternationalhalloffame.com/paul-burik/,true
pierre-bejjani-2023,Pierre Bejjani,2023,11fqd7MQ8Fs,profile-page-embed,0.88,true,https://clevelandinternationalhalloffame.com/pierre-bejjani/,true
raj-aggarwal-2025,Raj Aggarwal,2025,DoZUzteeFMU,profile-page-embed,0.88,true,https://clevelandinternationalhalloffame.com/raj-aggarwal/,true
ray-pianka-2018,Ray Pianka,2018,D1Rgv29APUk,profile-page-embed,0.88,true,https://clevelandinternationalhalloffame.com/inductees-europe/ray-pianka/,true
richard-fleischman-2019,Richard Fleischman,2019,5BYSPErYD3o,profile-page-embed,0.88,true,https://clevelandinternationalhalloffame.com/richard-fleischman/,true
sam-kim-2017,Sam Kim,2017,f78jlqAJnqM,profile-page-embed,0.88,true,https://clevelandinternationalhalloffame.com/inductees-asia/sam-kim/,true
sree-sreenath-2019,Sree Sreenath,2019,IXo79dbDE_M,profile-page-embed,0.88,true,https://clevelandinternationalhalloffame.com/sree-sreenath/,true
sudarshan-sathe-2023,Sudarshan Sathe,2023,q4nkyvZtzRU,profile-page-embed,0.88,true,https://clevelandinternationalhalloffame.com/sudarshan-sathe/,true
svetlana-stolyarova-2025,Svetlana Stolyarova,2025,ZT80-BrCIyk,profile-page-embed,0.88,true,https://clevelandinternationalhalloffame.com/svetlana-stolyarova/,true
taras-szmagala-2022,Taras Szmagala,2022,YPC3hutSgL8,profile-page-embed,0.88,true,https://clevelandinternationalhalloffame.com/taras-szmagala/,true
valarie-mccall-2020,Valarie McCall,2020,tB2FCpsakkA,profile-page-embed,0.88,true,https://clevelandinternationalhalloffame.com/valarie-mccall/,true
veronica-dahlberg-2024,Veronica Dahlberg,2024,P34omi5XUiY,profile-page-embed,0.88,true,https://clevelandinternationalhalloffame.com/inductees/veronica-dahlberg/,true
victor-ruiz-2022,Victor Ruiz,2022,b9-AD6gYt14,profile-page-embed,0.88,true,https://clevelandinternationalhalloffame.com/victor-ruiz/,true
wael-khoury-2017,Wael Khoury,2017,OAZ7t2i1W10,profile-page-embed,0.88,true,https://clevelandinternationalhalloffame.com/inductees-asia/wael-khoury/,true
abby-mina-2018,Abby Mina,2018,1KFtDD1w3lg,profile-page-embed,0.72,true,https://clevelandinternationalhalloffame.com/inductees-asia/abby-mina/,true
abby-mina-2018,Abby Mina,2018,0KJhQyWFjDI,profile-page-embed,0.72,true,https://clevelandinternationalhalloffame.com/inductees-asia/abby-mina/,true
abby-mina-2018,Abby Mina,2018,FwV6dXkUhnc,profile-page-embed,0.72,true,https://clevelandinternationalhalloffame.com/inductees-asia/abby-mina/,true
arnie-de-la-porte-2016-2016,Arnie de la Porte – 2016,2016,jXo9xEwZ4JQ,profile-page-embed,0.72,true,https://clevelandinternationalhalloffame.com/arnie-de-la-porte-2016/,true
arnie-de-la-porte-2016-2016,Arnie de la Porte – 2016,2016,QEdXti9t8jE,profile-page-embed,0.72,true,https://clevelandinternationalhalloffame.com/arnie-de-la-porte-2016/,true
arnie-de-la-porte-2016-2016,Arnie de la Porte – 2016,2016,hmsfn1_1Kpg,profile-page-embed,0.72,true,https://clevelandinternationalhalloffame.com/arnie-de-la-porte-2016/,true
atul-mehta-2018,Atul Mehta,2018,4pafixyd1zU,profile-page-embed,0.72,true,https://clevelandinternationalhalloffame.com/inductees-asia/atul-mehta/,true
atul-mehta-2018,Atul Mehta,2018,EATzGX8chuI,profile-page-embed,0.72,true,https://clevelandinternationalhalloffame.com/inductees-asia/atul-mehta/,true
berj-shakarian-2020,Berj Shakarian,2020,Engy3m5Efcc,profile-page-embed,0.72,true,https://clevelandinternationalhalloffame.com/berj-shakarian/,true
berj-shakarian-2020,Berj Shakarian,2020,2KBxzdgiqJM,profile-page-embed,0.72,true,https://clevelandinternationalhalloffame.com/berj-shakarian/,true
bishop-anthony-pilla-2015,Bishop Anthony Pilla,2015,PpXIVZKq49U,profile-page-embed,0.72,true,https://clevelandinternationalhalloffame.com/bishop-anthony-pilla-2015/,true
bishop-anthony-pilla-2015,Bishop Anthony Pilla,2015,KMVo49Zi-94,profile-page-embed,0.72,true,https://clevelandinternationalhalloffame.com/bishop-anthony-pilla-2015/,true
carolyn-balogh-2016-2016,Carolyn Balogh – 2016,2016,O-r4oYPcUYc,profile-page-embed,0.72,true,https://clevelandinternationalhalloffame.com/carolyn-balogh-2016/,true
carolyn-balogh-2016-2016,Carolyn Balogh – 2016,2016,qzHokEDkXQc,profile-page-embed,0.72,true,https://clevelandinternationalhalloffame.com/carolyn-balogh-2016/,true
carolyn-balogh-2016-2016,Carolyn Balogh – 2016,2016,e_C-YpIWjt8,profile-page-embed,0.72,true,https://clevelandinternationalhalloffame.com/carolyn-balogh-2016/,true
dick-pogue-2015,Dick Pogue,2015,7MkiB5FNQ_g,profile-page-embed,0.72,true,https://clevelandinternationalhalloffame.com/richard-pogue-2015/,true
dick-pogue-2015,Dick Pogue,2015,qtbU6qlpxRE,profile-page-embed,0.72,true,https://clevelandinternationalhalloffame.com/richard-pogue-2015/,true
dick-russ-2015,Dick Russ,2015,ivlrvgM81r8,profile-page-embed,0.72,true,https://clevelandinternationalhalloffame.com/dick-russ-2015/,true
dick-russ-2015,Dick Russ,2015,xJ9n1QOUafg,profile-page-embed,0.72,true,https://clevelandinternationalhalloffame.com/dick-russ-2015/,true
eugenia-stolarczyk-2016-2016,Eugenia Stolarczyk – 2016,2016,7LmK-_kcUJs,profile-page-embed,0.72,true,https://clevelandinternationalhalloffame.com/eugenia-stolarczyk-2016/,true
eugenia-stolarczyk-2016-2016,Eugenia Stolarczyk – 2016,2016,IbJbwBpHWgs,profile-page-embed,0.72,true,https://clevelandinternationalhalloffame.com/eugenia-stolarczyk-2016/,true
eugenia-stolarczyk-2016-2016,Eugenia Stolarczyk – 2016,2016,Tsl-t9x0Ub0,profile-page-embed,0.72,true,https://clevelandinternationalhalloffame.com/eugenia-stolarczyk-2016/,true
eugenia-stolarczyk-2016-2016,Eugenia Stolarczyk – 2016,2016,uw_NYpsccxM,profile-page-embed,0.72,true,https://clevelandinternationalhalloffame.com/eugenia-stolarczyk-2016/,true
honorable-jose-a-villanueva-2015,Honorable José A. Villanueva,2015,7Jj4sizisoM,profile-page-embed,0.72,true,https://clevelandinternationalhalloffame.com/honorable-jose-a-villanueva-2015/,true
honorable-jose-a-villanueva-2015,Honorable José A. Villanueva,2015,i5FJexABnHI,profile-page-embed,0.72,true,https://clevelandinternationalhalloffame.com/honorable-jose-a-villanueva-2015/,true
jack-kahl-2016,Jack Kahl,2016,L0fLgzezWTw,profile-page-embed,0.72,true,https://clevelandinternationalhalloffame.com/jack-kahl-2016/,true
jack-kahl-2016,Jack Kahl,2016,dW7qMIULLko,profile-page-embed,0.72,true,https://clevelandinternationalhalloffame.com/jack-kahl-2016/,true
jack-kahl-2016,Jack Kahl,2016,eKdfG3zz9Os,profile-page-embed,0.72,true,https://clevelandinternationalhalloffame.com/jack-kahl-2016/,true
khalid-samad-2016-2016,Khalid Samad – 2016,2016,YT9DTiZdJpQ,profile-page-embed,0.72,true,https://clevelandinternationalhalloffame.com/khalid-samad-2016/,true
khalid-samad-2016-2016,Khalid Samad – 2016,2016,kkjaaUZr2ps,profile-page-embed,0.72,true,https://clevelandinternationalhalloffame.com/khalid-samad-2016/,true
khalid-samad-2016-2016,Khalid Samad – 2016,2016,mqCQvmZsu88,profile-page-embed,0.72,true,https://clevelandinternationalhalloffame.com/khalid-samad-2016/,true
may-chen-2020,May Chen,2020,yxyHzJyqYt0,profile-page-embed,0.72,true,https://clevelandinternationalhalloffame.com/may-chen/,true
may-chen-2020,May Chen,2020,QDE5BVEyNKg,profile-page-embed,0.72,true,https://clevelandinternationalhalloffame.com/may-chen/,true
mohan-bafna-2016,Mohan Bafna,2016,KuSMhQ_yG_k,profile-page-embed,0.72,true,https://clevelandinternationalhalloffame.com/mohan-bafna-2016/,true
mohan-bafna-2016,Mohan Bafna,2016,KAhoZMRbZnA,profile-page-embed,0.72,true,https://clevelandinternationalhalloffame.com/mohan-bafna-2016/,true
mohan-bafna-2016,Mohan Bafna,2016,iX7-ecPZvy4,profile-page-embed,0.72,true,https://clevelandinternationalhalloffame.com/mohan-bafna-2016/,true
ralph-perk-jr-2018,Ralph Perk Jr.,2018,QxG7VrfKyXo,profile-page-embed,0.72,true,https://clevelandinternationalhalloffame.com/inductees-europe/ralph-perk-jr/,true
ralph-perk-jr-2018,Ralph Perk Jr.,2018,8CPuLovefwA,profile-page-embed,0.72,true,https://clevelandinternationalhalloffame.com/inductees-europe/ralph-perk-jr/,true
ramesh-shah-2020,Ramesh Shah,2020,fEHO9Uwgb9g,profile-page-embed,0.72,true,https://clevelandinternationalhalloffame.com/ramesh-shah/,true
ramesh-shah-2020,Ramesh Shah,2020,-5gDFAKdaXM,profile-page-embed,0.72,true,https://clevelandinternationalhalloffame.com/ramesh-shah/,true
ramesh-shah-2020,Ramesh Shah,2020,0voVPcRDeyU,profile-page-embed,0.72,false,https://clevelandinternationalhalloffame.com/inductees/ramesh-shah/,true
rev-mikhail-mikhail-2016,Rev. Mikhail Mikhail,2016,qCjr03YRJR0,profile-page-embed,0.72,false,https://clevelandinternationalhalloffame.com/reverend-mikhail-mikhail-2016/,true
rev-mikhail-mikhail-2016,Rev. Mikhail Mikhail,2016,kBr4SVfZ_Ec,profile-page-embed,0.72,false,https://clevelandinternationalhalloffame.com/reverend-mikhail-mikhail-2016/,true
rev-mikhail-mikhail-2016,Rev. Mikhail Mikhail,2016,ix03H0nVr4g,profile-page-embed,0.72,false,https://clevelandinternationalhalloffame.com/reverend-mikhail-mikhail-2016/,true
rev-mikhail-mikhail-2016,Rev. Mikhail Mikhail,2016,OBuRGUXC-Cw,profile-page-embed,0.72,false,https://clevelandinternationalhalloffame.com/reverend-mikhail-mikhail-2016/,true
richard-a-ganim-2015,Richard A. Ganim,2015,M384Uvg0bh8,profile-page-embed,0.72,true,https://clevelandinternationalhalloffame.com/richard-ganim-2015/,true
richard-a-ganim-2015,Richard A. Ganim,2015,kofOH1CYKBQ,profile-page-embed,0.72,true,https://clevelandinternationalhalloffame.com/richard-ganim-2015/,true
sheila-murphy-crawford-2018,Sheila Murphy Crawford,2018,nC0wST9j-J0,profile-page-embed,0.72,true,https://clevelandinternationalhalloffame.com/inductees-europe/sheila-murphy-crawford/,true
sheila-murphy-crawford-2018,Sheila Murphy Crawford,2018,i-iB8SADV8Q,profile-page-embed,0.72,true,https://clevelandinternationalhalloffame.com/inductees-europe/sheila-murphy-crawford/,true
shiv-k-aggarwal-2015,Shiv K. Aggarwal,2015,tX9BPpgJ_3w,profile-page-embed,0.72,true,https://clevelandinternationalhalloffame.com/shiv-k-aggarwal-2015/,true
shiv-k-aggarwal-2015,Shiv K. Aggarwal,2015,-2OMPdY2pfw,profile-page-embed,0.72,true,https://clevelandinternationalhalloffame.com/shiv-k-aggarwal-2015/,true
sister-alicia-alvarado-2018,Sister Alicia Alvarado,2018,9e7DWWD6_l0,profile-page-embed,0.72,true,https://clevelandinternationalhalloffame.com/inductees-south-america/sister-alicia-alvarado/,true
sister-alicia-alvarado-2018,Sister Alicia Alvarado,2018,soPrjwdQWfw,profile-page-embed,0.72,true,https://clevelandinternationalhalloffame.com/inductees-south-america/sister-alicia-alvarado/,true
steve-mulloy-2015,Steve Mulloy,2015,nINk_D8bi54,profile-page-embed,0.72,true,https://clevelandinternationalhalloffame.com/steve-mulloy-2015/,true
steve-mulloy-2015,Steve Mulloy,2015,GDfhVKV-PfY,profile-page-embed,0.72,true,https://clevelandinternationalhalloffame.com/steve-mulloy-2015/,true
dona-brady-2024,Dona Brady,2024,P34omi5XUiY,class-or-ceremony-page-mention,0.48,true,https://clevelandinternationalhalloffame.com/2024-inductions/,true
dr-eugene-jordan-2024,Dr. Eugene Jordan,2024,P34omi5XUiY,class-or-ceremony-page-mention,0.48,true,https://clevelandinternationalhalloffame.com/2024-inductions/,true
erika-puussaar-2024,Erika Puussaar,2024,P34omi5XUiY,class-or-ceremony-page-mention,0.48,true,https://clevelandinternationalhalloffame.com/2024-inductions/,true
johnny-k-wu-2024,Johnny K. Wu,2024,P34omi5XUiY,class-or-ceremony-page-mention,0.48,true,https://clevelandinternationalhalloffame.com/2024-inductions/,true
veronica-dahlberg-2024,Veronica Dahlberg,2024,P34omi5XUiY,class-or-ceremony-page-mention,0.48,true,https://clevelandinternationalhalloffame.com/2024-inductions/,true
aklilu-demessie-2026,Aklilu Demessie,2026,Pyty_Fo8cFs,class-or-ceremony-page-mention,0.32,false,https://clevelandinternationalhalloffame.com/2026-class-and-inductions/,true
aklilu-demessie-2026,Aklilu Demessie,2026,eWsy8Ctigm0,class-or-ceremony-page-mention,0.32,false,https://clevelandinternationalhalloffame.com/2026-class-and-inductions/,true
aklilu-demessie-2026,Aklilu Demessie,2026,e-wqDqAmYP8,class-or-ceremony-page-mention,0.32,false,https://clevelandinternationalhalloffame.com/2026-class-and-inductions/,true
aklilu-demessie-2026,Aklilu Demessie,2026,_JXBIYSnWB0,class-or-ceremony-page-mention,0.32,false,https://clevelandinternationalhalloffame.com/2020-2022-induction-ceremony/,true
aklilu-demessie-2026,Aklilu Demessie,2026,YDThFb2kPdA,class-or-ceremony-page-mention,0.32,false,https://clevelandinternationalhalloffame.com/2020-2022-induction-ceremony/,true
aklilu-demessie-2026,Aklilu Demessie,2026,zWJEroGvQUg,class-or-ceremony-page-mention,0.32,false,https://clevelandinternationalhalloffame.com/2020-2022-induction-ceremony/,true
aklilu-demessie-2026,Aklilu Demessie,2026,EfAP31kBlsM,class-or-ceremony-page-mention,0.32,false,https://clevelandinternationalhalloffame.com/2020-2022-induction-ceremony/,true
aklilu-demessie-2026,Aklilu Demessie,2026,XrKxMkfQALI,class-or-ceremony-page-mention,0.32,false,https://clevelandinternationalhalloffame.com/2020-2022-induction-ceremony/,true
aklilu-demessie-2026,Aklilu Demessie,2026,ovFsNwqqQNc,class-or-ceremony-page-mention,0.32,false,https://clevelandinternationalhalloffame.com/2020-2022-induction-ceremony/,true
aklilu-demessie-2026,Aklilu Demessie,2026,36YHkoqo-Fk,class-or-ceremony-page-mention,0.32,false,https://clevelandinternationalhalloffame.com/2020-2022-induction-ceremony/,true
aklilu-demessie-2026,Aklilu Demessie,2026,EZ92Q341gm4,class-or-ceremony-page-mention,0.32,false,https://clevelandinternationalhalloffame.com/2020-2022-induction-ceremony/,true
aklilu-demessie-2026,Aklilu Demessie,2026,MzvxeSsag0w,class-or-ceremony-page-mention,0.32,false,https://clevelandinternationalhalloffame.com/2020-2022-induction-ceremony/,true
akram-boutros-2019,Akram Boutros,2019,Ssb2SQ6HPoo,class-or-ceremony-page-mention,0.32,false,https://clevelandinternationalhalloffame.com/2019-induction-ceremony/,true
akram-boutros-2019,Akram Boutros,2019,vwTIgQpdBEo,class-or-ceremony-page-mention,0.32,false,https://clevelandinternationalhalloffame.com/2019-induction-ceremony/,true
akram-boutros-2019,Akram Boutros,2019,w2Xq5luKGCU,class-or-ceremony-page-mention,0.32,false,https://clevelandinternationalhalloffame.com/2019-induction-ceremony/,true
akram-boutros-2019,Akram Boutros,2019,lHHN_zd8O8k,class-or-ceremony-page-mention,0.32,false,https://clevelandinternationalhalloffame.com/2019-induction-ceremony/,true
akram-boutros-2019,Akram Boutros,2019,_ifygk1bw5Q,class-or-ceremony-page-mention,0.32,false,https://clevelandinternationalhalloffame.com/2019-induction-ceremony/,true
akram-boutros-2019,Akram Boutros,2019,eCOSePkWnFY,class-or-ceremony-page-mention,0.32,false,https://clevelandinternationalhalloffame.com/2019-induction-ceremony/,true
albert-b-ratner-2011,Albert B. Ratner,2011,A_IJEnnuyYg,class-or-ceremony-page-mention,0.32,false,https://clevelandinternationalhalloffame.com/induction-class-2011/,true
albert-b-ratner-2011,Albert B. Ratner,2011,rlg546_0pC4,class-or-ceremony-page-mention,0.32,false,https://clevelandinternationalhalloffame.com/induction-class-2011/,true
alex-machaskee-2010,Alex Machaskee,2010,I133bhcNqgo,class-or-ceremony-page-mention,0.32,false,https://clevelandinternationalhalloffame.com/2024-details/,true
alex-machaskee-2010,Alex Machaskee,2010,P34omi5XUiY,class-or-ceremony-page-mention,0.32,false,https://clevelandinternationalhalloffame.com/2024-details/,true
alex-machaskee-2010,Alex Machaskee,2010,yR18WkgJ_tQ,class-or-ceremony-page-mention,0.32,false,https://clevelandinternationalhalloffame.com/2023-induction-ceremony/,true
alex-machaskee-2010,Alex Machaskee,2010,7im99WF6Sfw,class-or-ceremony-page-mention,0.32,false,https://clevelandinternationalhalloffame.com/2023-induction-ceremony/,true
alex-machaskee-2010,Alex Machaskee,2010,DhCiFpCsGFk,class-or-ceremony-page-mention,0.32,false,https://clevelandinternationalhalloffame.com/2023-induction-ceremony/,true
alex-machaskee-2010,Alex Machaskee,2010,RImDK_lpjFM,class-or-ceremony-page-mention,0.32,false,https://clevelandinternationalhalloffame.com/2023-induction-ceremony/,true
alex-machaskee-2010,Alex Machaskee,2010,EtHbvT_s4NY,class-or-ceremony-page-mention,0.32,false,https://clevelandinternationalhalloffame.com/2023-induction-ceremony/,true
alex-machaskee-2010,Alex Machaskee,2010,ynzDfs0graM,class-or-ceremony-page-mention,0.32,false,https://clevelandinternationalhalloffame.com/2023-induction-ceremony/,true
alex-machaskee-2010,Alex Machaskee,2010,lF42eHsGdFc,class-or-ceremony-page-mention,0.32,false,https://clevelandinternationalhalloffame.com/2023-induction-ceremony/,true
alex-machaskee-2010,Alex Machaskee,2010,_JXBIYSnWB0,class-or-ceremony-page-mention,0.32,false,https://clevelandinternationalhalloffame.com/2020-2022-induction-ceremony/,true
alex-machaskee-2010,Alex Machaskee,2010,YDThFb2kPdA,class-or-ceremony-page-mention,0.32,false,https://clevelandinternationalhalloffame.com/2020-2022-induction-ceremony/,true
alex-machaskee-2010,Alex Machaskee,2010,zWJEroGvQUg,class-or-ceremony-page-mention,0.32,false,https://clevelandinternationalhalloffame.com/2020-2022-induction-ceremony/,true
alex-machaskee-2010,Alex Machaskee,2010,EfAP31kBlsM,class-or-ceremony-page-mention,0.32,false,https://clevelandinternationalhalloffame.com/2020-2022-induction-ceremony/,true
alex-machaskee-2010,Alex Machaskee,2010,XrKxMkfQALI,class-or-ceremony-page-mention,0.32,false,https://clevelandinternationalhalloffame.com/2020-2022-induction-ceremony/,true
alex-machaskee-2010,Alex Machaskee,2010,ovFsNwqqQNc,class-or-ceremony-page-mention,0.32,false,https://clevelandinternationalhalloffame.com/2020-2022-induction-ceremony/,true
alex-machaskee-2010,Alex Machaskee,2010,36YHkoqo-Fk,class-or-ceremony-page-mention,0.32,false,https://clevelandinternationalhalloffame.com/2020-2022-induction-ceremony/,true
alex-machaskee-2010,Alex Machaskee,2010,EZ92Q341gm4,class-or-ceremony-page-mention,0.32,false,https://clevelandinternationalhalloffame.com/2020-2022-induction-ceremony/,true
alex-machaskee-2010,Alex Machaskee,2010,MzvxeSsag0w,class-or-ceremony-page-mention,0.32,false,https://clevelandinternationalhalloffame.com/2020-2022-induction-ceremony/,true
alex-machaskee-2010,Alex Machaskee,2010,Ssb2SQ6HPoo,class-or-ceremony-page-mention,0.32,false,https://clevelandinternationalhalloffame.com/2019-induction-ceremony/,true
alex-machaskee-2010,Alex Machaskee,2010,vwTIgQpdBEo,class-or-ceremony-page-mention,0.32,false,https://clevelandinternationalhalloffame.com/2019-induction-ceremony/,true
alex-machaskee-2010,Alex Machaskee,2010,w2Xq5luKGCU,class-or-ceremony-page-mention,0.32,false,https://clevelandinternationalhalloffame.com/2019-induction-ceremony/,true
alex-machaskee-2010,Alex Machaskee,2010,lHHN_zd8O8k,class-or-ceremony-page-mention,0.32,false,https://clevelandinternationalhalloffame.com/2019-induction-ceremony/,true
alex-machaskee-2010,Alex Machaskee,2010,_ifygk1bw5Q,class-or-ceremony-page-mention,0.32,false,https://clevelandinternationalhalloffame.com/2019-induction-ceremony/,true
alex-machaskee-2010,Alex Machaskee,2010,eCOSePkWnFY,class-or-ceremony-page-mention,0.32,false,https://clevelandinternationalhalloffame.com/2019-induction-ceremony/,true
alex-machaskee-2010,Alex Machaskee,2010,b3EUjRTsbQI,class-or-ceremony-page-mention,0.32,false,https://clevelandinternationalhalloffame.com/induction-class-2012/,true
alex-machaskee-2010,Alex Machaskee,2010,a0gi3EmNU00,class-or-ceremony-page-mention,0.32,false,https://clevelandinternationalhalloffame.com/induction-class-2012/,true
alex-machaskee-2010,Alex Machaskee,2010,Do7atH9353s,class-or-ceremony-page-mention,0.32,false,https://clevelandinternationalhalloffame.com/induction-class-2010/,true
alex-machaskee-2010,Alex Machaskee,2010,jE7WSnYhKN0,class-or-ceremony-page-mention,0.32,false,https://clevelandinternationalhalloffame.com/induction-class-2010/,true
anda-cook-2022,Anda Cook,2022,I133bhcNqgo,class-or-ceremony-page-mention,0.32,false,https://clevelandinternationalhalloffame.com/2024-details/,true
anda-cook-2022,Anda Cook,2022,P34omi5XUiY,class-or-ceremony-page-mention,0.32,false,https://clevelandinternationalhalloffame.com/2024-details/,true
anda-cook-2022,Anda Cook,2022,_JXBIYSnWB0,class-or-ceremony-page-mention,0.32,false,https://clevelandinternationalhalloffame.com/2020-2022-induction-ceremony/,true
anda-cook-2022,Anda Cook,2022,YDThFb2kPdA,class-or-ceremony-page-mention,0.32,false,https://clevelandinternationalhalloffame.com/2020-2022-induction-ceremony/,true
anda-cook-2022,Anda Cook,2022,zWJEroGvQUg,class-or-ceremony-page-mention,0.32,false,https://clevelandinternationalhalloffame.com/2020-2022-induction-ceremony/,true
anda-cook-2022,Anda Cook,2022,EfAP31kBlsM,class-or-ceremony-page-mention,0.32,false,https://clevelandinternationalhalloffame.com/2020-2022-induction-ceremony/,true
anda-cook-2022,Anda Cook,2022,XrKxMkfQALI,class-or-ceremony-page-mention,0.32,false,https://clevelandinternationalhalloffame.com/2020-2022-induction-ceremony/,true
anda-cook-2022,Anda Cook,2022,ovFsNwqqQNc,class-or-ceremony-page-mention,0.32,false,https://clevelandinternationalhalloffame.com/2020-2022-induction-ceremony/,true
anda-cook-2022,Anda Cook,2022,36YHkoqo-Fk,class-or-ceremony-page-mention,0.32,false,https://clevelandinternationalhalloffame.com/2020-2022-induction-ceremony/,true
anda-cook-2022,Anda Cook,2022,EZ92Q341gm4,class-or-ceremony-page-mention,0.32,false,https://clevelandinternationalhalloffame.com/2020-2022-induction-ceremony/,true
anda-cook-2022,Anda Cook,2022,MzvxeSsag0w,class-or-ceremony-page-mention,0.32,false,https://clevelandinternationalhalloffame.com/2020-2022-induction-ceremony/,true
andy-chakalis-2026,Andy Chakalis,2026,Pyty_Fo8cFs,class-or-ceremony-page-mention,0.32,false,https://clevelandinternationalhalloffame.com/2026-class-and-inductions/,true
andy-chakalis-2026,Andy Chakalis,2026,eWsy8Ctigm0,class-or-ceremony-page-mention,0.32,false,https://clevelandinternationalhalloffame.com/2026-class-and-inductions/,true
andy-chakalis-2026,Andy Chakalis,2026,e-wqDqAmYP8,class-or-ceremony-page-mention,0.32,false,https://clevelandinternationalhalloffame.com/2026-class-and-inductions/,true
andy-fedynsky-2026,Andy Fedynsky,2026,Pyty_Fo8cFs,class-or-ceremony-page-mention,0.32,false,https://clevelandinternationalhalloffame.com/2026-class-and-inductions/,true
andy-fedynsky-2026,Andy Fedynsky,2026,eWsy8Ctigm0,class-or-ceremony-page-mention,0.32,false,https://clevelandinternationalhalloffame.com/2026-class-and-inductions/,true
andy-fedynsky-2026,Andy Fedynsky,2026,e-wqDqAmYP8,class-or-ceremony-page-mention,0.32,false,https://clevelandinternationalhalloffame.com/2026-class-and-inductions/,true
atul-mehta-2018,Atul Mehta,2018,Pg4Uqs_wZRY,class-or-ceremony-page-mention,0.32,false,https://clevelandinternationalhalloffame.com/induction-class-2018/,true
atul-mehta-2018,Atul Mehta,2018,o_9k7ZtTvas,class-or-ceremony-page-mention,0.32,false,https://clevelandinternationalhalloffame.com/induction-class-2018/,true
atul-mehta-2018,Atul Mehta,2018,_uTf8G8a6b0,class-or-ceremony-page-mention,0.32,false,https://clevelandinternationalhalloffame.com/induction-class-2018/,true
atul-mehta-2018,Atul Mehta,2018,YCV-PL-GOuk,class-or-ceremony-page-mention,0.32,false,https://clevelandinternationalhalloffame.com/induction-class-2018/,true
atul-mehta-2018,Atul Mehta,2018,bsoEDM5cG2s,class-or-ceremony-page-mention,0.32,false,https://clevelandinternationalhalloffame.com/induction-class-2018/,true
atul-mehta-2018,Atul Mehta,2018,Pg4Uqs_wZRY,class-or-ceremony-page-mention,0.32,false,https://clevelandinternationalhalloffame.com/2018-induction/,true
atul-mehta-2018,Atul Mehta,2018,o_9k7ZtTvas,class-or-ceremony-page-mention,0.32,false,https://clevelandinternationalhalloffame.com/2018-induction/,true
atul-mehta-2018,Atul Mehta,2018,_uTf8G8a6b0,class-or-ceremony-page-mention,0.32,false,https://clevelandinternationalhalloffame.com/2018-induction/,true
atul-mehta-2018,Atul Mehta,2018,YCV-PL-GOuk,class-or-ceremony-page-mention,0.32,false,https://clevelandinternationalhalloffame.com/2018-induction/,true
atul-mehta-2018,Atul Mehta,2018,bsoEDM5cG2s,class-or-ceremony-page-mention,0.32,false,https://clevelandinternationalhalloffame.com/2018-induction/,true
august-pust-2010,August Pust,2010,I133bhcNqgo,class-or-ceremony-page-mention,0.32,false,https://clevelandinternationalhalloffame.com/2024-details/,true
august-pust-2010,August Pust,2010,P34omi5XUiY,class-or-ceremony-page-mention,0.32,false,https://clevelandinternationalhalloffame.com/2024-details/,true
august-pust-2010,August Pust,2010,Ssb2SQ6HPoo,class-or-ceremony-page-mention,0.32,false,https://clevelandinternationalhalloffame.com/2019-induction-ceremony/,true
august-pust-2010,August Pust,2010,vwTIgQpdBEo,class-or-ceremony-page-mention,0.32,false,https://clevelandinternationalhalloffame.com/2019-induction-ceremony/,true
august-pust-2010,August Pust,2010,w2Xq5luKGCU,class-or-ceremony-page-mention,0.32,false,https://clevelandinternationalhalloffame.com/2019-induction-ceremony/,true
august-pust-2010,August Pust,2010,lHHN_zd8O8k,class-or-ceremony-page-mention,0.32,false,https://clevelandinternationalhalloffame.com/2019-induction-ceremony/,true
august-pust-2010,August Pust,2010,_ifygk1bw5Q,class-or-ceremony-page-mention,0.32,false,https://clevelandinternationalhalloffame.com/2019-induction-ceremony/,true
august-pust-2010,August Pust,2010,eCOSePkWnFY,class-or-ceremony-page-mention,0.32,false,https://clevelandinternationalhalloffame.com/2019-induction-ceremony/,true
august-pust-2010,August Pust,2010,NcCM_1SAQek,class-or-ceremony-page-mention,0.32,false,https://clevelandinternationalhalloffame.com/induction-class-2017/,true
august-pust-2010,August Pust,2010,wBzBVH4kBkg,class-or-ceremony-page-mention,0.32,false,https://clevelandinternationalhalloffame.com/induction-class-2017/,true
august-pust-2010,August Pust,2010,14YLHrGlU-4,class-or-ceremony-page-mention,0.32,false,https://clevelandinternationalhalloffame.com/induction-class-2017/,true
august-pust-2010,August Pust,2010,IblVlQoTrtc,class-or-ceremony-page-mention,0.32,false,https://clevelandinternationalhalloffame.com/induction-class-2017/,true
august-pust-2010,August Pust,2010,Do7atH9353s,class-or-ceremony-page-mention,0.32,false,https://clevelandinternationalhalloffame.com/induction-class-2010/,true
august-pust-2010,August Pust,2010,jE7WSnYhKN0,class-or-ceremony-page-mention,0.32,false,https://clevelandinternationalhalloffame.com/induction-class-2010/,true
basil-russo-2017,Basil Russo,2017,yR18WkgJ_tQ,class-or-ceremony-page-mention,0.32,false,https://clevelandinternationalhalloffame.com/2023-induction-ceremony/,true
basil-russo-2017,Basil Russo,2017,7im99WF6Sfw,class-or-ceremony-page-mention,0.32,false,https://clevelandinternationalhalloffame.com/2023-induction-ceremony/,true
basil-russo-2017,Basil Russo,2017,DhCiFpCsGFk,class-or-ceremony-page-mention,0.32,false,https://clevelandinternationalhalloffame.com/2023-induction-ceremony/,true
basil-russo-2017,Basil Russo,2017,RImDK_lpjFM,class-or-ceremony-page-mention,0.32,false,https://clevelandinternationalhalloffame.com/2023-induction-ceremony/,true
basil-russo-2017,Basil Russo,2017,EtHbvT_s4NY,class-or-ceremony-page-mention,0.32,false,https://clevelandinternationalhalloffame.com/2023-induction-ceremony/,true
basil-russo-2017,Basil Russo,2017,ynzDfs0graM,class-or-ceremony-page-mention,0.32,false,https://clevelandinternationalhalloffame.com/2023-induction-ceremony/,true
basil-russo-2017,Basil Russo,2017,lF42eHsGdFc,class-or-ceremony-page-mention,0.32,false,https://clevelandinternationalhalloffame.com/2023-induction-ceremony/,true
basil-russo-2017,Basil Russo,2017,NcCM_1SAQek,class-or-ceremony-page-mention,0.32,false,https://clevelandinternationalhalloffame.com/induction-class-2017/,true
basil-russo-2017,Basil Russo,2017,wBzBVH4kBkg,class-or-ceremony-page-mention,0.32,false,https://clevelandinternationalhalloffame.com/induction-class-2017/,true
basil-russo-2017,Basil Russo,2017,14YLHrGlU-4,class-or-ceremony-page-mention,0.32,false,https://clevelandinternationalhalloffame.com/induction-class-2017/,true
basil-russo-2017,Basil Russo,2017,IblVlQoTrtc,class-or-ceremony-page-mention,0.32,false,https://clevelandinternationalhalloffame.com/induction-class-2017/,true
berj-shakarian-2020,Berj Shakarian,2020,_JXBIYSnWB0,class-or-ceremony-page-mention,0.32,false,https://clevelandinternationalhalloffame.com/2020-2022-induction-ceremony/,true
berj-shakarian-2020,Berj Shakarian,2020,YDThFb2kPdA,class-or-ceremony-page-mention,0.32,false,https://clevelandinternationalhalloffame.com/2020-2022-induction-ceremony/,true
berj-shakarian-2020,Berj Shakarian,2020,zWJEroGvQUg,class-or-ceremony-page-mention,0.32,false,https://clevelandinternationalhalloffame.com/2020-2022-induction-ceremony/,true
berj-shakarian-2020,Berj Shakarian,2020,EfAP31kBlsM,class-or-ceremony-page-mention,0.32,false,https://clevelandinternationalhalloffame.com/2020-2022-induction-ceremony/,true
berj-shakarian-2020,Berj Shakarian,2020,XrKxMkfQALI,class-or-ceremony-page-mention,0.32,false,https://clevelandinternationalhalloffame.com/2020-2022-induction-ceremony/,true
berj-shakarian-2020,Berj Shakarian,2020,ovFsNwqqQNc,class-or-ceremony-page-mention,0.32,false,https://clevelandinternationalhalloffame.com/2020-2022-induction-ceremony/,true
berj-shakarian-2020,Berj Shakarian,2020,36YHkoqo-Fk,class-or-ceremony-page-mention,0.32,false,https://clevelandinternationalhalloffame.com/2020-2022-induction-ceremony/,true
berj-shakarian-2020,Berj Shakarian,2020,EZ92Q341gm4,class-or-ceremony-page-mention,0.32,false,https://clevelandinternationalhalloffame.com/2020-2022-induction-ceremony/,true
berj-shakarian-2020,Berj Shakarian,2020,MzvxeSsag0w,class-or-ceremony-page-mention,0.32,false,https://clevelandinternationalhalloffame.com/2020-2022-induction-ceremony/,true
beverly-kerecman-2025,Beverly Kerecman,2025,S6l7MKK7RWg,class-or-ceremony-page-mention,0.32,false,https://clevelandinternationalhalloffame.com/2025-induction-ceremony/,true
beverly-kerecman-2025,Beverly Kerecman,2025,63hL5GG_0dA,class-or-ceremony-page-mention,0.32,false,https://clevelandinternationalhalloffame.com/2025-induction-ceremony/,true
beverly-kerecman-2025,Beverly Kerecman,2025,XJbjDVgzCzc,class-or-ceremony-page-mention,0.32,false,https://clevelandinternationalhalloffame.com/2025-induction-ceremony/,true
beverly-kerecman-2025,Beverly Kerecman,2025,HQz1pWe_-wM,class-or-ceremony-page-mention,0.32,false,https://clevelandinternationalhalloffame.com/2025-induction-ceremony/,true
bishop-a-edward-pevec-2013,Bishop A. Edward Pevec,2013,mrnRSQgQi1k,class-or-ceremony-page-mention,0.32,false,https://clevelandinternationalhalloffame.com/induction-class-2013/,true
bishop-a-edward-pevec-2013,Bishop A. Edward Pevec,2013,LLkc_JGAW6M,class-or-ceremony-page-mention,0.32,false,https://clevelandinternationalhalloffame.com/induction-class-2013/,true
bishop-anthony-pilla-2015,Bishop Anthony Pilla,2015,I133bhcNqgo,class-or-ceremony-page-mention,0.32,false,https://clevelandinternationalhalloffame.com/2024-details/,true
bishop-anthony-pilla-2015,Bishop Anthony Pilla,2015,P34omi5XUiY,class-or-ceremony-page-mention,0.32,false,https://clevelandinternationalhalloffame.com/2024-details/,true
branka-malinar-2025,Branka Malinar,2025,S6l7MKK7RWg,class-or-ceremony-page-mention,0.32,false,https://clevelandinternationalhalloffame.com/2025-induction-ceremony/,true
branka-malinar-2025,Branka Malinar,2025,63hL5GG_0dA,class-or-ceremony-page-mention,0.32,false,https://clevelandinternationalhalloffame.com/2025-induction-ceremony/,true
branka-malinar-2025,Branka Malinar,2025,XJbjDVgzCzc,class-or-ceremony-page-mention,0.32,false,https://clevelandinternationalhalloffame.com/2025-induction-ceremony/,true
branka-malinar-2025,Branka Malinar,2025,HQz1pWe_-wM,class-or-ceremony-page-mention,0.32,false,https://clevelandinternationalhalloffame.com/2025-induction-ceremony/,true
carl-robson-2022,Carl Robson,2022,I133bhcNqgo,class-or-ceremony-page-mention,0.32,false,https://clevelandinternationalhalloffame.com/2024-details/,true
carl-robson-2022,Carl Robson,2022,P34omi5XUiY,class-or-ceremony-page-mention,0.32,false,https://clevelandinternationalhalloffame.com/2024-details/,true
carl-robson-2022,Carl Robson,2022,_JXBIYSnWB0,class-or-ceremony-page-mention,0.32,false,https://clevelandinternationalhalloffame.com/2020-2022-induction-ceremony/,true
carl-robson-2022,Carl Robson,2022,YDThFb2kPdA,class-or-ceremony-page-mention,0.32,false,https://clevelandinternationalhalloffame.com/2020-2022-induction-ceremony/,true
carl-robson-2022,Carl Robson,2022,zWJEroGvQUg,class-or-ceremony-page-mention,0.32,false,https://clevelandinternationalhalloffame.com/2020-2022-induction-ceremony/,true
carl-robson-2022,Carl Robson,2022,EfAP31kBlsM,class-or-ceremony-page-mention,0.32,false,https://clevelandinternationalhalloffame.com/2020-2022-induction-ceremony/,true
carl-robson-2022,Carl Robson,2022,XrKxMkfQALI,class-or-ceremony-page-mention,0.32,false,https://clevelandinternationalhalloffame.com/2020-2022-induction-ceremony/,true
carl-robson-2022,Carl Robson,2022,ovFsNwqqQNc,class-or-ceremony-page-mention,0.32,false,https://clevelandinternationalhalloffame.com/2020-2022-induction-ceremony/,true
carl-robson-2022,Carl Robson,2022,36YHkoqo-Fk,class-or-ceremony-page-mention,0.32,false,https://clevelandinternationalhalloffame.com/2020-2022-induction-ceremony/,true
carl-robson-2022,Carl Robson,2022,EZ92Q341gm4,class-or-ceremony-page-mention,0.32,false,https://clevelandinternationalhalloffame.com/2020-2022-induction-ceremony/,true
carl-robson-2022,Carl Robson,2022,MzvxeSsag0w,class-or-ceremony-page-mention,0.32,false,https://clevelandinternationalhalloffame.com/2020-2022-induction-ceremony/,true
catherine-jorgensen-mccutcheon-2026,Catherine Jorgensen McCutcheon,2026,Pyty_Fo8cFs,class-or-ceremony-page-mention,0.32,false,https://clevelandinternationalhalloffame.com/2026-class-and-inductions/,true
catherine-jorgensen-mccutcheon-2026,Catherine Jorgensen McCutcheon,2026,eWsy8Ctigm0,class-or-ceremony-page-mention,0.32,false,https://clevelandinternationalhalloffame.com/2026-class-and-inductions/,true
catherine-jorgensen-mccutcheon-2026,Catherine Jorgensen McCutcheon,2026,e-wqDqAmYP8,class-or-ceremony-page-mention,0.32,false,https://clevelandinternationalhalloffame.com/2026-class-and-inductions/,true
david-gilbert-2025,David Gilbert,2025,S6l7MKK7RWg,class-or-ceremony-page-mention,0.32,false,https://clevelandinternationalhalloffame.com/2025-induction-ceremony/,true
david-gilbert-2025,David Gilbert,2025,63hL5GG_0dA,class-or-ceremony-page-mention,0.32,false,https://clevelandinternationalhalloffame.com/2025-induction-ceremony/,true
david-gilbert-2025,David Gilbert,2025,XJbjDVgzCzc,class-or-ceremony-page-mention,0.32,false,https://clevelandinternationalhalloffame.com/2025-induction-ceremony/,true
david-gilbert-2025,David Gilbert,2025,HQz1pWe_-wM,class-or-ceremony-page-mention,0.32,false,https://clevelandinternationalhalloffame.com/2025-induction-ceremony/,true
dick-pogue-2015,Dick Pogue,2015,I133bhcNqgo,class-or-ceremony-page-mention,0.32,false,https://clevelandinternationalhalloffame.com/2024-details/,true
dick-pogue-2015,Dick Pogue,2015,P34omi5XUiY,class-or-ceremony-page-mention,0.32,false,https://clevelandinternationalhalloffame.com/2024-details/,true
dick-russ-2015,Dick Russ,2015,b3EUjRTsbQI,class-or-ceremony-page-mention,0.32,false,https://clevelandinternationalhalloffame.com/induction-class-2012/,true
dick-russ-2015,Dick Russ,2015,a0gi3EmNU00,class-or-ceremony-page-mention,0.32,false,https://clevelandinternationalhalloffame.com/induction-class-2012/,true
dick-russ-2015,Dick Russ,2015,Do7atH9353s,class-or-ceremony-page-mention,0.32,false,https://clevelandinternationalhalloffame.com/induction-class-2010/,true
dick-russ-2015,Dick Russ,2015,jE7WSnYhKN0,class-or-ceremony-page-mention,0.32,false,https://clevelandinternationalhalloffame.com/induction-class-2010/,true
donna-hom-2014,Donna Hom,2014,I133bhcNqgo,class-or-ceremony-page-mention,0.32,false,https://clevelandinternationalhalloffame.com/2024-details/,true
donna-hom-2014,Donna Hom,2014,P34omi5XUiY,class-or-ceremony-page-mention,0.32,false,https://clevelandinternationalhalloffame.com/2024-details/,true
dr-dieu-thuc-do-2010,Dr. Dieu Thuc Do,2010,I133bhcNqgo,class-or-ceremony-page-mention,0.32,false,https://clevelandinternationalhalloffame.com/2024-details/,true
dr-dieu-thuc-do-2010,Dr. Dieu Thuc Do,2010,P34omi5XUiY,class-or-ceremony-page-mention,0.32,false,https://clevelandinternationalhalloffame.com/2024-details/,true
dr-dieu-thuc-do-2010,Dr. Dieu Thuc Do,2010,Ssb2SQ6HPoo,class-or-ceremony-page-mention,0.32,false,https://clevelandinternationalhalloffame.com/2019-induction-ceremony/,true
dr-dieu-thuc-do-2010,Dr. Dieu Thuc Do,2010,vwTIgQpdBEo,class-or-ceremony-page-mention,0.32,false,https://clevelandinternationalhalloffame.com/2019-induction-ceremony/,true
dr-dieu-thuc-do-2010,Dr. Dieu Thuc Do,2010,w2Xq5luKGCU,class-or-ceremony-page-mention,0.32,false,https://clevelandinternationalhalloffame.com/2019-induction-ceremony/,true
dr-dieu-thuc-do-2010,Dr. Dieu Thuc Do,2010,lHHN_zd8O8k,class-or-ceremony-page-mention,0.32,false,https://clevelandinternationalhalloffame.com/2019-induction-ceremony/,true
dr-dieu-thuc-do-2010,Dr. Dieu Thuc Do,2010,_ifygk1bw5Q,class-or-ceremony-page-mention,0.32,false,https://clevelandinternationalhalloffame.com/2019-induction-ceremony/,true
dr-dieu-thuc-do-2010,Dr. Dieu Thuc Do,2010,eCOSePkWnFY,class-or-ceremony-page-mention,0.32,false,https://clevelandinternationalhalloffame.com/2019-induction-ceremony/,true
dr-dieu-thuc-do-2010,Dr. Dieu Thuc Do,2010,Do7atH9353s,class-or-ceremony-page-mention,0.32,false,https://clevelandinternationalhalloffame.com/induction-class-2010/,true
dr-dieu-thuc-do-2010,Dr. Dieu Thuc Do,2010,jE7WSnYhKN0,class-or-ceremony-page-mention,0.32,false,https://clevelandinternationalhalloffame.com/induction-class-2010/,true
dr-jaya-shah-2012,Dr. Jaya Shah,2012,b3EUjRTsbQI,class-or-ceremony-page-mention,0.32,false,https://clevelandinternationalhalloffame.com/induction-class-2012/,true
dr-jaya-shah-2012,Dr. Jaya Shah,2012,a0gi3EmNU00,class-or-ceremony-page-mention,0.32,false,https://clevelandinternationalhalloffame.com/induction-class-2012/,true
ernie-mihaly-2014,Ernie Mihaly,2014,I133bhcNqgo,class-or-ceremony-page-mention,0.32,false,https://clevelandinternationalhalloffame.com/2024-details/,true
ernie-mihaly-2014,Ernie Mihaly,2014,P34omi5XUiY,class-or-ceremony-page-mention,0.32,false,https://clevelandinternationalhalloffame.com/2024-details/,true
ernie-mihaly-2014,Ernie Mihaly,2014,Ssb2SQ6HPoo,class-or-ceremony-page-mention,0.32,false,https://clevelandinternationalhalloffame.com/2019-induction-ceremony/,true
ernie-mihaly-2014,Ernie Mihaly,2014,vwTIgQpdBEo,class-or-ceremony-page-mention,0.32,false,https://clevelandinternationalhalloffame.com/2019-induction-ceremony/,true
ernie-mihaly-2014,Ernie Mihaly,2014,w2Xq5luKGCU,class-or-ceremony-page-mention,0.32,false,https://clevelandinternationalhalloffame.com/2019-induction-ceremony/,true
ernie-mihaly-2014,Ernie Mihaly,2014,lHHN_zd8O8k,class-or-ceremony-page-mention,0.32,false,https://clevelandinternationalhalloffame.com/2019-induction-ceremony/,true
ernie-mihaly-2014,Ernie Mihaly,2014,_ifygk1bw5Q,class-or-ceremony-page-mention,0.32,false,https://clevelandinternationalhalloffame.com/2019-induction-ceremony/,true
ernie-mihaly-2014,Ernie Mihaly,2014,eCOSePkWnFY,class-or-ceremony-page-mention,0.32,false,https://clevelandinternationalhalloffame.com/2019-induction-ceremony/,true
georgine-welo-2023,Georgine Welo,2023,I133bhcNqgo,class-or-ceremony-page-mention,0.32,false,https://clevelandinternationalhalloffame.com/2024-details/,true
georgine-welo-2023,Georgine Welo,2023,P34omi5XUiY,class-or-ceremony-page-mention,0.32,false,https://clevelandinternationalhalloffame.com/2024-details/,true
georgine-welo-2023,Georgine Welo,2023,yR18WkgJ_tQ,class-or-ceremony-page-mention,0.32,false,https://clevelandinternationalhalloffame.com/2023-induction-ceremony/,true
georgine-welo-2023,Georgine Welo,2023,7im99WF6Sfw,class-or-ceremony-page-mention,0.32,false,https://clevelandinternationalhalloffame.com/2023-induction-ceremony/,true
georgine-welo-2023,Georgine Welo,2023,DhCiFpCsGFk,class-or-ceremony-page-mention,0.32,false,https://clevelandinternationalhalloffame.com/2023-induction-ceremony/,true
georgine-welo-2023,Georgine Welo,2023,RImDK_lpjFM,class-or-ceremony-page-mention,0.32,false,https://clevelandinternationalhalloffame.com/2023-induction-ceremony/,true
georgine-welo-2023,Georgine Welo,2023,EtHbvT_s4NY,class-or-ceremony-page-mention,0.32,false,https://clevelandinternationalhalloffame.com/2023-induction-ceremony/,true
georgine-welo-2023,Georgine Welo,2023,ynzDfs0graM,class-or-ceremony-page-mention,0.32,false,https://clevelandinternationalhalloffame.com/2023-induction-ceremony/,true
georgine-welo-2023,Georgine Welo,2023,lF42eHsGdFc,class-or-ceremony-page-mention,0.32,false,https://clevelandinternationalhalloffame.com/2023-induction-ceremony/,true
gerald-m-quinn-2011,Gerald M. Quinn,2011,A_IJEnnuyYg,class-or-ceremony-page-mention,0.32,false,https://clevelandinternationalhalloffame.com/induction-class-2011/,true
gerald-m-quinn-2011,Gerald M. Quinn,2011,rlg546_0pC4,class-or-ceremony-page-mention,0.32,false,https://clevelandinternationalhalloffame.com/induction-class-2011/,true
giahoa-ryan-2011,Giahoa Ryan,2011,A_IJEnnuyYg,class-or-ceremony-page-mention,0.32,false,https://clevelandinternationalhalloffame.com/induction-class-2011/,true
giahoa-ryan-2011,Giahoa Ryan,2011,rlg546_0pC4,class-or-ceremony-page-mention,0.32,false,https://clevelandinternationalhalloffame.com/induction-class-2011/,true
ingrida-bublys-2019,Ingrida Bublys,2019,I133bhcNqgo,class-or-ceremony-page-mention,0.32,false,https://clevelandinternationalhalloffame.com/2024-details/,true
ingrida-bublys-2019,Ingrida Bublys,2019,P34omi5XUiY,class-or-ceremony-page-mention,0.32,false,https://clevelandinternationalhalloffame.com/2024-details/,true
ingrida-bublys-2019,Ingrida Bublys,2019,Ssb2SQ6HPoo,class-or-ceremony-page-mention,0.32,false,https://clevelandinternationalhalloffame.com/2019-induction-ceremony/,true
ingrida-bublys-2019,Ingrida Bublys,2019,vwTIgQpdBEo,class-or-ceremony-page-mention,0.32,false,https://clevelandinternationalhalloffame.com/2019-induction-ceremony/,true
ingrida-bublys-2019,Ingrida Bublys,2019,w2Xq5luKGCU,class-or-ceremony-page-mention,0.32,false,https://clevelandinternationalhalloffame.com/2019-induction-ceremony/,true
ingrida-bublys-2019,Ingrida Bublys,2019,lHHN_zd8O8k,class-or-ceremony-page-mention,0.32,false,https://clevelandinternationalhalloffame.com/2019-induction-ceremony/,true
ingrida-bublys-2019,Ingrida Bublys,2019,_ifygk1bw5Q,class-or-ceremony-page-mention,0.32,false,https://clevelandinternationalhalloffame.com/2019-induction-ceremony/,true
ingrida-bublys-2019,Ingrida Bublys,2019,eCOSePkWnFY,class-or-ceremony-page-mention,0.32,false,https://clevelandinternationalhalloffame.com/2019-induction-ceremony/,true
ingrida-bublys-2019,Ingrida Bublys,2019,Do7atH9353s,class-or-ceremony-page-mention,0.32,false,https://clevelandinternationalhalloffame.com/induction-class-2010/,true
ingrida-bublys-2019,Ingrida Bublys,2019,jE7WSnYhKN0,class-or-ceremony-page-mention,0.32,false,https://clevelandinternationalhalloffame.com/induction-class-2010/,true
irene-morrow-2010,Irene Morrow,2010,I133bhcNqgo,class-or-ceremony-page-mention,0.32,false,https://clevelandinternationalhalloffame.com/2024-details/,true
irene-morrow-2010,Irene Morrow,2010,P34omi5XUiY,class-or-ceremony-page-mention,0.32,false,https://clevelandinternationalhalloffame.com/2024-details/,true
irene-morrow-2010,Irene Morrow,2010,Ssb2SQ6HPoo,class-or-ceremony-page-mention,0.32,false,https://clevelandinternationalhalloffame.com/2019-induction-ceremony/,true
irene-morrow-2010,Irene Morrow,2010,vwTIgQpdBEo,class-or-ceremony-page-mention,0.32,false,https://clevelandinternationalhalloffame.com/2019-induction-ceremony/,true
irene-morrow-2010,Irene Morrow,2010,w2Xq5luKGCU,class-or-ceremony-page-mention,0.32,false,https://clevelandinternationalhalloffame.com/2019-induction-ceremony/,true
irene-morrow-2010,Irene Morrow,2010,lHHN_zd8O8k,class-or-ceremony-page-mention,0.32,false,https://clevelandinternationalhalloffame.com/2019-induction-ceremony/,true
irene-morrow-2010,Irene Morrow,2010,_ifygk1bw5Q,class-or-ceremony-page-mention,0.32,false,https://clevelandinternationalhalloffame.com/2019-induction-ceremony/,true
irene-morrow-2010,Irene Morrow,2010,eCOSePkWnFY,class-or-ceremony-page-mention,0.32,false,https://clevelandinternationalhalloffame.com/2019-induction-ceremony/,true
irene-morrow-2010,Irene Morrow,2010,Do7atH9353s,class-or-ceremony-page-mention,0.32,false,https://clevelandinternationalhalloffame.com/induction-class-2010/,true
irene-morrow-2010,Irene Morrow,2010,jE7WSnYhKN0,class-or-ceremony-page-mention,0.32,false,https://clevelandinternationalhalloffame.com/induction-class-2010/,true
jack-kahl-2016,Jack Kahl,2016,I133bhcNqgo,class-or-ceremony-page-mention,0.32,false,https://clevelandinternationalhalloffame.com/2024-details/,true
jack-kahl-2016,Jack Kahl,2016,P34omi5XUiY,class-or-ceremony-page-mention,0.32,false,https://clevelandinternationalhalloffame.com/2024-details/,true
jack-kahl-2016,Jack Kahl,2016,b3EUjRTsbQI,class-or-ceremony-page-mention,0.32,false,https://clevelandinternationalhalloffame.com/induction-class-2012/,true
jack-kahl-2016,Jack Kahl,2016,a0gi3EmNU00,class-or-ceremony-page-mention,0.32,false,https://clevelandinternationalhalloffame.com/induction-class-2012/,true
jeanette-grasselli-brown-2010,Jeanette Grasselli Brown,2010,Do7atH9353s,class-or-ceremony-page-mention,0.32,false,https://clevelandinternationalhalloffame.com/induction-class-2010/,true
jeanette-grasselli-brown-2010,Jeanette Grasselli Brown,2010,jE7WSnYhKN0,class-or-ceremony-page-mention,0.32,false,https://clevelandinternationalhalloffame.com/induction-class-2010/,true
jim-craciun-2017,Jim Craciun,2017,I133bhcNqgo,class-or-ceremony-page-mention,0.32,false,https://clevelandinternationalhalloffame.com/2024-details/,true
jim-craciun-2017,Jim Craciun,2017,P34omi5XUiY,class-or-ceremony-page-mention,0.32,false,https://clevelandinternationalhalloffame.com/2024-details/,true
jim-craciun-2017,Jim Craciun,2017,NcCM_1SAQek,class-or-ceremony-page-mention,0.32,false,https://clevelandinternationalhalloffame.com/induction-class-2017/,true
jim-craciun-2017,Jim Craciun,2017,wBzBVH4kBkg,class-or-ceremony-page-mention,0.32,false,https://clevelandinternationalhalloffame.com/induction-class-2017/,true
jim-craciun-2017,Jim Craciun,2017,14YLHrGlU-4,class-or-ceremony-page-mention,0.32,false,https://clevelandinternationalhalloffame.com/induction-class-2017/,true
jim-craciun-2017,Jim Craciun,2017,IblVlQoTrtc,class-or-ceremony-page-mention,0.32,false,https://clevelandinternationalhalloffame.com/induction-class-2017/,true
joe-valencic-2020,Joe Valencic,2020,_JXBIYSnWB0,class-or-ceremony-page-mention,0.32,false,https://clevelandinternationalhalloffame.com/2020-2022-induction-ceremony/,true
joe-valencic-2020,Joe Valencic,2020,YDThFb2kPdA,class-or-ceremony-page-mention,0.32,false,https://clevelandinternationalhalloffame.com/2020-2022-induction-ceremony/,true
joe-valencic-2020,Joe Valencic,2020,zWJEroGvQUg,class-or-ceremony-page-mention,0.32,false,https://clevelandinternationalhalloffame.com/2020-2022-induction-ceremony/,true
joe-valencic-2020,Joe Valencic,2020,EfAP31kBlsM,class-or-ceremony-page-mention,0.32,false,https://clevelandinternationalhalloffame.com/2020-2022-induction-ceremony/,true
joe-valencic-2020,Joe Valencic,2020,XrKxMkfQALI,class-or-ceremony-page-mention,0.32,false,https://clevelandinternationalhalloffame.com/2020-2022-induction-ceremony/,true
joe-valencic-2020,Joe Valencic,2020,ovFsNwqqQNc,class-or-ceremony-page-mention,0.32,false,https://clevelandinternationalhalloffame.com/2020-2022-induction-ceremony/,true
joe-valencic-2020,Joe Valencic,2020,36YHkoqo-Fk,class-or-ceremony-page-mention,0.32,false,https://clevelandinternationalhalloffame.com/2020-2022-induction-ceremony/,true
joe-valencic-2020,Joe Valencic,2020,EZ92Q341gm4,class-or-ceremony-page-mention,0.32,false,https://clevelandinternationalhalloffame.com/2020-2022-induction-ceremony/,true
joe-valencic-2020,Joe Valencic,2020,MzvxeSsag0w,class-or-ceremony-page-mention,0.32,false,https://clevelandinternationalhalloffame.com/2020-2022-induction-ceremony/,true
joyce-mariani-2023,Joyce Mariani,2023,yR18WkgJ_tQ,class-or-ceremony-page-mention,0.32,false,https://clevelandinternationalhalloffame.com/2023-induction-ceremony/,true
joyce-mariani-2023,Joyce Mariani,2023,7im99WF6Sfw,class-or-ceremony-page-mention,0.32,false,https://clevelandinternationalhalloffame.com/2023-induction-ceremony/,true
joyce-mariani-2023,Joyce Mariani,2023,DhCiFpCsGFk,class-or-ceremony-page-mention,0.32,false,https://clevelandinternationalhalloffame.com/2023-induction-ceremony/,true
joyce-mariani-2023,Joyce Mariani,2023,RImDK_lpjFM,class-or-ceremony-page-mention,0.32,false,https://clevelandinternationalhalloffame.com/2023-induction-ceremony/,true
joyce-mariani-2023,Joyce Mariani,2023,EtHbvT_s4NY,class-or-ceremony-page-mention,0.32,false,https://clevelandinternationalhalloffame.com/2023-induction-ceremony/,true
joyce-mariani-2023,Joyce Mariani,2023,ynzDfs0graM,class-or-ceremony-page-mention,0.32,false,https://clevelandinternationalhalloffame.com/2023-induction-ceremony/,true
joyce-mariani-2023,Joyce Mariani,2023,lF42eHsGdFc,class-or-ceremony-page-mention,0.32,false,https://clevelandinternationalhalloffame.com/2023-induction-ceremony/,true
ken-kovach-2012,Ken Kovach,2012,I133bhcNqgo,class-or-ceremony-page-mention,0.32,false,https://clevelandinternationalhalloffame.com/2024-details/,true
ken-kovach-2012,Ken Kovach,2012,P34omi5XUiY,class-or-ceremony-page-mention,0.32,false,https://clevelandinternationalhalloffame.com/2024-details/,true
ken-kovach-2012,Ken Kovach,2012,Ssb2SQ6HPoo,class-or-ceremony-page-mention,0.32,false,https://clevelandinternationalhalloffame.com/2019-induction-ceremony/,true
ken-kovach-2012,Ken Kovach,2012,vwTIgQpdBEo,class-or-ceremony-page-mention,0.32,false,https://clevelandinternationalhalloffame.com/2019-induction-ceremony/,true
ken-kovach-2012,Ken Kovach,2012,w2Xq5luKGCU,class-or-ceremony-page-mention,0.32,false,https://clevelandinternationalhalloffame.com/2019-induction-ceremony/,true
ken-kovach-2012,Ken Kovach,2012,lHHN_zd8O8k,class-or-ceremony-page-mention,0.32,false,https://clevelandinternationalhalloffame.com/2019-induction-ceremony/,true
ken-kovach-2012,Ken Kovach,2012,_ifygk1bw5Q,class-or-ceremony-page-mention,0.32,false,https://clevelandinternationalhalloffame.com/2019-induction-ceremony/,true
ken-kovach-2012,Ken Kovach,2012,eCOSePkWnFY,class-or-ceremony-page-mention,0.32,false,https://clevelandinternationalhalloffame.com/2019-induction-ceremony/,true
ken-kovach-2012,Ken Kovach,2012,b3EUjRTsbQI,class-or-ceremony-page-mention,0.32,false,https://clevelandinternationalhalloffame.com/induction-class-2012/,true
ken-kovach-2012,Ken Kovach,2012,a0gi3EmNU00,class-or-ceremony-page-mention,0.32,false,https://clevelandinternationalhalloffame.com/induction-class-2012/,true
ken-kovach-2012,Ken Kovach,2012,A_IJEnnuyYg,class-or-ceremony-page-mention,0.32,false,https://clevelandinternationalhalloffame.com/induction-class-2011/,true
ken-kovach-2012,Ken Kovach,2012,rlg546_0pC4,class-or-ceremony-page-mention,0.32,false,https://clevelandinternationalhalloffame.com/induction-class-2011/,true
le-nguyen-2026,Le Nguyen,2026,Pyty_Fo8cFs,class-or-ceremony-page-mention,0.32,false,https://clevelandinternationalhalloffame.com/2026-class-and-inductions/,true
le-nguyen-2026,Le Nguyen,2026,eWsy8Ctigm0,class-or-ceremony-page-mention,0.32,false,https://clevelandinternationalhalloffame.com/2026-class-and-inductions/,true
le-nguyen-2026,Le Nguyen,2026,e-wqDqAmYP8,class-or-ceremony-page-mention,0.32,false,https://clevelandinternationalhalloffame.com/2026-class-and-inductions/,true
leo-weidenthal-2010,Leo Weidenthal,2010,I133bhcNqgo,class-or-ceremony-page-mention,0.32,false,https://clevelandinternationalhalloffame.com/2024-details/,true
leo-weidenthal-2010,Leo Weidenthal,2010,P34omi5XUiY,class-or-ceremony-page-mention,0.32,false,https://clevelandinternationalhalloffame.com/2024-details/,true
leo-weidenthal-2010,Leo Weidenthal,2010,Ssb2SQ6HPoo,class-or-ceremony-page-mention,0.32,false,https://clevelandinternationalhalloffame.com/2019-induction-ceremony/,true
leo-weidenthal-2010,Leo Weidenthal,2010,vwTIgQpdBEo,class-or-ceremony-page-mention,0.32,false,https://clevelandinternationalhalloffame.com/2019-induction-ceremony/,true
leo-weidenthal-2010,Leo Weidenthal,2010,w2Xq5luKGCU,class-or-ceremony-page-mention,0.32,false,https://clevelandinternationalhalloffame.com/2019-induction-ceremony/,true
leo-weidenthal-2010,Leo Weidenthal,2010,lHHN_zd8O8k,class-or-ceremony-page-mention,0.32,false,https://clevelandinternationalhalloffame.com/2019-induction-ceremony/,true
leo-weidenthal-2010,Leo Weidenthal,2010,_ifygk1bw5Q,class-or-ceremony-page-mention,0.32,false,https://clevelandinternationalhalloffame.com/2019-induction-ceremony/,true
leo-weidenthal-2010,Leo Weidenthal,2010,eCOSePkWnFY,class-or-ceremony-page-mention,0.32,false,https://clevelandinternationalhalloffame.com/2019-induction-ceremony/,true
leo-weidenthal-2010,Leo Weidenthal,2010,Do7atH9353s,class-or-ceremony-page-mention,0.32,false,https://clevelandinternationalhalloffame.com/induction-class-2010/,true
leo-weidenthal-2010,Leo Weidenthal,2010,jE7WSnYhKN0,class-or-ceremony-page-mention,0.32,false,https://clevelandinternationalhalloffame.com/induction-class-2010/,true
lonnie-mccauley-2010,Lonnie McCauley,2010,I133bhcNqgo,class-or-ceremony-page-mention,0.32,false,https://clevelandinternationalhalloffame.com/2024-details/,true
lonnie-mccauley-2010,Lonnie McCauley,2010,P34omi5XUiY,class-or-ceremony-page-mention,0.32,false,https://clevelandinternationalhalloffame.com/2024-details/,true
lonnie-mccauley-2010,Lonnie McCauley,2010,Ssb2SQ6HPoo,class-or-ceremony-page-mention,0.32,false,https://clevelandinternationalhalloffame.com/2019-induction-ceremony/,true
lonnie-mccauley-2010,Lonnie McCauley,2010,vwTIgQpdBEo,class-or-ceremony-page-mention,0.32,false,https://clevelandinternationalhalloffame.com/2019-induction-ceremony/,true
lonnie-mccauley-2010,Lonnie McCauley,2010,w2Xq5luKGCU,class-or-ceremony-page-mention,0.32,false,https://clevelandinternationalhalloffame.com/2019-induction-ceremony/,true
lonnie-mccauley-2010,Lonnie McCauley,2010,lHHN_zd8O8k,class-or-ceremony-page-mention,0.32,false,https://clevelandinternationalhalloffame.com/2019-induction-ceremony/,true
lonnie-mccauley-2010,Lonnie McCauley,2010,_ifygk1bw5Q,class-or-ceremony-page-mention,0.32,false,https://clevelandinternationalhalloffame.com/2019-induction-ceremony/,true
lonnie-mccauley-2010,Lonnie McCauley,2010,eCOSePkWnFY,class-or-ceremony-page-mention,0.32,false,https://clevelandinternationalhalloffame.com/2019-induction-ceremony/,true
lonnie-mccauley-2010,Lonnie McCauley,2010,Do7atH9353s,class-or-ceremony-page-mention,0.32,false,https://clevelandinternationalhalloffame.com/induction-class-2010/,true
lonnie-mccauley-2010,Lonnie McCauley,2010,jE7WSnYhKN0,class-or-ceremony-page-mention,0.32,false,https://clevelandinternationalhalloffame.com/induction-class-2010/,true
lucretia-stoica-2011,Lucretia Stoica,2011,I133bhcNqgo,class-or-ceremony-page-mention,0.32,false,https://clevelandinternationalhalloffame.com/2024-details/,true
lucretia-stoica-2011,Lucretia Stoica,2011,P34omi5XUiY,class-or-ceremony-page-mention,0.32,false,https://clevelandinternationalhalloffame.com/2024-details/,true
lucretia-stoica-2011,Lucretia Stoica,2011,A_IJEnnuyYg,class-or-ceremony-page-mention,0.32,false,https://clevelandinternationalhalloffame.com/induction-class-2011/,true
lucretia-stoica-2011,Lucretia Stoica,2011,rlg546_0pC4,class-or-ceremony-page-mention,0.32,false,https://clevelandinternationalhalloffame.com/induction-class-2011/,true
lucy-torres-2026,Lucy Torres,2026,Pyty_Fo8cFs,class-or-ceremony-page-mention,0.32,false,https://clevelandinternationalhalloffame.com/2026-class-and-inductions/,true
lucy-torres-2026,Lucy Torres,2026,eWsy8Ctigm0,class-or-ceremony-page-mention,0.32,false,https://clevelandinternationalhalloffame.com/2026-class-and-inductions/,true
lucy-torres-2026,Lucy Torres,2026,e-wqDqAmYP8,class-or-ceremony-page-mention,0.32,false,https://clevelandinternationalhalloffame.com/2026-class-and-inductions/,true
luis-martinez-2011,Luis Martinez,2011,A_IJEnnuyYg,class-or-ceremony-page-mention,0.32,false,https://clevelandinternationalhalloffame.com/induction-class-2011/,true
luis-martinez-2011,Luis Martinez,2011,rlg546_0pC4,class-or-ceremony-page-mention,0.32,false,https://clevelandinternationalhalloffame.com/induction-class-2011/,true
margaret-callander-2014,Margaret Callander,2014,I133bhcNqgo,class-or-ceremony-page-mention,0.32,false,https://clevelandinternationalhalloffame.com/2024-details/,true
margaret-callander-2014,Margaret Callander,2014,P34omi5XUiY,class-or-ceremony-page-mention,0.32,false,https://clevelandinternationalhalloffame.com/2024-details/,true
margaret-lynch-2020,Margaret Lynch,2020,I133bhcNqgo,class-or-ceremony-page-mention,0.32,false,https://clevelandinternationalhalloffame.com/2024-details/,true
margaret-lynch-2020,Margaret Lynch,2020,P34omi5XUiY,class-or-ceremony-page-mention,0.32,false,https://clevelandinternationalhalloffame.com/2024-details/,true
margaret-lynch-2020,Margaret Lynch,2020,_JXBIYSnWB0,class-or-ceremony-page-mention,0.32,false,https://clevelandinternationalhalloffame.com/2020-2022-induction-ceremony/,true
margaret-lynch-2020,Margaret Lynch,2020,YDThFb2kPdA,class-or-ceremony-page-mention,0.32,false,https://clevelandinternationalhalloffame.com/2020-2022-induction-ceremony/,true
margaret-lynch-2020,Margaret Lynch,2020,zWJEroGvQUg,class-or-ceremony-page-mention,0.32,false,https://clevelandinternationalhalloffame.com/2020-2022-induction-ceremony/,true
margaret-lynch-2020,Margaret Lynch,2020,EfAP31kBlsM,class-or-ceremony-page-mention,0.32,false,https://clevelandinternationalhalloffame.com/2020-2022-induction-ceremony/,true
margaret-lynch-2020,Margaret Lynch,2020,XrKxMkfQALI,class-or-ceremony-page-mention,0.32,false,https://clevelandinternationalhalloffame.com/2020-2022-induction-ceremony/,true
margaret-lynch-2020,Margaret Lynch,2020,ovFsNwqqQNc,class-or-ceremony-page-mention,0.32,false,https://clevelandinternationalhalloffame.com/2020-2022-induction-ceremony/,true
margaret-lynch-2020,Margaret Lynch,2020,36YHkoqo-Fk,class-or-ceremony-page-mention,0.32,false,https://clevelandinternationalhalloffame.com/2020-2022-induction-ceremony/,true
margaret-lynch-2020,Margaret Lynch,2020,EZ92Q341gm4,class-or-ceremony-page-mention,0.32,false,https://clevelandinternationalhalloffame.com/2020-2022-induction-ceremony/,true
margaret-lynch-2020,Margaret Lynch,2020,MzvxeSsag0w,class-or-ceremony-page-mention,0.32,false,https://clevelandinternationalhalloffame.com/2020-2022-induction-ceremony/,true
margaret-w-wong-2010,Margaret W. Wong,2010,I133bhcNqgo,class-or-ceremony-page-mention,0.32,false,https://clevelandinternationalhalloffame.com/2024-details/,true
margaret-w-wong-2010,Margaret W. Wong,2010,P34omi5XUiY,class-or-ceremony-page-mention,0.32,false,https://clevelandinternationalhalloffame.com/2024-details/,true
margaret-w-wong-2010,Margaret W. Wong,2010,_JXBIYSnWB0,class-or-ceremony-page-mention,0.32,false,https://clevelandinternationalhalloffame.com/2020-2022-induction-ceremony/,true
margaret-w-wong-2010,Margaret W. Wong,2010,YDThFb2kPdA,class-or-ceremony-page-mention,0.32,false,https://clevelandinternationalhalloffame.com/2020-2022-induction-ceremony/,true
margaret-w-wong-2010,Margaret W. Wong,2010,zWJEroGvQUg,class-or-ceremony-page-mention,0.32,false,https://clevelandinternationalhalloffame.com/2020-2022-induction-ceremony/,true
margaret-w-wong-2010,Margaret W. Wong,2010,EfAP31kBlsM,class-or-ceremony-page-mention,0.32,false,https://clevelandinternationalhalloffame.com/2020-2022-induction-ceremony/,true
margaret-w-wong-2010,Margaret W. Wong,2010,XrKxMkfQALI,class-or-ceremony-page-mention,0.32,false,https://clevelandinternationalhalloffame.com/2020-2022-induction-ceremony/,true
margaret-w-wong-2010,Margaret W. Wong,2010,ovFsNwqqQNc,class-or-ceremony-page-mention,0.32,false,https://clevelandinternationalhalloffame.com/2020-2022-induction-ceremony/,true
margaret-w-wong-2010,Margaret W. Wong,2010,36YHkoqo-Fk,class-or-ceremony-page-mention,0.32,false,https://clevelandinternationalhalloffame.com/2020-2022-induction-ceremony/,true
margaret-w-wong-2010,Margaret W. Wong,2010,EZ92Q341gm4,class-or-ceremony-page-mention,0.32,false,https://clevelandinternationalhalloffame.com/2020-2022-induction-ceremony/,true
margaret-w-wong-2010,Margaret W. Wong,2010,MzvxeSsag0w,class-or-ceremony-page-mention,0.32,false,https://clevelandinternationalhalloffame.com/2020-2022-induction-ceremony/,true
margaret-w-wong-2010,Margaret W. Wong,2010,Do7atH9353s,class-or-ceremony-page-mention,0.32,false,https://clevelandinternationalhalloffame.com/induction-class-2010/,true
margaret-w-wong-2010,Margaret W. Wong,2010,jE7WSnYhKN0,class-or-ceremony-page-mention,0.32,false,https://clevelandinternationalhalloffame.com/induction-class-2010/,true
marilyn-madigan-2019,Marilyn Madigan,2019,Ssb2SQ6HPoo,class-or-ceremony-page-mention,0.32,false,https://clevelandinternationalhalloffame.com/2019-induction-ceremony/,true
marilyn-madigan-2019,Marilyn Madigan,2019,vwTIgQpdBEo,class-or-ceremony-page-mention,0.32,false,https://clevelandinternationalhalloffame.com/2019-induction-ceremony/,true
marilyn-madigan-2019,Marilyn Madigan,2019,w2Xq5luKGCU,class-or-ceremony-page-mention,0.32,false,https://clevelandinternationalhalloffame.com/2019-induction-ceremony/,true
marilyn-madigan-2019,Marilyn Madigan,2019,lHHN_zd8O8k,class-or-ceremony-page-mention,0.32,false,https://clevelandinternationalhalloffame.com/2019-induction-ceremony/,true
marilyn-madigan-2019,Marilyn Madigan,2019,_ifygk1bw5Q,class-or-ceremony-page-mention,0.32,false,https://clevelandinternationalhalloffame.com/2019-induction-ceremony/,true
marilyn-madigan-2019,Marilyn Madigan,2019,eCOSePkWnFY,class-or-ceremony-page-mention,0.32,false,https://clevelandinternationalhalloffame.com/2019-induction-ceremony/,true
may-chen-2020,May Chen,2020,_JXBIYSnWB0,class-or-ceremony-page-mention,0.32,false,https://clevelandinternationalhalloffame.com/2020-2022-induction-ceremony/,true
may-chen-2020,May Chen,2020,YDThFb2kPdA,class-or-ceremony-page-mention,0.32,false,https://clevelandinternationalhalloffame.com/2020-2022-induction-ceremony/,true
may-chen-2020,May Chen,2020,zWJEroGvQUg,class-or-ceremony-page-mention,0.32,false,https://clevelandinternationalhalloffame.com/2020-2022-induction-ceremony/,true
may-chen-2020,May Chen,2020,EfAP31kBlsM,class-or-ceremony-page-mention,0.32,false,https://clevelandinternationalhalloffame.com/2020-2022-induction-ceremony/,true
may-chen-2020,May Chen,2020,XrKxMkfQALI,class-or-ceremony-page-mention,0.32,false,https://clevelandinternationalhalloffame.com/2020-2022-induction-ceremony/,true
may-chen-2020,May Chen,2020,ovFsNwqqQNc,class-or-ceremony-page-mention,0.32,false,https://clevelandinternationalhalloffame.com/2020-2022-induction-ceremony/,true
may-chen-2020,May Chen,2020,36YHkoqo-Fk,class-or-ceremony-page-mention,0.32,false,https://clevelandinternationalhalloffame.com/2020-2022-induction-ceremony/,true
may-chen-2020,May Chen,2020,EZ92Q341gm4,class-or-ceremony-page-mention,0.32,false,https://clevelandinternationalhalloffame.com/2020-2022-induction-ceremony/,true
may-chen-2020,May Chen,2020,MzvxeSsag0w,class-or-ceremony-page-mention,0.32,false,https://clevelandinternationalhalloffame.com/2020-2022-induction-ceremony/,true
mayor-frank-jackson-2025,Mayor Frank Jackson,2025,Ssb2SQ6HPoo,class-or-ceremony-page-mention,0.32,false,https://clevelandinternationalhalloffame.com/2019-induction-ceremony/,true
mayor-frank-jackson-2025,Mayor Frank Jackson,2025,vwTIgQpdBEo,class-or-ceremony-page-mention,0.32,false,https://clevelandinternationalhalloffame.com/2019-induction-ceremony/,true
mayor-frank-jackson-2025,Mayor Frank Jackson,2025,w2Xq5luKGCU,class-or-ceremony-page-mention,0.32,false,https://clevelandinternationalhalloffame.com/2019-induction-ceremony/,true
mayor-frank-jackson-2025,Mayor Frank Jackson,2025,lHHN_zd8O8k,class-or-ceremony-page-mention,0.32,false,https://clevelandinternationalhalloffame.com/2019-induction-ceremony/,true
mayor-frank-jackson-2025,Mayor Frank Jackson,2025,_ifygk1bw5Q,class-or-ceremony-page-mention,0.32,false,https://clevelandinternationalhalloffame.com/2019-induction-ceremony/,true
mayor-frank-jackson-2025,Mayor Frank Jackson,2025,eCOSePkWnFY,class-or-ceremony-page-mention,0.32,false,https://clevelandinternationalhalloffame.com/2019-induction-ceremony/,true
milton-maltz-2012,Milton Maltz,2012,b3EUjRTsbQI,class-or-ceremony-page-mention,0.32,false,https://clevelandinternationalhalloffame.com/induction-class-2012/,true
milton-maltz-2012,Milton Maltz,2012,a0gi3EmNU00,class-or-ceremony-page-mention,0.32,false,https://clevelandinternationalhalloffame.com/induction-class-2012/,true
mohan-bafna-2016,Mohan Bafna,2016,I133bhcNqgo,class-or-ceremony-page-mention,0.32,false,https://clevelandinternationalhalloffame.com/2024-details/,true
mohan-bafna-2016,Mohan Bafna,2016,P34omi5XUiY,class-or-ceremony-page-mention,0.32,false,https://clevelandinternationalhalloffame.com/2024-details/,true
mona-alag-2017,Mona Alag,2017,NcCM_1SAQek,class-or-ceremony-page-mention,0.32,false,https://clevelandinternationalhalloffame.com/induction-class-2017/,true
mona-alag-2017,Mona Alag,2017,wBzBVH4kBkg,class-or-ceremony-page-mention,0.32,false,https://clevelandinternationalhalloffame.com/induction-class-2017/,true
mona-alag-2017,Mona Alag,2017,14YLHrGlU-4,class-or-ceremony-page-mention,0.32,false,https://clevelandinternationalhalloffame.com/induction-class-2017/,true
mona-alag-2017,Mona Alag,2017,IblVlQoTrtc,class-or-ceremony-page-mention,0.32,false,https://clevelandinternationalhalloffame.com/induction-class-2017/,true
mona-alag-2017,Mona Alag,2017,Do7atH9353s,class-or-ceremony-page-mention,0.32,false,https://clevelandinternationalhalloffame.com/induction-class-2010/,true
mona-alag-2017,Mona Alag,2017,jE7WSnYhKN0,class-or-ceremony-page-mention,0.32,false,https://clevelandinternationalhalloffame.com/induction-class-2010/,true
nacy-panzica-2013,Nacy Panzica,2013,I133bhcNqgo,class-or-ceremony-page-mention,0.32,false,https://clevelandinternationalhalloffame.com/2024-details/,true
nacy-panzica-2013,Nacy Panzica,2013,P34omi5XUiY,class-or-ceremony-page-mention,0.32,false,https://clevelandinternationalhalloffame.com/2024-details/,true
nacy-panzica-2013,Nacy Panzica,2013,mrnRSQgQi1k,class-or-ceremony-page-mention,0.32,false,https://clevelandinternationalhalloffame.com/induction-class-2013/,true
nacy-panzica-2013,Nacy Panzica,2013,LLkc_JGAW6M,class-or-ceremony-page-mention,0.32,false,https://clevelandinternationalhalloffame.com/induction-class-2013/,true
paramjit-singh-2010,Paramjit Singh,2010,I133bhcNqgo,class-or-ceremony-page-mention,0.32,false,https://clevelandinternationalhalloffame.com/2024-details/,true
paramjit-singh-2010,Paramjit Singh,2010,P34omi5XUiY,class-or-ceremony-page-mention,0.32,false,https://clevelandinternationalhalloffame.com/2024-details/,true
paramjit-singh-2010,Paramjit Singh,2010,Ssb2SQ6HPoo,class-or-ceremony-page-mention,0.32,false,https://clevelandinternationalhalloffame.com/2019-induction-ceremony/,true
paramjit-singh-2010,Paramjit Singh,2010,vwTIgQpdBEo,class-or-ceremony-page-mention,0.32,false,https://clevelandinternationalhalloffame.com/2019-induction-ceremony/,true
paramjit-singh-2010,Paramjit Singh,2010,w2Xq5luKGCU,class-or-ceremony-page-mention,0.32,false,https://clevelandinternationalhalloffame.com/2019-induction-ceremony/,true
paramjit-singh-2010,Paramjit Singh,2010,lHHN_zd8O8k,class-or-ceremony-page-mention,0.32,false,https://clevelandinternationalhalloffame.com/2019-induction-ceremony/,true
paramjit-singh-2010,Paramjit Singh,2010,_ifygk1bw5Q,class-or-ceremony-page-mention,0.32,false,https://clevelandinternationalhalloffame.com/2019-induction-ceremony/,true
paramjit-singh-2010,Paramjit Singh,2010,eCOSePkWnFY,class-or-ceremony-page-mention,0.32,false,https://clevelandinternationalhalloffame.com/2019-induction-ceremony/,true
paramjit-singh-2010,Paramjit Singh,2010,Do7atH9353s,class-or-ceremony-page-mention,0.32,false,https://clevelandinternationalhalloffame.com/induction-class-2010/,true
paramjit-singh-2010,Paramjit Singh,2010,jE7WSnYhKN0,class-or-ceremony-page-mention,0.32,false,https://clevelandinternationalhalloffame.com/induction-class-2010/,true
pat-dowd-2023,Pat Dowd,2023,Do7atH9353s,class-or-ceremony-page-mention,0.32,false,https://clevelandinternationalhalloffame.com/induction-class-2010/,true
pat-dowd-2023,Pat Dowd,2023,jE7WSnYhKN0,class-or-ceremony-page-mention,0.32,false,https://clevelandinternationalhalloffame.com/induction-class-2010/,true
paul-burik-2019,Paul Burik,2019,I133bhcNqgo,class-or-ceremony-page-mention,0.32,false,https://clevelandinternationalhalloffame.com/2024-details/,true
paul-burik-2019,Paul Burik,2019,P34omi5XUiY,class-or-ceremony-page-mention,0.32,false,https://clevelandinternationalhalloffame.com/2024-details/,true
paul-burik-2019,Paul Burik,2019,_JXBIYSnWB0,class-or-ceremony-page-mention,0.32,false,https://clevelandinternationalhalloffame.com/2020-2022-induction-ceremony/,true
paul-burik-2019,Paul Burik,2019,YDThFb2kPdA,class-or-ceremony-page-mention,0.32,false,https://clevelandinternationalhalloffame.com/2020-2022-induction-ceremony/,true
paul-burik-2019,Paul Burik,2019,zWJEroGvQUg,class-or-ceremony-page-mention,0.32,false,https://clevelandinternationalhalloffame.com/2020-2022-induction-ceremony/,true
paul-burik-2019,Paul Burik,2019,EfAP31kBlsM,class-or-ceremony-page-mention,0.32,false,https://clevelandinternationalhalloffame.com/2020-2022-induction-ceremony/,true
paul-burik-2019,Paul Burik,2019,XrKxMkfQALI,class-or-ceremony-page-mention,0.32,false,https://clevelandinternationalhalloffame.com/2020-2022-induction-ceremony/,true
paul-burik-2019,Paul Burik,2019,ovFsNwqqQNc,class-or-ceremony-page-mention,0.32,false,https://clevelandinternationalhalloffame.com/2020-2022-induction-ceremony/,true
paul-burik-2019,Paul Burik,2019,36YHkoqo-Fk,class-or-ceremony-page-mention,0.32,false,https://clevelandinternationalhalloffame.com/2020-2022-induction-ceremony/,true
paul-burik-2019,Paul Burik,2019,EZ92Q341gm4,class-or-ceremony-page-mention,0.32,false,https://clevelandinternationalhalloffame.com/2020-2022-induction-ceremony/,true
paul-burik-2019,Paul Burik,2019,MzvxeSsag0w,class-or-ceremony-page-mention,0.32,false,https://clevelandinternationalhalloffame.com/2020-2022-induction-ceremony/,true
paul-burik-2019,Paul Burik,2019,Ssb2SQ6HPoo,class-or-ceremony-page-mention,0.32,false,https://clevelandinternationalhalloffame.com/2019-induction-ceremony/,true
paul-burik-2019,Paul Burik,2019,vwTIgQpdBEo,class-or-ceremony-page-mention,0.32,false,https://clevelandinternationalhalloffame.com/2019-induction-ceremony/,true
paul-burik-2019,Paul Burik,2019,w2Xq5luKGCU,class-or-ceremony-page-mention,0.32,false,https://clevelandinternationalhalloffame.com/2019-induction-ceremony/,true
paul-burik-2019,Paul Burik,2019,lHHN_zd8O8k,class-or-ceremony-page-mention,0.32,false,https://clevelandinternationalhalloffame.com/2019-induction-ceremony/,true
paul-burik-2019,Paul Burik,2019,_ifygk1bw5Q,class-or-ceremony-page-mention,0.32,false,https://clevelandinternationalhalloffame.com/2019-induction-ceremony/,true
paul-burik-2019,Paul Burik,2019,eCOSePkWnFY,class-or-ceremony-page-mention,0.32,false,https://clevelandinternationalhalloffame.com/2019-induction-ceremony/,true
paul-burik-2019,Paul Burik,2019,Do7atH9353s,class-or-ceremony-page-mention,0.32,false,https://clevelandinternationalhalloffame.com/induction-class-2010/,true
paul-burik-2019,Paul Burik,2019,jE7WSnYhKN0,class-or-ceremony-page-mention,0.32,false,https://clevelandinternationalhalloffame.com/induction-class-2010/,true
paul-sciria-2010,Paul Sciria,2010,I133bhcNqgo,class-or-ceremony-page-mention,0.32,false,https://clevelandinternationalhalloffame.com/2024-details/,true
paul-sciria-2010,Paul Sciria,2010,P34omi5XUiY,class-or-ceremony-page-mention,0.32,false,https://clevelandinternationalhalloffame.com/2024-details/,true
paul-sciria-2010,Paul Sciria,2010,Ssb2SQ6HPoo,class-or-ceremony-page-mention,0.32,false,https://clevelandinternationalhalloffame.com/2019-induction-ceremony/,true
paul-sciria-2010,Paul Sciria,2010,vwTIgQpdBEo,class-or-ceremony-page-mention,0.32,false,https://clevelandinternationalhalloffame.com/2019-induction-ceremony/,true
paul-sciria-2010,Paul Sciria,2010,w2Xq5luKGCU,class-or-ceremony-page-mention,0.32,false,https://clevelandinternationalhalloffame.com/2019-induction-ceremony/,true
paul-sciria-2010,Paul Sciria,2010,lHHN_zd8O8k,class-or-ceremony-page-mention,0.32,false,https://clevelandinternationalhalloffame.com/2019-induction-ceremony/,true
paul-sciria-2010,Paul Sciria,2010,_ifygk1bw5Q,class-or-ceremony-page-mention,0.32,false,https://clevelandinternationalhalloffame.com/2019-induction-ceremony/,true
paul-sciria-2010,Paul Sciria,2010,eCOSePkWnFY,class-or-ceremony-page-mention,0.32,false,https://clevelandinternationalhalloffame.com/2019-induction-ceremony/,true
paul-sciria-2010,Paul Sciria,2010,Do7atH9353s,class-or-ceremony-page-mention,0.32,false,https://clevelandinternationalhalloffame.com/induction-class-2010/,true
paul-sciria-2010,Paul Sciria,2010,jE7WSnYhKN0,class-or-ceremony-page-mention,0.32,false,https://clevelandinternationalhalloffame.com/induction-class-2010/,true
pierre-bejjani-2023,Pierre Bejjani,2023,I133bhcNqgo,class-or-ceremony-page-mention,0.32,false,https://clevelandinternationalhalloffame.com/2024-details/,true
pierre-bejjani-2023,Pierre Bejjani,2023,P34omi5XUiY,class-or-ceremony-page-mention,0.32,false,https://clevelandinternationalhalloffame.com/2024-details/,true
pierre-bejjani-2023,Pierre Bejjani,2023,yR18WkgJ_tQ,class-or-ceremony-page-mention,0.32,false,https://clevelandinternationalhalloffame.com/2023-induction-ceremony/,true
pierre-bejjani-2023,Pierre Bejjani,2023,7im99WF6Sfw,class-or-ceremony-page-mention,0.32,false,https://clevelandinternationalhalloffame.com/2023-induction-ceremony/,true
pierre-bejjani-2023,Pierre Bejjani,2023,DhCiFpCsGFk,class-or-ceremony-page-mention,0.32,false,https://clevelandinternationalhalloffame.com/2023-induction-ceremony/,true
pierre-bejjani-2023,Pierre Bejjani,2023,RImDK_lpjFM,class-or-ceremony-page-mention,0.32,false,https://clevelandinternationalhalloffame.com/2023-induction-ceremony/,true
pierre-bejjani-2023,Pierre Bejjani,2023,EtHbvT_s4NY,class-or-ceremony-page-mention,0.32,false,https://clevelandinternationalhalloffame.com/2023-induction-ceremony/,true
pierre-bejjani-2023,Pierre Bejjani,2023,ynzDfs0graM,class-or-ceremony-page-mention,0.32,false,https://clevelandinternationalhalloffame.com/2023-induction-ceremony/,true
pierre-bejjani-2023,Pierre Bejjani,2023,lF42eHsGdFc,class-or-ceremony-page-mention,0.32,false,https://clevelandinternationalhalloffame.com/2023-induction-ceremony/,true
pierre-bejjani-2023,Pierre Bejjani,2023,Pg4Uqs_wZRY,class-or-ceremony-page-mention,0.32,false,https://clevelandinternationalhalloffame.com/induction-class-2018/,true
pierre-bejjani-2023,Pierre Bejjani,2023,o_9k7ZtTvas,class-or-ceremony-page-mention,0.32,false,https://clevelandinternationalhalloffame.com/induction-class-2018/,true
pierre-bejjani-2023,Pierre Bejjani,2023,_uTf8G8a6b0,class-or-ceremony-page-mention,0.32,false,https://clevelandinternationalhalloffame.com/induction-class-2018/,true
pierre-bejjani-2023,Pierre Bejjani,2023,YCV-PL-GOuk,class-or-ceremony-page-mention,0.32,false,https://clevelandinternationalhalloffame.com/induction-class-2018/,true
pierre-bejjani-2023,Pierre Bejjani,2023,bsoEDM5cG2s,class-or-ceremony-page-mention,0.32,false,https://clevelandinternationalhalloffame.com/induction-class-2018/,true
raj-aggarwal-2025,Raj Aggarwal,2025,S6l7MKK7RWg,class-or-ceremony-page-mention,0.32,false,https://clevelandinternationalhalloffame.com/2025-induction-ceremony/,true
raj-aggarwal-2025,Raj Aggarwal,2025,63hL5GG_0dA,class-or-ceremony-page-mention,0.32,false,https://clevelandinternationalhalloffame.com/2025-induction-ceremony/,true
raj-aggarwal-2025,Raj Aggarwal,2025,XJbjDVgzCzc,class-or-ceremony-page-mention,0.32,false,https://clevelandinternationalhalloffame.com/2025-induction-ceremony/,true
raj-aggarwal-2025,Raj Aggarwal,2025,HQz1pWe_-wM,class-or-ceremony-page-mention,0.32,false,https://clevelandinternationalhalloffame.com/2025-induction-ceremony/,true
ramesh-shah-2020,Ramesh Shah,2020,_JXBIYSnWB0,class-or-ceremony-page-mention,0.32,false,https://clevelandinternationalhalloffame.com/2020-2022-induction-ceremony/,true
ramesh-shah-2020,Ramesh Shah,2020,YDThFb2kPdA,class-or-ceremony-page-mention,0.32,false,https://clevelandinternationalhalloffame.com/2020-2022-induction-ceremony/,true
ramesh-shah-2020,Ramesh Shah,2020,zWJEroGvQUg,class-or-ceremony-page-mention,0.32,false,https://clevelandinternationalhalloffame.com/2020-2022-induction-ceremony/,true
ramesh-shah-2020,Ramesh Shah,2020,EfAP31kBlsM,class-or-ceremony-page-mention,0.32,false,https://clevelandinternationalhalloffame.com/2020-2022-induction-ceremony/,true
ramesh-shah-2020,Ramesh Shah,2020,XrKxMkfQALI,class-or-ceremony-page-mention,0.32,false,https://clevelandinternationalhalloffame.com/2020-2022-induction-ceremony/,true
ramesh-shah-2020,Ramesh Shah,2020,ovFsNwqqQNc,class-or-ceremony-page-mention,0.32,false,https://clevelandinternationalhalloffame.com/2020-2022-induction-ceremony/,true
ramesh-shah-2020,Ramesh Shah,2020,36YHkoqo-Fk,class-or-ceremony-page-mention,0.32,false,https://clevelandinternationalhalloffame.com/2020-2022-induction-ceremony/,true
ramesh-shah-2020,Ramesh Shah,2020,EZ92Q341gm4,class-or-ceremony-page-mention,0.32,false,https://clevelandinternationalhalloffame.com/2020-2022-induction-ceremony/,true
ramesh-shah-2020,Ramesh Shah,2020,MzvxeSsag0w,class-or-ceremony-page-mention,0.32,false,https://clevelandinternationalhalloffame.com/2020-2022-induction-ceremony/,true
ramesh-shah-2020,Ramesh Shah,2020,Ssb2SQ6HPoo,class-or-ceremony-page-mention,0.32,false,https://clevelandinternationalhalloffame.com/2019-induction-ceremony/,true
ramesh-shah-2020,Ramesh Shah,2020,vwTIgQpdBEo,class-or-ceremony-page-mention,0.32,false,https://clevelandinternationalhalloffame.com/2019-induction-ceremony/,true
ramesh-shah-2020,Ramesh Shah,2020,w2Xq5luKGCU,class-or-ceremony-page-mention,0.32,false,https://clevelandinternationalhalloffame.com/2019-induction-ceremony/,true
ramesh-shah-2020,Ramesh Shah,2020,lHHN_zd8O8k,class-or-ceremony-page-mention,0.32,false,https://clevelandinternationalhalloffame.com/2019-induction-ceremony/,true
ramesh-shah-2020,Ramesh Shah,2020,_ifygk1bw5Q,class-or-ceremony-page-mention,0.32,false,https://clevelandinternationalhalloffame.com/2019-induction-ceremony/,true
ramesh-shah-2020,Ramesh Shah,2020,eCOSePkWnFY,class-or-ceremony-page-mention,0.32,false,https://clevelandinternationalhalloffame.com/2019-induction-ceremony/,true
ray-pianka-2018,Ray Pianka,2018,I133bhcNqgo,class-or-ceremony-page-mention,0.32,false,https://clevelandinternationalhalloffame.com/2024-details/,true
ray-pianka-2018,Ray Pianka,2018,P34omi5XUiY,class-or-ceremony-page-mention,0.32,false,https://clevelandinternationalhalloffame.com/2024-details/,true
ray-pianka-2018,Ray Pianka,2018,Pg4Uqs_wZRY,class-or-ceremony-page-mention,0.32,false,https://clevelandinternationalhalloffame.com/induction-class-2018/,true
ray-pianka-2018,Ray Pianka,2018,o_9k7ZtTvas,class-or-ceremony-page-mention,0.32,false,https://clevelandinternationalhalloffame.com/induction-class-2018/,true
ray-pianka-2018,Ray Pianka,2018,_uTf8G8a6b0,class-or-ceremony-page-mention,0.32,false,https://clevelandinternationalhalloffame.com/induction-class-2018/,true
ray-pianka-2018,Ray Pianka,2018,YCV-PL-GOuk,class-or-ceremony-page-mention,0.32,false,https://clevelandinternationalhalloffame.com/induction-class-2018/,true
ray-pianka-2018,Ray Pianka,2018,bsoEDM5cG2s,class-or-ceremony-page-mention,0.32,false,https://clevelandinternationalhalloffame.com/induction-class-2018/,true
ray-pianka-2018,Ray Pianka,2018,Pg4Uqs_wZRY,class-or-ceremony-page-mention,0.32,false,https://clevelandinternationalhalloffame.com/2018-induction/,true
ray-pianka-2018,Ray Pianka,2018,o_9k7ZtTvas,class-or-ceremony-page-mention,0.32,false,https://clevelandinternationalhalloffame.com/2018-induction/,true
ray-pianka-2018,Ray Pianka,2018,_uTf8G8a6b0,class-or-ceremony-page-mention,0.32,false,https://clevelandinternationalhalloffame.com/2018-induction/,true
ray-pianka-2018,Ray Pianka,2018,YCV-PL-GOuk,class-or-ceremony-page-mention,0.32,false,https://clevelandinternationalhalloffame.com/2018-induction/,true
ray-pianka-2018,Ray Pianka,2018,bsoEDM5cG2s,class-or-ceremony-page-mention,0.32,false,https://clevelandinternationalhalloffame.com/2018-induction/,true
richard-fleischman-2019,Richard Fleischman,2019,I133bhcNqgo,class-or-ceremony-page-mention,0.32,false,https://clevelandinternationalhalloffame.com/2024-details/,true
richard-fleischman-2019,Richard Fleischman,2019,P34omi5XUiY,class-or-ceremony-page-mention,0.32,false,https://clevelandinternationalhalloffame.com/2024-details/,true
richard-fleischman-2019,Richard Fleischman,2019,Ssb2SQ6HPoo,class-or-ceremony-page-mention,0.32,false,https://clevelandinternationalhalloffame.com/2019-induction-ceremony/,true
richard-fleischman-2019,Richard Fleischman,2019,vwTIgQpdBEo,class-or-ceremony-page-mention,0.32,false,https://clevelandinternationalhalloffame.com/2019-induction-ceremony/,true
richard-fleischman-2019,Richard Fleischman,2019,w2Xq5luKGCU,class-or-ceremony-page-mention,0.32,false,https://clevelandinternationalhalloffame.com/2019-induction-ceremony/,true
richard-fleischman-2019,Richard Fleischman,2019,lHHN_zd8O8k,class-or-ceremony-page-mention,0.32,false,https://clevelandinternationalhalloffame.com/2019-induction-ceremony/,true
richard-fleischman-2019,Richard Fleischman,2019,_ifygk1bw5Q,class-or-ceremony-page-mention,0.32,false,https://clevelandinternationalhalloffame.com/2019-induction-ceremony/,true
richard-fleischman-2019,Richard Fleischman,2019,eCOSePkWnFY,class-or-ceremony-page-mention,0.32,false,https://clevelandinternationalhalloffame.com/2019-induction-ceremony/,true
robert-j-haas-2010,Robert J. Haas,2010,Do7atH9353s,class-or-ceremony-page-mention,0.32,false,https://clevelandinternationalhalloffame.com/induction-class-2010/,true
robert-j-haas-2010,Robert J. Haas,2010,jE7WSnYhKN0,class-or-ceremony-page-mention,0.32,false,https://clevelandinternationalhalloffame.com/induction-class-2010/,true
senator-george-voinovich-2010,Senator George Voinovich,2010,I133bhcNqgo,class-or-ceremony-page-mention,0.32,false,https://clevelandinternationalhalloffame.com/2024-details/,true
senator-george-voinovich-2010,Senator George Voinovich,2010,P34omi5XUiY,class-or-ceremony-page-mention,0.32,false,https://clevelandinternationalhalloffame.com/2024-details/,true
senator-george-voinovich-2010,Senator George Voinovich,2010,Ssb2SQ6HPoo,class-or-ceremony-page-mention,0.32,false,https://clevelandinternationalhalloffame.com/2019-induction-ceremony/,true
senator-george-voinovich-2010,Senator George Voinovich,2010,vwTIgQpdBEo,class-or-ceremony-page-mention,0.32,false,https://clevelandinternationalhalloffame.com/2019-induction-ceremony/,true
senator-george-voinovich-2010,Senator George Voinovich,2010,w2Xq5luKGCU,class-or-ceremony-page-mention,0.32,false,https://clevelandinternationalhalloffame.com/2019-induction-ceremony/,true
senator-george-voinovich-2010,Senator George Voinovich,2010,lHHN_zd8O8k,class-or-ceremony-page-mention,0.32,false,https://clevelandinternationalhalloffame.com/2019-induction-ceremony/,true
senator-george-voinovich-2010,Senator George Voinovich,2010,_ifygk1bw5Q,class-or-ceremony-page-mention,0.32,false,https://clevelandinternationalhalloffame.com/2019-induction-ceremony/,true
senator-george-voinovich-2010,Senator George Voinovich,2010,eCOSePkWnFY,class-or-ceremony-page-mention,0.32,false,https://clevelandinternationalhalloffame.com/2019-induction-ceremony/,true
sheila-murphy-crawford-2018,Sheila Murphy Crawford,2018,I133bhcNqgo,class-or-ceremony-page-mention,0.32,false,https://clevelandinternationalhalloffame.com/2024-details/,true
sheila-murphy-crawford-2018,Sheila Murphy Crawford,2018,P34omi5XUiY,class-or-ceremony-page-mention,0.32,false,https://clevelandinternationalhalloffame.com/2024-details/,true
sheila-murphy-crawford-2018,Sheila Murphy Crawford,2018,Pg4Uqs_wZRY,class-or-ceremony-page-mention,0.32,false,https://clevelandinternationalhalloffame.com/induction-class-2018/,true
sheila-murphy-crawford-2018,Sheila Murphy Crawford,2018,o_9k7ZtTvas,class-or-ceremony-page-mention,0.32,false,https://clevelandinternationalhalloffame.com/induction-class-2018/,true
sheila-murphy-crawford-2018,Sheila Murphy Crawford,2018,_uTf8G8a6b0,class-or-ceremony-page-mention,0.32,false,https://clevelandinternationalhalloffame.com/induction-class-2018/,true
sheila-murphy-crawford-2018,Sheila Murphy Crawford,2018,YCV-PL-GOuk,class-or-ceremony-page-mention,0.32,false,https://clevelandinternationalhalloffame.com/induction-class-2018/,true
sheila-murphy-crawford-2018,Sheila Murphy Crawford,2018,bsoEDM5cG2s,class-or-ceremony-page-mention,0.32,false,https://clevelandinternationalhalloffame.com/induction-class-2018/,true
sheila-murphy-crawford-2018,Sheila Murphy Crawford,2018,Pg4Uqs_wZRY,class-or-ceremony-page-mention,0.32,false,https://clevelandinternationalhalloffame.com/2018-induction/,true
sheila-murphy-crawford-2018,Sheila Murphy Crawford,2018,o_9k7ZtTvas,class-or-ceremony-page-mention,0.32,false,https://clevelandinternationalhalloffame.com/2018-induction/,true
sheila-murphy-crawford-2018,Sheila Murphy Crawford,2018,_uTf8G8a6b0,class-or-ceremony-page-mention,0.32,false,https://clevelandinternationalhalloffame.com/2018-induction/,true
sheila-murphy-crawford-2018,Sheila Murphy Crawford,2018,YCV-PL-GOuk,class-or-ceremony-page-mention,0.32,false,https://clevelandinternationalhalloffame.com/2018-induction/,true
sheila-murphy-crawford-2018,Sheila Murphy Crawford,2018,bsoEDM5cG2s,class-or-ceremony-page-mention,0.32,false,https://clevelandinternationalhalloffame.com/2018-induction/,true
sister-alicia-alvarado-2018,Sister Alicia Alvarado,2018,I133bhcNqgo,class-or-ceremony-page-mention,0.32,false,https://clevelandinternationalhalloffame.com/2024-details/,true
sister-alicia-alvarado-2018,Sister Alicia Alvarado,2018,P34omi5XUiY,class-or-ceremony-page-mention,0.32,false,https://clevelandinternationalhalloffame.com/2024-details/,true
sister-alicia-alvarado-2018,Sister Alicia Alvarado,2018,Pg4Uqs_wZRY,class-or-ceremony-page-mention,0.32,false,https://clevelandinternationalhalloffame.com/induction-class-2018/,true
sister-alicia-alvarado-2018,Sister Alicia Alvarado,2018,o_9k7ZtTvas,class-or-ceremony-page-mention,0.32,false,https://clevelandinternationalhalloffame.com/induction-class-2018/,true
sister-alicia-alvarado-2018,Sister Alicia Alvarado,2018,_uTf8G8a6b0,class-or-ceremony-page-mention,0.32,false,https://clevelandinternationalhalloffame.com/induction-class-2018/,true
sister-alicia-alvarado-2018,Sister Alicia Alvarado,2018,YCV-PL-GOuk,class-or-ceremony-page-mention,0.32,false,https://clevelandinternationalhalloffame.com/induction-class-2018/,true
sister-alicia-alvarado-2018,Sister Alicia Alvarado,2018,bsoEDM5cG2s,class-or-ceremony-page-mention,0.32,false,https://clevelandinternationalhalloffame.com/induction-class-2018/,true
sister-alicia-alvarado-2018,Sister Alicia Alvarado,2018,Pg4Uqs_wZRY,class-or-ceremony-page-mention,0.32,false,https://clevelandinternationalhalloffame.com/2018-induction/,true
sister-alicia-alvarado-2018,Sister Alicia Alvarado,2018,o_9k7ZtTvas,class-or-ceremony-page-mention,0.32,false,https://clevelandinternationalhalloffame.com/2018-induction/,true
sister-alicia-alvarado-2018,Sister Alicia Alvarado,2018,_uTf8G8a6b0,class-or-ceremony-page-mention,0.32,false,https://clevelandinternationalhalloffame.com/2018-induction/,true
sister-alicia-alvarado-2018,Sister Alicia Alvarado,2018,YCV-PL-GOuk,class-or-ceremony-page-mention,0.32,false,https://clevelandinternationalhalloffame.com/2018-induction/,true
sister-alicia-alvarado-2018,Sister Alicia Alvarado,2018,bsoEDM5cG2s,class-or-ceremony-page-mention,0.32,false,https://clevelandinternationalhalloffame.com/2018-induction/,true
sree-sreenath-2019,Sree Sreenath,2019,Ssb2SQ6HPoo,class-or-ceremony-page-mention,0.32,false,https://clevelandinternationalhalloffame.com/2019-induction-ceremony/,true
sree-sreenath-2019,Sree Sreenath,2019,vwTIgQpdBEo,class-or-ceremony-page-mention,0.32,false,https://clevelandinternationalhalloffame.com/2019-induction-ceremony/,true
sree-sreenath-2019,Sree Sreenath,2019,w2Xq5luKGCU,class-or-ceremony-page-mention,0.32,false,https://clevelandinternationalhalloffame.com/2019-induction-ceremony/,true
sree-sreenath-2019,Sree Sreenath,2019,lHHN_zd8O8k,class-or-ceremony-page-mention,0.32,false,https://clevelandinternationalhalloffame.com/2019-induction-ceremony/,true
sree-sreenath-2019,Sree Sreenath,2019,_ifygk1bw5Q,class-or-ceremony-page-mention,0.32,false,https://clevelandinternationalhalloffame.com/2019-induction-ceremony/,true
sree-sreenath-2019,Sree Sreenath,2019,eCOSePkWnFY,class-or-ceremony-page-mention,0.32,false,https://clevelandinternationalhalloffame.com/2019-induction-ceremony/,true
steve-mulloy-2015,Steve Mulloy,2015,I133bhcNqgo,class-or-ceremony-page-mention,0.32,false,https://clevelandinternationalhalloffame.com/2024-details/,true
steve-mulloy-2015,Steve Mulloy,2015,P34omi5XUiY,class-or-ceremony-page-mention,0.32,false,https://clevelandinternationalhalloffame.com/2024-details/,true
sudarshan-sathe-2023,Sudarshan Sathe,2023,I133bhcNqgo,class-or-ceremony-page-mention,0.32,false,https://clevelandinternationalhalloffame.com/2024-details/,true
sudarshan-sathe-2023,Sudarshan Sathe,2023,P34omi5XUiY,class-or-ceremony-page-mention,0.32,false,https://clevelandinternationalhalloffame.com/2024-details/,true
sudarshan-sathe-2023,Sudarshan Sathe,2023,yR18WkgJ_tQ,class-or-ceremony-page-mention,0.32,false,https://clevelandinternationalhalloffame.com/2023-induction-ceremony/,true
sudarshan-sathe-2023,Sudarshan Sathe,2023,7im99WF6Sfw,class-or-ceremony-page-mention,0.32,false,https://clevelandinternationalhalloffame.com/2023-induction-ceremony/,true
sudarshan-sathe-2023,Sudarshan Sathe,2023,DhCiFpCsGFk,class-or-ceremony-page-mention,0.32,false,https://clevelandinternationalhalloffame.com/2023-induction-ceremony/,true
sudarshan-sathe-2023,Sudarshan Sathe,2023,RImDK_lpjFM,class-or-ceremony-page-mention,0.32,false,https://clevelandinternationalhalloffame.com/2023-induction-ceremony/,true
sudarshan-sathe-2023,Sudarshan Sathe,2023,EtHbvT_s4NY,class-or-ceremony-page-mention,0.32,false,https://clevelandinternationalhalloffame.com/2023-induction-ceremony/,true
sudarshan-sathe-2023,Sudarshan Sathe,2023,ynzDfs0graM,class-or-ceremony-page-mention,0.32,false,https://clevelandinternationalhalloffame.com/2023-induction-ceremony/,true
sudarshan-sathe-2023,Sudarshan Sathe,2023,lF42eHsGdFc,class-or-ceremony-page-mention,0.32,false,https://clevelandinternationalhalloffame.com/2023-induction-ceremony/,true
sudarshan-sathe-2023,Sudarshan Sathe,2023,_JXBIYSnWB0,class-or-ceremony-page-mention,0.32,false,https://clevelandinternationalhalloffame.com/2020-2022-induction-ceremony/,true
sudarshan-sathe-2023,Sudarshan Sathe,2023,YDThFb2kPdA,class-or-ceremony-page-mention,0.32,false,https://clevelandinternationalhalloffame.com/2020-2022-induction-ceremony/,true
sudarshan-sathe-2023,Sudarshan Sathe,2023,zWJEroGvQUg,class-or-ceremony-page-mention,0.32,false,https://clevelandinternationalhalloffame.com/2020-2022-induction-ceremony/,true
sudarshan-sathe-2023,Sudarshan Sathe,2023,EfAP31kBlsM,class-or-ceremony-page-mention,0.32,false,https://clevelandinternationalhalloffame.com/2020-2022-induction-ceremony/,true
sudarshan-sathe-2023,Sudarshan Sathe,2023,XrKxMkfQALI,class-or-ceremony-page-mention,0.32,false,https://clevelandinternationalhalloffame.com/2020-2022-induction-ceremony/,true
sudarshan-sathe-2023,Sudarshan Sathe,2023,ovFsNwqqQNc,class-or-ceremony-page-mention,0.32,false,https://clevelandinternationalhalloffame.com/2020-2022-induction-ceremony/,true
sudarshan-sathe-2023,Sudarshan Sathe,2023,36YHkoqo-Fk,class-or-ceremony-page-mention,0.32,false,https://clevelandinternationalhalloffame.com/2020-2022-induction-ceremony/,true
sudarshan-sathe-2023,Sudarshan Sathe,2023,EZ92Q341gm4,class-or-ceremony-page-mention,0.32,false,https://clevelandinternationalhalloffame.com/2020-2022-induction-ceremony/,true
sudarshan-sathe-2023,Sudarshan Sathe,2023,MzvxeSsag0w,class-or-ceremony-page-mention,0.32,false,https://clevelandinternationalhalloffame.com/2020-2022-induction-ceremony/,true
sudarshan-sathe-2023,Sudarshan Sathe,2023,NcCM_1SAQek,class-or-ceremony-page-mention,0.32,false,https://clevelandinternationalhalloffame.com/induction-class-2017/,true
sudarshan-sathe-2023,Sudarshan Sathe,2023,wBzBVH4kBkg,class-or-ceremony-page-mention,0.32,false,https://clevelandinternationalhalloffame.com/induction-class-2017/,true
sudarshan-sathe-2023,Sudarshan Sathe,2023,14YLHrGlU-4,class-or-ceremony-page-mention,0.32,false,https://clevelandinternationalhalloffame.com/induction-class-2017/,true
sudarshan-sathe-2023,Sudarshan Sathe,2023,IblVlQoTrtc,class-or-ceremony-page-mention,0.32,false,https://clevelandinternationalhalloffame.com/induction-class-2017/,true
svetlana-stolyarova-2025,Svetlana Stolyarova,2025,S6l7MKK7RWg,class-or-ceremony-page-mention,0.32,false,https://clevelandinternationalhalloffame.com/2025-induction-ceremony/,true
svetlana-stolyarova-2025,Svetlana Stolyarova,2025,63hL5GG_0dA,class-or-ceremony-page-mention,0.32,false,https://clevelandinternationalhalloffame.com/2025-induction-ceremony/,true
svetlana-stolyarova-2025,Svetlana Stolyarova,2025,XJbjDVgzCzc,class-or-ceremony-page-mention,0.32,false,https://clevelandinternationalhalloffame.com/2025-induction-ceremony/,true
svetlana-stolyarova-2025,Svetlana Stolyarova,2025,HQz1pWe_-wM,class-or-ceremony-page-mention,0.32,false,https://clevelandinternationalhalloffame.com/2025-induction-ceremony/,true
taras-szmagala-2022,Taras Szmagala,2022,I133bhcNqgo,class-or-ceremony-page-mention,0.32,false,https://clevelandinternationalhalloffame.com/2024-details/,true
taras-szmagala-2022,Taras Szmagala,2022,P34omi5XUiY,class-or-ceremony-page-mention,0.32,false,https://clevelandinternationalhalloffame.com/2024-details/,true
taras-szmagala-2022,Taras Szmagala,2022,_JXBIYSnWB0,class-or-ceremony-page-mention,0.32,false,https://clevelandinternationalhalloffame.com/2020-2022-induction-ceremony/,true
taras-szmagala-2022,Taras Szmagala,2022,YDThFb2kPdA,class-or-ceremony-page-mention,0.32,false,https://clevelandinternationalhalloffame.com/2020-2022-induction-ceremony/,true
taras-szmagala-2022,Taras Szmagala,2022,zWJEroGvQUg,class-or-ceremony-page-mention,0.32,false,https://clevelandinternationalhalloffame.com/2020-2022-induction-ceremony/,true
taras-szmagala-2022,Taras Szmagala,2022,EfAP31kBlsM,class-or-ceremony-page-mention,0.32,false,https://clevelandinternationalhalloffame.com/2020-2022-induction-ceremony/,true
taras-szmagala-2022,Taras Szmagala,2022,XrKxMkfQALI,class-or-ceremony-page-mention,0.32,false,https://clevelandinternationalhalloffame.com/2020-2022-induction-ceremony/,true
taras-szmagala-2022,Taras Szmagala,2022,ovFsNwqqQNc,class-or-ceremony-page-mention,0.32,false,https://clevelandinternationalhalloffame.com/2020-2022-induction-ceremony/,true
taras-szmagala-2022,Taras Szmagala,2022,36YHkoqo-Fk,class-or-ceremony-page-mention,0.32,false,https://clevelandinternationalhalloffame.com/2020-2022-induction-ceremony/,true
taras-szmagala-2022,Taras Szmagala,2022,EZ92Q341gm4,class-or-ceremony-page-mention,0.32,false,https://clevelandinternationalhalloffame.com/2020-2022-induction-ceremony/,true
taras-szmagala-2022,Taras Szmagala,2022,MzvxeSsag0w,class-or-ceremony-page-mention,0.32,false,https://clevelandinternationalhalloffame.com/2020-2022-induction-ceremony/,true
tony-petkovsek-2011,Tony Petkovsek,2011,I133bhcNqgo,class-or-ceremony-page-mention,0.32,false,https://clevelandinternationalhalloffame.com/2024-details/,true
tony-petkovsek-2011,Tony Petkovsek,2011,P34omi5XUiY,class-or-ceremony-page-mention,0.32,false,https://clevelandinternationalhalloffame.com/2024-details/,true
tony-petkovsek-2011,Tony Petkovsek,2011,A_IJEnnuyYg,class-or-ceremony-page-mention,0.32,false,https://clevelandinternationalhalloffame.com/induction-class-2011/,true
tony-petkovsek-2011,Tony Petkovsek,2011,rlg546_0pC4,class-or-ceremony-page-mention,0.32,false,https://clevelandinternationalhalloffame.com/induction-class-2011/,true
valarie-mccall-2020,Valarie McCall,2020,Pyty_Fo8cFs,class-or-ceremony-page-mention,0.32,false,https://clevelandinternationalhalloffame.com/2026-class-and-inductions/,true
valarie-mccall-2020,Valarie McCall,2020,eWsy8Ctigm0,class-or-ceremony-page-mention,0.32,false,https://clevelandinternationalhalloffame.com/2026-class-and-inductions/,true
valarie-mccall-2020,Valarie McCall,2020,e-wqDqAmYP8,class-or-ceremony-page-mention,0.32,false,https://clevelandinternationalhalloffame.com/2026-class-and-inductions/,true
valarie-mccall-2020,Valarie McCall,2020,I133bhcNqgo,class-or-ceremony-page-mention,0.32,false,https://clevelandinternationalhalloffame.com/2024-details/,true
valarie-mccall-2020,Valarie McCall,2020,P34omi5XUiY,class-or-ceremony-page-mention,0.32,false,https://clevelandinternationalhalloffame.com/2024-details/,true
valarie-mccall-2020,Valarie McCall,2020,_JXBIYSnWB0,class-or-ceremony-page-mention,0.32,false,https://clevelandinternationalhalloffame.com/2020-2022-induction-ceremony/,true
valarie-mccall-2020,Valarie McCall,2020,YDThFb2kPdA,class-or-ceremony-page-mention,0.32,false,https://clevelandinternationalhalloffame.com/2020-2022-induction-ceremony/,true
valarie-mccall-2020,Valarie McCall,2020,zWJEroGvQUg,class-or-ceremony-page-mention,0.32,false,https://clevelandinternationalhalloffame.com/2020-2022-induction-ceremony/,true
valarie-mccall-2020,Valarie McCall,2020,EfAP31kBlsM,class-or-ceremony-page-mention,0.32,false,https://clevelandinternationalhalloffame.com/2020-2022-induction-ceremony/,true
valarie-mccall-2020,Valarie McCall,2020,XrKxMkfQALI,class-or-ceremony-page-mention,0.32,false,https://clevelandinternationalhalloffame.com/2020-2022-induction-ceremony/,true
valarie-mccall-2020,Valarie McCall,2020,ovFsNwqqQNc,class-or-ceremony-page-mention,0.32,false,https://clevelandinternationalhalloffame.com/2020-2022-induction-ceremony/,true
valarie-mccall-2020,Valarie McCall,2020,36YHkoqo-Fk,class-or-ceremony-page-mention,0.32,false,https://clevelandinternationalhalloffame.com/2020-2022-induction-ceremony/,true
valarie-mccall-2020,Valarie McCall,2020,EZ92Q341gm4,class-or-ceremony-page-mention,0.32,false,https://clevelandinternationalhalloffame.com/2020-2022-induction-ceremony/,true
valarie-mccall-2020,Valarie McCall,2020,MzvxeSsag0w,class-or-ceremony-page-mention,0.32,false,https://clevelandinternationalhalloffame.com/2020-2022-induction-ceremony/,true
victor-ruiz-2022,Victor Ruiz,2022,_JXBIYSnWB0,class-or-ceremony-page-mention,0.32,false,https://clevelandinternationalhalloffame.com/2020-2022-induction-ceremony/,true
victor-ruiz-2022,Victor Ruiz,2022,YDThFb2kPdA,class-or-ceremony-page-mention,0.32,false,https://clevelandinternationalhalloffame.com/2020-2022-induction-ceremony/,true
victor-ruiz-2022,Victor Ruiz,2022,zWJEroGvQUg,class-or-ceremony-page-mention,0.32,false,https://clevelandinternationalhalloffame.com/2020-2022-induction-ceremony/,true
victor-ruiz-2022,Victor Ruiz,2022,EfAP31kBlsM,class-or-ceremony-page-mention,0.32,false,https://clevelandinternationalhalloffame.com/2020-2022-induction-ceremony/,true
victor-ruiz-2022,Victor Ruiz,2022,XrKxMkfQALI,class-or-ceremony-page-mention,0.32,false,https://clevelandinternationalhalloffame.com/2020-2022-induction-ceremony/,true
victor-ruiz-2022,Victor Ruiz,2022,ovFsNwqqQNc,class-or-ceremony-page-mention,0.32,false,https://clevelandinternationalhalloffame.com/2020-2022-induction-ceremony/,true
victor-ruiz-2022,Victor Ruiz,2022,36YHkoqo-Fk,class-or-ceremony-page-mention,0.32,false,https://clevelandinternationalhalloffame.com/2020-2022-induction-ceremony/,true
victor-ruiz-2022,Victor Ruiz,2022,EZ92Q341gm4,class-or-ceremony-page-mention,0.32,false,https://clevelandinternationalhalloffame.com/2020-2022-induction-ceremony/,true
victor-ruiz-2022,Victor Ruiz,2022,MzvxeSsag0w,class-or-ceremony-page-mention,0.32,false,https://clevelandinternationalhalloffame.com/2020-2022-induction-ceremony/,true
vijaya-l-emani-2011,Vijaya L. Emani,2011,I133bhcNqgo,class-or-ceremony-page-mention,0.32,false,https://clevelandinternationalhalloffame.com/2024-details/,true
vijaya-l-emani-2011,Vijaya L. Emani,2011,P34omi5XUiY,class-or-ceremony-page-mention,0.32,false,https://clevelandinternationalhalloffame.com/2024-details/,true
vijaya-l-emani-2011,Vijaya L. Emani,2011,A_IJEnnuyYg,class-or-ceremony-page-mention,0.32,false,https://clevelandinternationalhalloffame.com/induction-class-2011/,true
vijaya-l-emani-2011,Vijaya L. Emani,2011,rlg546_0pC4,class-or-ceremony-page-mention,0.32,false,https://clevelandinternationalhalloffame.com/induction-class-2011/,true
vladimir-rus-2012,Vladimir Rus,2012,I133bhcNqgo,class-or-ceremony-page-mention,0.32,false,https://clevelandinternationalhalloffame.com/2024-details/,true
vladimir-rus-2012,Vladimir Rus,2012,P34omi5XUiY,class-or-ceremony-page-mention,0.32,false,https://clevelandinternationalhalloffame.com/2024-details/,true
vladimir-rus-2012,Vladimir Rus,2012,b3EUjRTsbQI,class-or-ceremony-page-mention,0.32,false,https://clevelandinternationalhalloffame.com/induction-class-2012/,true
vladimir-rus-2012,Vladimir Rus,2012,a0gi3EmNU00,class-or-ceremony-page-mention,0.32,false,https://clevelandinternationalhalloffame.com/induction-class-2012/,true
wael-khoury-2017,Wael Khoury,2017,I133bhcNqgo,class-or-ceremony-page-mention,0.32,false,https://clevelandinternationalhalloffame.com/2024-details/,true
wael-khoury-2017,Wael Khoury,2017,P34omi5XUiY,class-or-ceremony-page-mention,0.32,false,https://clevelandinternationalhalloffame.com/2024-details/,true
wael-khoury-2017,Wael Khoury,2017,Ssb2SQ6HPoo,class-or-ceremony-page-mention,0.32,false,https://clevelandinternationalhalloffame.com/2019-induction-ceremony/,true
wael-khoury-2017,Wael Khoury,2017,vwTIgQpdBEo,class-or-ceremony-page-mention,0.32,false,https://clevelandinternationalhalloffame.com/2019-induction-ceremony/,true
wael-khoury-2017,Wael Khoury,2017,w2Xq5luKGCU,class-or-ceremony-page-mention,0.32,false,https://clevelandinternationalhalloffame.com/2019-induction-ceremony/,true
wael-khoury-2017,Wael Khoury,2017,lHHN_zd8O8k,class-or-ceremony-page-mention,0.32,false,https://clevelandinternationalhalloffame.com/2019-induction-ceremony/,true
wael-khoury-2017,Wael Khoury,2017,_ifygk1bw5Q,class-or-ceremony-page-mention,0.32,false,https://clevelandinternationalhalloffame.com/2019-induction-ceremony/,true
wael-khoury-2017,Wael Khoury,2017,eCOSePkWnFY,class-or-ceremony-page-mention,0.32,false,https://clevelandinternationalhalloffame.com/2019-induction-ceremony/,true
wael-khoury-2017,Wael Khoury,2017,NcCM_1SAQek,class-or-ceremony-page-mention,0.32,false,https://clevelandinternationalhalloffame.com/induction-class-2017/,true
wael-khoury-2017,Wael Khoury,2017,wBzBVH4kBkg,class-or-ceremony-page-mention,0.32,false,https://clevelandinternationalhalloffame.com/induction-class-2017/,true
wael-khoury-2017,Wael Khoury,2017,14YLHrGlU-4,class-or-ceremony-page-mention,0.32,false,https://clevelandinternationalhalloffame.com/induction-class-2017/,true
wael-khoury-2017,Wael Khoury,2017,IblVlQoTrtc,class-or-ceremony-page-mention,0.32,false,https://clevelandinternationalhalloffame.com/induction-class-2017/,true
wael-khoury-2017,Wael Khoury,2017,b3EUjRTsbQI,class-or-ceremony-page-mention,0.32,false,https://clevelandinternationalhalloffame.com/induction-class-2012/,true
wael-khoury-2017,Wael Khoury,2017,a0gi3EmNU00,class-or-ceremony-page-mention,0.32,false,https://clevelandinternationalhalloffame.com/induction-class-2012/,true
