reviewAction,inducteeId,inducteeName,classYear,organizationName,confidence,evidenceCount,sourcePageUrls,publicUse
organization-context-review,carolyn-balogh-2016-2016,Carolyn Balogh – 2016,2016,Education Advisory Board Ohio University,0.48,2,https://clevelandinternationalhalloffame.com/carolyn-balogh-2016/|https://clevelandinternationalhalloffame.com/induction-event-info/carolyn-balogh/,candidate-only
organization-context-review,carolyn-balogh-2016-2016,Carolyn Balogh – 2016,2016,Improvement Corporation- Past President El Barrio Jobs Committee,0.48,2,https://clevelandinternationalhalloffame.com/carolyn-balogh-2016/|https://clevelandinternationalhalloffame.com/induction-event-info/carolyn-balogh/,candidate-only
organization-context-review,carolyn-balogh-2016-2016,Carolyn Balogh – 2016,2016,Past President Ohio University National Alumni Board Ohio University,0.48,2,https://clevelandinternationalhalloffame.com/carolyn-balogh-2016/|https://clevelandinternationalhalloffame.com/induction-event-info/carolyn-balogh/,candidate-only
organization-context-review,carolyn-balogh-2016-2016,Carolyn Balogh – 2016,2016,Philanthropy- Ohio Women Geauga County Hungarian Club Hungarian Heritage Society,0.48,2,https://clevelandinternationalhalloffame.com/carolyn-balogh-2016/|https://clevelandinternationalhalloffame.com/induction-event-info/carolyn-balogh/,candidate-only
organization-context-review,carolyn-balogh-2016-2016,Carolyn Balogh – 2016,2016,President Geauga County Community,0.48,2,https://clevelandinternationalhalloffame.com/carolyn-balogh-2016/|https://clevelandinternationalhalloffame.com/induction-event-info/carolyn-balogh/,candidate-only
organization-context-review,carolyn-balogh-2016-2016,Carolyn Balogh – 2016,2016,President Ohio University Foundation Board Ohio University College,0.48,2,https://clevelandinternationalhalloffame.com/carolyn-balogh-2016/|https://clevelandinternationalhalloffame.com/induction-event-info/carolyn-balogh/,candidate-only
organization-context-review,carolyn-balogh-2016-2016,Carolyn Balogh – 2016,2016,Revolution Geauga Growth Partnership Geauga Community,0.48,2,https://clevelandinternationalhalloffame.com/carolyn-balogh-2016/|https://clevelandinternationalhalloffame.com/induction-event-info/carolyn-balogh/,candidate-only
organization-context-review,carolyn-balogh-2016-2016,Carolyn Balogh – 2016,2016,University of Pecs Advisory Board Community,0.48,2,https://clevelandinternationalhalloffame.com/carolyn-balogh-2016/|https://clevelandinternationalhalloffame.com/induction-event-info/carolyn-balogh/,candidate-only
organization-context-review,eugenia-stolarczyk-2016-2016,Eugenia Stolarczyk – 2016,2016,Cleveland State University,0.48,2,https://clevelandinternationalhalloffame.com/eugenia-stolarczyk-2016/|https://clevelandinternationalhalloffame.com/induction-event-info/eugenia-stolarczyk/,candidate-only
organization-context-review,eugenia-stolarczyk-2016-2016,Eugenia Stolarczyk – 2016,2016,Ethnic Heritage Studies Program,0.48,2,https://clevelandinternationalhalloffame.com/eugenia-stolarczyk-2016/|https://clevelandinternationalhalloffame.com/induction-event-info/eugenia-stolarczyk/,candidate-only
organization-context-review,eugenia-stolarczyk-2016-2016,Eugenia Stolarczyk – 2016,2016,International Service Center,0.48,2,https://clevelandinternationalhalloffame.com/eugenia-stolarczyk-2016/|https://clevelandinternationalhalloffame.com/induction-event-info/eugenia-stolarczyk/,candidate-only
organization-context-review,eugenia-stolarczyk-2016-2016,Eugenia Stolarczyk – 2016,2016,International Services Center,0.48,2,https://clevelandinternationalhalloffame.com/eugenia-stolarczyk-2016/|https://clevelandinternationalhalloffame.com/induction-event-info/eugenia-stolarczyk/,candidate-only
organization-context-review,eugenia-stolarczyk-2016-2016,Eugenia Stolarczyk – 2016,2016,Polish American Cultural Center,0.48,2,https://clevelandinternationalhalloffame.com/eugenia-stolarczyk-2016/|https://clevelandinternationalhalloffame.com/induction-event-info/eugenia-stolarczyk/,candidate-only
organization-context-review,jack-kahl-2016,Jack Kahl,2016,Irish Garden Club,0.48,2,https://clevelandinternationalhalloffame.com/induction-event-info/jack-kahl/|https://clevelandinternationalhalloffame.com/jack-kahl-2016/,candidate-only
organization-context-review,jack-kahl-2016,Jack Kahl,2016,Jack Kahl Entrepreneurship Center,0.48,2,https://clevelandinternationalhalloffame.com/induction-event-info/jack-kahl/|https://clevelandinternationalhalloffame.com/jack-kahl-2016/,candidate-only
organization-context-review,jack-kahl-2016,Jack Kahl,2016,John Carroll University,0.48,2,https://clevelandinternationalhalloffame.com/induction-event-info/jack-kahl/|https://clevelandinternationalhalloffame.com/jack-kahl-2016/,candidate-only
organization-context-review,jack-kahl-2016,Jack Kahl,2016,School Home Office Products Association,0.48,2,https://clevelandinternationalhalloffame.com/induction-event-info/jack-kahl/|https://clevelandinternationalhalloffame.com/jack-kahl-2016/,candidate-only
organization-context-review,khalid-samad-2016-2016,Khalid Samad – 2016,2016,Arab-American Concerns Committee,0.48,2,https://clevelandinternationalhalloffame.com/induction-event-info/khalid-samad/|https://clevelandinternationalhalloffame.com/khalid-samad-2016/,candidate-only
organization-context-review,khalid-samad-2016-2016,Khalid Samad – 2016,2016,Cleveland State University,0.48,2,https://clevelandinternationalhalloffame.com/induction-event-info/khalid-samad/|https://clevelandinternationalhalloffame.com/khalid-samad-2016/,candidate-only
organization-context-review,mohan-bafna-2016,Mohan Bafna,2016,Bedford Medical Center,0.48,2,https://clevelandinternationalhalloffame.com/induction-event-info/dr-mohan-bafna/|https://clevelandinternationalhalloffame.com/mohan-bafna-2016/,candidate-only
organization-context-review,mohan-bafna-2016,Mohan Bafna,2016,Father of Community,0.48,2,https://clevelandinternationalhalloffame.com/induction-event-info/dr-mohan-bafna/|https://clevelandinternationalhalloffame.com/mohan-bafna-2016/,candidate-only
organization-context-review,mohan-bafna-2016,Mohan Bafna,2016,Federation of India Community Association,0.48,2,https://clevelandinternationalhalloffame.com/induction-event-info/dr-mohan-bafna/|https://clevelandinternationalhalloffame.com/mohan-bafna-2016/,candidate-only
organization-context-review,mohan-bafna-2016,Mohan Bafna,2016,India Community Center,0.48,2,https://clevelandinternationalhalloffame.com/induction-event-info/dr-mohan-bafna/|https://clevelandinternationalhalloffame.com/mohan-bafna-2016/,candidate-only
organization-context-review,mohan-bafna-2016,Mohan Bafna,2016,India India Community Center,0.48,2,https://clevelandinternationalhalloffame.com/induction-event-info/dr-mohan-bafna/|https://clevelandinternationalhalloffame.com/mohan-bafna-2016/,candidate-only
organization-context-review,mohan-bafna-2016,Mohan Bafna,2016,India Nehru School,0.48,2,https://clevelandinternationalhalloffame.com/induction-event-info/dr-mohan-bafna/|https://clevelandinternationalhalloffame.com/mohan-bafna-2016/,candidate-only
organization-context-review,mohan-bafna-2016,Mohan Bafna,2016,India Vidyawadi School,0.48,2,https://clevelandinternationalhalloffame.com/induction-event-info/dr-mohan-bafna/|https://clevelandinternationalhalloffame.com/mohan-bafna-2016/,candidate-only
organization-context-review,mohan-bafna-2016,Mohan Bafna,2016,Indian Physicians Association,0.48,2,https://clevelandinternationalhalloffame.com/induction-event-info/dr-mohan-bafna/|https://clevelandinternationalhalloffame.com/mohan-bafna-2016/,candidate-only
organization-context-review,mohan-bafna-2016,Mohan Bafna,2016,Primary Health Center,0.48,2,https://clevelandinternationalhalloffame.com/induction-event-info/dr-mohan-bafna/|https://clevelandinternationalhalloffame.com/mohan-bafna-2016/,candidate-only
organization-context-review,mohan-bafna-2016,Mohan Bafna,2016,USA Health and Happiness Foundation,0.48,2,https://clevelandinternationalhalloffame.com/induction-event-info/dr-mohan-bafna/|https://clevelandinternationalhalloffame.com/mohan-bafna-2016/,candidate-only
organization-context-review,rev-mikhail-mikhail-2016,Rev. Mikhail Mikhail,2016,Coptic Orthodox Community,0.48,2,https://clevelandinternationalhalloffame.com/induction-event-info/rev-mikhail-mikhail/|https://clevelandinternationalhalloffame.com/reverend-mikhail-mikhail-2016/,candidate-only
organization-context-review,rev-mikhail-mikhail-2016,Rev. Mikhail Mikhail,2016,Journey With the Church,0.48,2,https://clevelandinternationalhalloffame.com/induction-event-info/rev-mikhail-mikhail/|https://clevelandinternationalhalloffame.com/reverend-mikhail-mikhail-2016/,candidate-only
organization-context-review,ramesh-shah-2020,Ramesh Shah,2020,Federation of India Community,0.48,2,https://clevelandinternationalhalloffame.com/inductees/ramesh-shah/|https://clevelandinternationalhalloffame.com/ramesh-shah/,candidate-only
organization-context-review,le-nguyen-2026,Le Nguyen,2026,Indiana Vocational Technical College,0.48,2,https://clevelandinternationalhalloffame.com/le-nguyen-class-of-2026-vietnames-heritage-cleveland-international-hall-of-fame/|https://clevelandinternationalhalloffame.com/le-nguyen/,candidate-only
organization-context-review,alex-machaskee-2010,Alex Machaskee,2010,Board Member of the Cleveland Council,0.48,1,https://clevelandinternationalhalloffame.com/alex-machaskee-2010/,candidate-only
organization-context-review,alex-machaskee-2010,Alex Machaskee,2010,Cleveland State University,0.48,1,https://clevelandinternationalhalloffame.com/alex-machaskee-2010/,candidate-only
organization-context-review,alex-machaskee-2010,Alex Machaskee,2010,Emeritus Board Member of the Cleveland Museum,0.48,1,https://clevelandinternationalhalloffame.com/alex-machaskee-2010/,candidate-only
organization-context-review,alex-machaskee-2010,Alex Machaskee,2010,International Services Center,0.48,1,https://clevelandinternationalhalloffame.com/alex-machaskee-2010/,candidate-only
organization-context-review,alex-machaskee-2010,Alex Machaskee,2010,Musical Arts Association of the Cleveland Orchestra,0.48,1,https://clevelandinternationalhalloffame.com/alex-machaskee-2010/,candidate-only
organization-context-review,alex-machaskee-2010,Alex Machaskee,2010,National Ethnic Coalition Organization,0.48,1,https://clevelandinternationalhalloffame.com/alex-machaskee-2010/,candidate-only
organization-context-review,alex-machaskee-2010,Alex Machaskee,2010,World Trade Center,0.48,1,https://clevelandinternationalhalloffame.com/alex-machaskee-2010/,candidate-only
organization-context-review,august-pust-2010,August Pust,2010,Board of Trustees of the Council,0.48,1,https://clevelandinternationalhalloffame.com/august-pust-2010/,candidate-only
organization-context-review,august-pust-2010,August Pust,2010,Boards of Slovenian American Heritage Foundation,0.48,1,https://clevelandinternationalhalloffame.com/august-pust-2010/,candidate-only
organization-context-review,august-pust-2010,August Pust,2010,Greater Cleveland Ethnographic Museum,0.48,1,https://clevelandinternationalhalloffame.com/august-pust-2010/,candidate-only
organization-context-review,august-pust-2010,August Pust,2010,International Services Center,0.48,1,https://clevelandinternationalhalloffame.com/august-pust-2010/,candidate-only
organization-context-review,august-pust-2010,August Pust,2010,United Nations Association,0.48,1,https://clevelandinternationalhalloffame.com/august-pust-2010/,candidate-only
organization-context-review,dr-dieu-thuc-do-2010,Dr. Dieu Thuc Do,2010,Cleveland Mayor Advisory Committee,0.48,1,https://clevelandinternationalhalloffame.com/dr-dieu-thuc-do-2010/,candidate-only
organization-context-review,dr-dieu-thuc-do-2010,Dr. Dieu Thuc Do,2010,President of the Vietnamese Community,0.48,1,https://clevelandinternationalhalloffame.com/dr-dieu-thuc-do-2010/,candidate-only
organization-context-review,dr-dieu-thuc-do-2010,Dr. Dieu Thuc Do,2010,Rach Gia City Council,0.48,1,https://clevelandinternationalhalloffame.com/dr-dieu-thuc-do-2010/,candidate-only
organization-context-review,dr-dieu-thuc-do-2010,Dr. Dieu Thuc Do,2010,The Vietnamese Catholic Community,0.48,1,https://clevelandinternationalhalloffame.com/dr-dieu-thuc-do-2010/,candidate-only
organization-context-review,helen-karpinski-1899-2002-2010,Helen Karpinski (1899 – 2002),2010,Ave Maria Senior Citizens Club,0.48,1,https://clevelandinternationalhalloffame.com/helen-karpinski-2010/,candidate-only
organization-context-review,helen-karpinski-1899-2002-2010,Helen Karpinski (1899 – 2002),2010,Baptist Ministers Association,0.48,1,https://clevelandinternationalhalloffame.com/helen-karpinski-2010/,candidate-only
organization-context-review,helen-karpinski-1899-2002-2010,Helen Karpinski (1899 – 2002),2010,Cleveland City Council,0.48,1,https://clevelandinternationalhalloffame.com/helen-karpinski-2010/,candidate-only
organization-context-review,helen-karpinski-1899-2002-2010,Helen Karpinski (1899 – 2002),2010,Democratic National Committee,0.48,1,https://clevelandinternationalhalloffame.com/helen-karpinski-2010/,candidate-only
organization-context-review,irene-morrow-2010,Irene Morrow,2010,Executive Secretary of the Association,0.48,1,https://clevelandinternationalhalloffame.com/irene-morrow-2010/,candidate-only
organization-context-review,irene-morrow-2010,Irene Morrow,2010,Republican Executive Committee,0.48,1,https://clevelandinternationalhalloffame.com/irene-morrow-2010/,candidate-only
organization-context-review,irene-morrow-2010,Irene Morrow,2010,United Hungarian Societies and the Vietnamese Community,0.48,1,https://clevelandinternationalhalloffame.com/irene-morrow-2010/,candidate-only
organization-context-review,jeanette-grasselli-brown-2010,Jeanette Grasselli Brown,2010,American Chemical Society,0.48,1,https://clevelandinternationalhalloffame.com/jeanette-grasselli-brown-2010/,candidate-only
organization-context-review,jeanette-grasselli-brown-2010,Jeanette Grasselli Brown,2010,Case Western Reserve University,0.48,1,https://clevelandinternationalhalloffame.com/jeanette-grasselli-brown-2010/,candidate-only
organization-context-review,jeanette-grasselli-brown-2010,Jeanette Grasselli Brown,2010,Chair of the Analytical Division of the American Chemical Society,0.48,1,https://clevelandinternationalhalloffame.com/jeanette-grasselli-brown-2010/,candidate-only
organization-context-review,jeanette-grasselli-brown-2010,Jeanette Grasselli Brown,2010,Cleveland Clinic Foundation,0.48,1,https://clevelandinternationalhalloffame.com/jeanette-grasselli-brown-2010/,candidate-only
organization-context-review,jeanette-grasselli-brown-2010,Jeanette Grasselli Brown,2010,Cleveland State University,0.48,1,https://clevelandinternationalhalloffame.com/jeanette-grasselli-brown-2010/,candidate-only
organization-context-review,jeanette-grasselli-brown-2010,Jeanette Grasselli Brown,2010,Fellow of the American Association,0.48,1,https://clevelandinternationalhalloffame.com/jeanette-grasselli-brown-2010/,candidate-only
organization-context-review,jeanette-grasselli-brown-2010,Jeanette Grasselli Brown,2010,Great Lakes Science Center,0.48,1,https://clevelandinternationalhalloffame.com/jeanette-grasselli-brown-2010/,candidate-only
organization-context-review,jeanette-grasselli-brown-2010,Jeanette Grasselli Brown,2010,Martha Holden Jennings Foundation,0.48,1,https://clevelandinternationalhalloffame.com/jeanette-grasselli-brown-2010/,candidate-only
organization-context-review,jeanette-grasselli-brown-2010,Jeanette Grasselli Brown,2010,Maxine Levin College,0.48,1,https://clevelandinternationalhalloffame.com/jeanette-grasselli-brown-2010/,candidate-only
organization-context-review,jeanette-grasselli-brown-2010,Jeanette Grasselli Brown,2010,Musical Arts Assoc of the Cleveland Orchestra,0.48,1,https://clevelandinternationalhalloffame.com/jeanette-grasselli-brown-2010/,candidate-only
organization-context-review,jeanette-grasselli-brown-2010,Jeanette Grasselli Brown,2010,President of the Society,0.48,1,https://clevelandinternationalhalloffame.com/jeanette-grasselli-brown-2010/,candidate-only
organization-context-review,jeanette-grasselli-brown-2010,Jeanette Grasselli Brown,2010,Stan Hywet Foundation,0.48,1,https://clevelandinternationalhalloffame.com/jeanette-grasselli-brown-2010/,candidate-only
organization-context-review,leo-weidenthal-2010,Leo Weidenthal,2010,Cleveland City Council,0.48,1,https://clevelandinternationalhalloffame.com/leo-weidenthal-2010/,candidate-only
organization-context-review,lonnie-mccauley-2010,Lonnie McCauley,2010,At the East Side Club,0.48,1,https://clevelandinternationalhalloffame.com/lonnie-mccauley-2010/,candidate-only
organization-context-review,lonnie-mccauley-2010,Lonnie McCauley,2010,Cleveland State University,0.48,1,https://clevelandinternationalhalloffame.com/lonnie-mccauley-2010/,candidate-only
organization-context-review,lonnie-mccauley-2010,Lonnie McCauley,2010,Irish Famine Memorial Committee,0.48,1,https://clevelandinternationalhalloffame.com/lonnie-mccauley-2010/,candidate-only
organization-context-review,lonnie-mccauley-2010,Lonnie McCauley,2010,Irish-American Archives Society,0.48,1,https://clevelandinternationalhalloffame.com/lonnie-mccauley-2010/,candidate-only
organization-context-review,lonnie-mccauley-2010,Lonnie McCauley,2010,Kent State University,0.48,1,https://clevelandinternationalhalloffame.com/lonnie-mccauley-2010/,candidate-only
organization-context-review,lonnie-mccauley-2010,Lonnie McCauley,2010,Padraic Pearse Center,0.48,1,https://clevelandinternationalhalloffame.com/lonnie-mccauley-2010/,candidate-only
organization-context-review,lonnie-mccauley-2010,Lonnie McCauley,2010,Public Relations Secretary for the Irish-American Club,0.48,1,https://clevelandinternationalhalloffame.com/lonnie-mccauley-2010/,candidate-only
organization-context-review,lonnie-mccauley-2010,Lonnie McCauley,2010,Western Reserve Historical Society,0.48,1,https://clevelandinternationalhalloffame.com/lonnie-mccauley-2010/,candidate-only
organization-context-review,margaret-w-wong-2010,Margaret W. Wong,2010,Cleveland State University,0.48,1,https://clevelandinternationalhalloffame.com/margaret-w-wong-2010/,candidate-only
organization-context-review,margaret-w-wong-2010,Margaret W. Wong,2010,Cuyahoga Community College Foundation,0.48,1,https://clevelandinternationalhalloffame.com/margaret-w-wong-2010/,candidate-only
organization-context-review,margaret-w-wong-2010,Margaret W. Wong,2010,Immigration Law Committee,0.48,1,https://clevelandinternationalhalloffame.com/margaret-w-wong-2010/,candidate-only
organization-context-review,margaret-w-wong-2010,Margaret W. Wong,2010,National Asian Pacific American Bar Association,0.48,1,https://clevelandinternationalhalloffame.com/margaret-w-wong-2010/,candidate-only
organization-context-review,margaret-w-wong-2010,Margaret W. Wong,2010,Northeast Ohio Council,0.48,1,https://clevelandinternationalhalloffame.com/margaret-w-wong-2010/,candidate-only
organization-context-review,margaret-w-wong-2010,Margaret W. Wong,2010,Northeastern Chapter of the Federal Bar Association,0.48,1,https://clevelandinternationalhalloffame.com/margaret-w-wong-2010/,candidate-only
organization-context-review,margaret-w-wong-2010,Margaret W. Wong,2010,Notre Dame College,0.48,1,https://clevelandinternationalhalloffame.com/margaret-w-wong-2010/,candidate-only
organization-context-review,margaret-w-wong-2010,Margaret W. Wong,2010,Ohio State Bar Foundation,0.48,1,https://clevelandinternationalhalloffame.com/margaret-w-wong-2010/,candidate-only
organization-context-review,margaret-w-wong-2010,Margaret W. Wong,2010,Ohio State Bar Foundation and Federal Bar Association,0.48,1,https://clevelandinternationalhalloffame.com/margaret-w-wong-2010/,candidate-only
organization-context-review,margaret-w-wong-2010,Margaret W. Wong,2010,The Diversity Center,0.48,1,https://clevelandinternationalhalloffame.com/margaret-w-wong-2010/,candidate-only
organization-context-review,paramjit-singh-2010,Paramjit Singh,2010,Asian Advisory Council,0.48,1,https://clevelandinternationalhalloffame.com/paramjit-singh-2010/,candidate-only
organization-context-review,paramjit-singh-2010,Paramjit Singh,2010,Case Western Reserve University,0.48,1,https://clevelandinternationalhalloffame.com/paramjit-singh-2010/,candidate-only
organization-context-review,paramjit-singh-2010,Paramjit Singh,2010,Community Leader of the Asian Indian Community,0.48,1,https://clevelandinternationalhalloffame.com/paramjit-singh-2010/,candidate-only
organization-context-review,paramjit-singh-2010,Paramjit Singh,2010,Federation of India Community,0.48,1,https://clevelandinternationalhalloffame.com/paramjit-singh-2010/,candidate-only
organization-context-review,paramjit-singh-2010,Paramjit Singh,2010,National Federation of Indian-American Association,0.48,1,https://clevelandinternationalhalloffame.com/paramjit-singh-2010/,candidate-only
organization-context-review,paramjit-singh-2010,Paramjit Singh,2010,Pastor of Morning Star Baptist Church,0.48,1,https://clevelandinternationalhalloffame.com/paramjit-singh-2010/,candidate-only
organization-context-review,paramjit-singh-2010,Paramjit Singh,2010,President of American Society,0.48,1,https://clevelandinternationalhalloffame.com/paramjit-singh-2010/,candidate-only
organization-context-review,paramjit-singh-2010,Paramjit Singh,2010,The Cleveland Council,0.48,1,https://clevelandinternationalhalloffame.com/paramjit-singh-2010/,candidate-only
organization-context-review,paul-sciria-2010,Paul Sciria,2010,Northern Ohio Italian American Foundation,0.48,1,https://clevelandinternationalhalloffame.com/paul-sciria-2010/,candidate-only
organization-context-review,paul-sciria-2010,Paul Sciria,2010,The Ohio State University,0.48,1,https://clevelandinternationalhalloffame.com/paul-sciria-2010/,candidate-only
organization-context-review,robert-j-haas-2010,Robert J. Haas,2010,John Carroll University,0.48,1,https://clevelandinternationalhalloffame.com/robert-j-haas-2010/,candidate-only
organization-context-review,senator-george-voinovich-2010,Senator George Voinovich,2010,North Atlantic Treaty Organization,0.48,1,https://clevelandinternationalhalloffame.com/senator-george-voinovich-2010/,candidate-only
organization-context-review,senator-george-voinovich-2010,Senator George Voinovich,2010,Senate Foreign Relations Committee,0.48,1,https://clevelandinternationalhalloffame.com/senator-george-voinovich-2010/,candidate-only
organization-context-review,senator-george-voinovich-2010,Senator George Voinovich,2010,Visa Waiver Program,0.48,1,https://clevelandinternationalhalloffame.com/senator-george-voinovich-2010/,candidate-only
organization-context-review,albert-b-ratner-2011,Albert B. Ratner,2011,Cleveland Jewish Community,0.48,1,https://clevelandinternationalhalloffame.com/albert-b-ratner-2011/,candidate-only
organization-context-review,albert-b-ratner-2011,Albert B. Ratner,2011,International Council of the American Jewish Joint Distribution Committee,0.48,1,https://clevelandinternationalhalloffame.com/albert-b-ratner-2011/,candidate-only
organization-context-review,albert-b-ratner-2011,Albert B. Ratner,2011,Long Island University,0.48,1,https://clevelandinternationalhalloffame.com/albert-b-ratner-2011/,candidate-only
organization-context-review,albert-b-ratner-2011,Albert B. Ratner,2011,Michigan State University,0.48,1,https://clevelandinternationalhalloffame.com/albert-b-ratner-2011/,candidate-only
organization-context-review,albert-b-ratner-2011,Albert B. Ratner,2011,Michigan State University Land Policy Institute,0.48,1,https://clevelandinternationalhalloffame.com/albert-b-ratner-2011/,candidate-only
organization-context-review,albert-b-ratner-2011,Albert B. Ratner,2011,Rock and Roll Hall of Fame and Foundation,0.48,1,https://clevelandinternationalhalloffame.com/albert-b-ratner-2011/,candidate-only
organization-context-review,albert-b-ratner-2011,Albert B. Ratner,2011,Tower City Center,0.48,1,https://clevelandinternationalhalloffame.com/albert-b-ratner-2011/,candidate-only
organization-context-review,gerald-m-quinn-2011,Gerald M. Quinn,2011,Best Ethnic Program,0.48,1,https://clevelandinternationalhalloffame.com/gerald-m-quinn-2011/,candidate-only
organization-context-review,gerald-m-quinn-2011,Gerald M. Quinn,2011,Irish American Club,0.48,1,https://clevelandinternationalhalloffame.com/gerald-m-quinn-2011/,candidate-only
organization-context-review,giahoa-ryan-2011,Giahoa Ryan,2011,Cleveland City Council,0.48,1,https://clevelandinternationalhalloffame.com/giahoa-ryan-2011/,candidate-only
organization-context-review,giahoa-ryan-2011,Giahoa Ryan,2011,Executive Director of the Friendship Foundation,0.48,1,https://clevelandinternationalhalloffame.com/giahoa-ryan-2011/,candidate-only
organization-context-review,lucretia-stoica-2011,Lucretia Stoica,2011,Case Western Reserve University,0.48,1,https://clevelandinternationalhalloffame.com/lucretia-stoica-2011/,candidate-only
organization-context-review,lucretia-stoica-2011,Lucretia Stoica,2011,Cleveland Playhouse Square Foundation Zonta International CCC Cultural Heritage Committee,0.48,1,https://clevelandinternationalhalloffame.com/lucretia-stoica-2011/,candidate-only
organization-context-review,lucretia-stoica-2011,Lucretia Stoica,2011,Cleveland Refugee Resettlement Committee,0.48,1,https://clevelandinternationalhalloffame.com/lucretia-stoica-2011/,candidate-only
organization-context-review,lucretia-stoica-2011,Lucretia Stoica,2011,International Services Center,0.48,1,https://clevelandinternationalhalloffame.com/lucretia-stoica-2011/,candidate-only
organization-context-review,lucretia-stoica-2011,Lucretia Stoica,2011,Nationalities Services Center,0.48,1,https://clevelandinternationalhalloffame.com/lucretia-stoica-2011/,candidate-only
organization-context-review,lucretia-stoica-2011,Lucretia Stoica,2011,Ohio Arts Council,0.48,1,https://clevelandinternationalhalloffame.com/lucretia-stoica-2011/,candidate-only
organization-context-review,lucretia-stoica-2011,Lucretia Stoica,2011,Ohio Refugee Advisory Council,0.48,1,https://clevelandinternationalhalloffame.com/lucretia-stoica-2011/,candidate-only
organization-context-review,luis-martinez-2011,Luis Martinez,2011,Cleveland Municipal School,0.48,1,https://clevelandinternationalhalloffame.com/luis-martinez-2011/,candidate-only
organization-context-review,luis-martinez-2011,Luis Martinez,2011,Dept. of Community,0.48,1,https://clevelandinternationalhalloffame.com/luis-martinez-2011/,candidate-only
organization-context-review,luis-martinez-2011,Luis Martinez,2011,Lorain Admiral King High School,0.48,1,https://clevelandinternationalhalloffame.com/luis-martinez-2011/,candidate-only
organization-context-review,luis-martinez-2011,Luis Martinez,2011,Recruitment and Training Program,0.48,1,https://clevelandinternationalhalloffame.com/luis-martinez-2011/,candidate-only
organization-context-review,luis-martinez-2011,Luis Martinez,2011,Student Development for the Northside Urban Pathways Charter School,0.48,1,https://clevelandinternationalhalloffame.com/luis-martinez-2011/,candidate-only
organization-context-review,reverend-dr-otis-moss-jr-2011,"Reverend Dr. Otis Moss, Jr.",2011,American Jewish Committee,0.48,1,https://clevelandinternationalhalloffame.com/reverend-dr-otis-moss-jr-2011/,candidate-only
organization-context-review,reverend-dr-otis-moss-jr-2011,"Reverend Dr. Otis Moss, Jr.",2011,Black Professional Association,0.48,1,https://clevelandinternationalhalloffame.com/reverend-dr-otis-moss-jr-2011/,candidate-only
organization-context-review,reverend-dr-otis-moss-jr-2011,"Reverend Dr. Otis Moss, Jr.",2011,Chairman of the Morehouse College,0.48,1,https://clevelandinternationalhalloffame.com/reverend-dr-otis-moss-jr-2011/,candidate-only
organization-context-review,reverend-dr-otis-moss-jr-2011,"Reverend Dr. Otis Moss, Jr.",2011,Ebenezer Baptist Church,0.48,1,https://clevelandinternationalhalloffame.com/reverend-dr-otis-moss-jr-2011/,candidate-only
organization-context-review,reverend-dr-otis-moss-jr-2011,"Reverend Dr. Otis Moss, Jr.",2011,Inter-denominational Theological Center,0.48,1,https://clevelandinternationalhalloffame.com/reverend-dr-otis-moss-jr-2011/,candidate-only
organization-context-review,reverend-dr-otis-moss-jr-2011,"Reverend Dr. Otis Moss, Jr.",2011,Jr.-University Hospitals Health Center,0.48,1,https://clevelandinternationalhalloffame.com/reverend-dr-otis-moss-jr-2011/,candidate-only
organization-context-review,reverend-dr-otis-moss-jr-2011,"Reverend Dr. Otis Moss, Jr.",2011,Mount Olive Baptist Church,0.48,1,https://clevelandinternationalhalloffame.com/reverend-dr-otis-moss-jr-2011/,candidate-only
organization-context-review,reverend-dr-otis-moss-jr-2011,"Reverend Dr. Otis Moss, Jr.",2011,Mount Zion Baptist Church,0.48,1,https://clevelandinternationalhalloffame.com/reverend-dr-otis-moss-jr-2011/,candidate-only
organization-context-review,reverend-dr-otis-moss-jr-2011,"Reverend Dr. Otis Moss, Jr.",2011,Olivet Institutional Baptist Church,0.48,1,https://clevelandinternationalhalloffame.com/reverend-dr-otis-moss-jr-2011/,candidate-only
organization-context-review,reverend-dr-otis-moss-jr-2011,"Reverend Dr. Otis Moss, Jr.",2011,Providence Baptist Church,0.48,1,https://clevelandinternationalhalloffame.com/reverend-dr-otis-moss-jr-2011/,candidate-only
organization-context-review,reverend-dr-otis-moss-jr-2011,"Reverend Dr. Otis Moss, Jr.",2011,Remember the Children Foundation,0.48,1,https://clevelandinternationalhalloffame.com/reverend-dr-otis-moss-jr-2011/,candidate-only
organization-context-review,reverend-dr-otis-moss-jr-2011,"Reverend Dr. Otis Moss, Jr.",2011,The Cleveland Jewish Committee,0.48,1,https://clevelandinternationalhalloffame.com/reverend-dr-otis-moss-jr-2011/,candidate-only
organization-context-review,reverend-dr-otis-moss-jr-2011,"Reverend Dr. Otis Moss, Jr.",2011,The Cleveland Museum of Art and the Cleveland Foundation,0.48,1,https://clevelandinternationalhalloffame.com/reverend-dr-otis-moss-jr-2011/,candidate-only
organization-context-review,reverend-dr-otis-moss-jr-2011,"Reverend Dr. Otis Moss, Jr.",2011,University Hospitals Health System and Olivet Institutional Baptist Church,0.48,1,https://clevelandinternationalhalloffame.com/reverend-dr-otis-moss-jr-2011/,candidate-only
organization-context-review,reverend-dr-otis-moss-jr-2011,"Reverend Dr. Otis Moss, Jr.",2011,White House Office of Faith-Based and Neighborhood Partnership Council,0.48,1,https://clevelandinternationalhalloffame.com/reverend-dr-otis-moss-jr-2011/,candidate-only
organization-context-review,tony-petkovsek-2011,Tony Petkovsek,2011,American Slovenian Polka Foundation,0.48,1,https://clevelandinternationalhalloffame.com/tony-petkovsek-2011/,candidate-only
organization-context-review,tony-petkovsek-2011,Tony Petkovsek,2011,Cleveland Slovenian Radio Club,0.48,1,https://clevelandinternationalhalloffame.com/tony-petkovsek-2011/,candidate-only
organization-context-review,tony-petkovsek-2011,Tony Petkovsek,2011,Ohio Arts Council,0.48,1,https://clevelandinternationalhalloffame.com/tony-petkovsek-2011/,candidate-only
organization-context-review,tony-petkovsek-2011,Tony Petkovsek,2011,St.Joseph High School,0.48,1,https://clevelandinternationalhalloffame.com/tony-petkovsek-2011/,candidate-only
organization-context-review,tony-petkovsek-2011,Tony Petkovsek,2011,This Radio Club,0.48,1,https://clevelandinternationalhalloffame.com/tony-petkovsek-2011/,candidate-only
organization-context-review,vijaya-l-emani-2011,Vijaya L. Emani,2011,Cleveland State University,0.48,1,https://clevelandinternationalhalloffame.com/vijaya-l-emani-2011/,candidate-only
organization-context-review,vijaya-l-emani-2011,Vijaya L. Emani,2011,Federation of India Community,0.48,1,https://clevelandinternationalhalloffame.com/vijaya-l-emani-2011/,candidate-only
organization-context-review,vijaya-l-emani-2011,Vijaya L. Emani,2011,Greater Cleveland Asian Community,0.48,1,https://clevelandinternationalhalloffame.com/vijaya-l-emani-2011/,candidate-only
organization-context-review,vijaya-l-emani-2011,Vijaya L. Emani,2011,Northeast Ohio Telugu Association,0.48,1,https://clevelandinternationalhalloffame.com/vijaya-l-emani-2011/,candidate-only
organization-context-review,anthony-yen-yan-yuan-tai-2012,Anthony Yen (Yan Yuan Tai),2012,Case Western Reserve University,0.48,1,https://clevelandinternationalhalloffame.com/anthony-yen-2012/,candidate-only
organization-context-review,anthony-yen-yan-yuan-tai-2012,Anthony Yen (Yan Yuan Tai),2012,Cleveland Clinic Foundation,0.48,1,https://clevelandinternationalhalloffame.com/anthony-yen-2012/,candidate-only
organization-context-review,anthony-yen-yan-yuan-tai-2012,Anthony Yen (Yan Yuan Tai),2012,Cleveland Growth Association,0.48,1,https://clevelandinternationalhalloffame.com/anthony-yen-2012/,candidate-only
organization-context-review,anthony-yen-yan-yuan-tai-2012,Anthony Yen (Yan Yuan Tai),2012,Cleveland State University,0.48,1,https://clevelandinternationalhalloffame.com/anthony-yen-2012/,candidate-only
organization-context-review,anthony-yen-yan-yuan-tai-2012,Anthony Yen (Yan Yuan Tai),2012,Cleveland World Trade Association,0.48,1,https://clevelandinternationalhalloffame.com/anthony-yen-2012/,candidate-only
organization-context-review,anthony-yen-yan-yuan-tai-2012,Anthony Yen (Yan Yuan Tai),2012,District Export Council,0.48,1,https://clevelandinternationalhalloffame.com/anthony-yen-2012/,candidate-only
organization-context-review,anthony-yen-yan-yuan-tai-2012,Anthony Yen (Yan Yuan Tai),2012,Federal Bar Association,0.48,1,https://clevelandinternationalhalloffame.com/anthony-yen-2012/,candidate-only
organization-context-review,anthony-yen-yan-yuan-tai-2012,Anthony Yen (Yan Yuan Tai),2012,Greater Cleveland Growth Association,0.48,1,https://clevelandinternationalhalloffame.com/anthony-yen-2012/,candidate-only
organization-context-review,anthony-yen-yan-yuan-tai-2012,Anthony Yen (Yan Yuan Tai),2012,Hathaway Brown School,0.48,1,https://clevelandinternationalhalloffame.com/anthony-yen-2012/,candidate-only
organization-context-review,anthony-yen-yan-yuan-tai-2012,Anthony Yen (Yan Yuan Tai),2012,International Trade Community,0.48,1,https://clevelandinternationalhalloffame.com/anthony-yen-2012/,candidate-only
organization-context-review,anthony-yen-yan-yuan-tai-2012,Anthony Yen (Yan Yuan Tai),2012,Member of International Affair Committee,0.48,1,https://clevelandinternationalhalloffame.com/anthony-yen-2012/,candidate-only
organization-context-review,anthony-yen-yan-yuan-tai-2012,Anthony Yen (Yan Yuan Tai),2012,Member of the Advisory Board of the Center,0.48,1,https://clevelandinternationalhalloffame.com/anthony-yen-2012/,candidate-only
organization-context-review,anthony-yen-yan-yuan-tai-2012,Anthony Yen (Yan Yuan Tai),2012,Member of the Advisory Board of The Genomic Institute,0.48,1,https://clevelandinternationalhalloffame.com/anthony-yen-2012/,candidate-only
organization-context-review,anthony-yen-yan-yuan-tai-2012,Anthony Yen (Yan Yuan Tai),2012,Member of the Advisory Council,0.48,1,https://clevelandinternationalhalloffame.com/anthony-yen-2012/,candidate-only
organization-context-review,anthony-yen-yan-yuan-tai-2012,Anthony Yen (Yan Yuan Tai),2012,Member of the Executive Committee,0.48,1,https://clevelandinternationalhalloffame.com/anthony-yen-2012/,candidate-only
organization-context-review,anthony-yen-yan-yuan-tai-2012,Anthony Yen (Yan Yuan Tai),2012,Member of the Ohio Commodores Association,0.48,1,https://clevelandinternationalhalloffame.com/anthony-yen-2012/,candidate-only
organization-context-review,anthony-yen-yan-yuan-tai-2012,Anthony Yen (Yan Yuan Tai),2012,Member of the Visiting Committee for Cleveland State University,0.48,1,https://clevelandinternationalhalloffame.com/anthony-yen-2012/,candidate-only
organization-context-review,anthony-yen-yan-yuan-tai-2012,Anthony Yen (Yan Yuan Tai),2012,Minnesota World Trade Center,0.48,1,https://clevelandinternationalhalloffame.com/anthony-yen-2012/,candidate-only
organization-context-review,anthony-yen-yan-yuan-tai-2012,Anthony Yen (Yan Yuan Tai),2012,Northern Ohio District Export Council,0.48,1,https://clevelandinternationalhalloffame.com/anthony-yen-2012/,candidate-only
organization-context-review,anthony-yen-yan-yuan-tai-2012,Anthony Yen (Yan Yuan Tai),2012,USA-ROC Economic Council,0.48,1,https://clevelandinternationalhalloffame.com/anthony-yen-2012/,candidate-only
organization-context-review,anthony-yen-yan-yuan-tai-2012,Anthony Yen (Yan Yuan Tai),2012,World Trade Center,0.48,1,https://clevelandinternationalhalloffame.com/anthony-yen-2012/,candidate-only
organization-context-review,anthony-yen-yan-yuan-tai-2012,Anthony Yen (Yan Yuan Tai),2012,World Trade Center Association,0.48,1,https://clevelandinternationalhalloffame.com/anthony-yen-2012/,candidate-only
organization-context-review,anthony-yen-yan-yuan-tai-2012,Anthony Yen (Yan Yuan Tai),2012,World Trade Center Cleveland Education Foundation,0.48,1,https://clevelandinternationalhalloffame.com/anthony-yen-2012/,candidate-only
organization-context-review,anthony-yen-yan-yuan-tai-2012,Anthony Yen (Yan Yuan Tai),2012,World Trade Centers Association,0.48,1,https://clevelandinternationalhalloffame.com/anthony-yen-2012/,candidate-only
organization-context-review,anthony-yen-yan-yuan-tai-2012,Anthony Yen (Yan Yuan Tai),2012,Yulon Motor Co. and the Metal Industrial Development Center,0.48,1,https://clevelandinternationalhalloffame.com/anthony-yen-2012/,candidate-only
organization-context-review,dr-jaya-shah-2012,Dr. Jaya Shah,2012,Chairperson of the Association,0.48,1,https://clevelandinternationalhalloffame.com/dr-jaya-shah-2012/,candidate-only
organization-context-review,dr-jaya-shah-2012,Dr. Jaya Shah,2012,Community Helping Hands Organization,0.48,1,https://clevelandinternationalhalloffame.com/dr-jaya-shah-2012/,candidate-only
organization-context-review,dr-jaya-shah-2012,Dr. Jaya Shah,2012,Grant Medical College,0.48,1,https://clevelandinternationalhalloffame.com/dr-jaya-shah-2012/,candidate-only
organization-context-review,hon-mary-rose-oakar-2012,Hon. Mary Rose Oakar,2012,American Cancer Society,0.48,1,https://clevelandinternationalhalloffame.com/rep-mary-rose-oakar-2012/,candidate-only
organization-context-review,hon-mary-rose-oakar-2012,Hon. Mary Rose Oakar,2012,Betty Ford Breast Cancer Center,0.48,1,https://clevelandinternationalhalloffame.com/rep-mary-rose-oakar-2012/,candidate-only
organization-context-review,hon-mary-rose-oakar-2012,Hon. Mary Rose Oakar,2012,Civil Rights Organization,0.48,1,https://clevelandinternationalhalloffame.com/rep-mary-rose-oakar-2012/,candidate-only
organization-context-review,hon-mary-rose-oakar-2012,Hon. Mary Rose Oakar,2012,Cleveland State University,0.48,1,https://clevelandinternationalhalloffame.com/rep-mary-rose-oakar-2012/,candidate-only
organization-context-review,hon-mary-rose-oakar-2012,Hon. Mary Rose Oakar,2012,Cuyahoga Community College,0.48,1,https://clevelandinternationalhalloffame.com/rep-mary-rose-oakar-2012/,candidate-only
organization-context-review,hon-mary-rose-oakar-2012,Hon. Mary Rose Oakar,2012,East High School,0.48,1,https://clevelandinternationalhalloffame.com/rep-mary-rose-oakar-2012/,candidate-only
organization-context-review,hon-mary-rose-oakar-2012,Hon. Mary Rose Oakar,2012,Health Resource Center,0.48,1,https://clevelandinternationalhalloffame.com/rep-mary-rose-oakar-2012/,candidate-only
organization-context-review,hon-mary-rose-oakar-2012,Hon. Mary Rose Oakar,2012,International Banking Committee,0.48,1,https://clevelandinternationalhalloffame.com/rep-mary-rose-oakar-2012/,candidate-only
organization-context-review,hon-mary-rose-oakar-2012,Hon. Mary Rose Oakar,2012,John Carroll University,0.48,1,https://clevelandinternationalhalloffame.com/rep-mary-rose-oakar-2012/,candidate-only
organization-context-review,hon-mary-rose-oakar-2012,Hon. Mary Rose Oakar,2012,Member of Cleveland City Council,0.48,1,https://clevelandinternationalhalloffame.com/rep-mary-rose-oakar-2012/,candidate-only
organization-context-review,hon-mary-rose-oakar-2012,Hon. Mary Rose Oakar,2012,Member of the North Atlantic Treaty Organization,0.48,1,https://clevelandinternationalhalloffame.com/rep-mary-rose-oakar-2012/,candidate-only
organization-context-review,hon-mary-rose-oakar-2012,Hon. Mary Rose Oakar,2012,National President of the American-Arab Anti-Discrimination Committee,0.48,1,https://clevelandinternationalhalloffame.com/rep-mary-rose-oakar-2012/,candidate-only
organization-context-review,hon-mary-rose-oakar-2012,Hon. Mary Rose Oakar,2012,Nationalities Service Center,0.48,1,https://clevelandinternationalhalloffame.com/rep-mary-rose-oakar-2012/,candidate-only
organization-context-review,hon-mary-rose-oakar-2012,Hon. Mary Rose Oakar,2012,The American Cancer Society,0.48,1,https://clevelandinternationalhalloffame.com/rep-mary-rose-oakar-2012/,candidate-only
organization-context-review,hon-mary-rose-oakar-2012,Hon. Mary Rose Oakar,2012,The Fox Chase Cancer Research Center,0.48,1,https://clevelandinternationalhalloffame.com/rep-mary-rose-oakar-2012/,candidate-only
organization-context-review,hon-mary-rose-oakar-2012,Hon. Mary Rose Oakar,2012,Westham Adult College,0.48,1,https://clevelandinternationalhalloffame.com/rep-mary-rose-oakar-2012/,candidate-only
organization-context-review,jose-c-feliciano-2012,José C. Feliciano,2012,American Bar Association,0.48,1,https://clevelandinternationalhalloffame.com/jose-feliciano-2012/,candidate-only
organization-context-review,jose-c-feliciano-2012,José C. Feliciano,2012,Board of Governors of the American Bar Association,0.48,1,https://clevelandinternationalhalloffame.com/jose-feliciano-2012/,candidate-only
organization-context-review,jose-c-feliciano-2012,José C. Feliciano,2012,Case Western Reserve University Visiting Committee,0.48,1,https://clevelandinternationalhalloffame.com/jose-feliciano-2012/,candidate-only
organization-context-review,jose-c-feliciano-2012,José C. Feliciano,2012,Chairman of the Hispanic Leadership Development Program,0.48,1,https://clevelandinternationalhalloffame.com/jose-feliciano-2012/,candidate-only
organization-context-review,jose-c-feliciano-2012,José C. Feliciano,2012,Cleveland Bar Association,0.48,1,https://clevelandinternationalhalloffame.com/jose-feliciano-2012/,candidate-only
organization-context-review,jose-c-feliciano-2012,José C. Feliciano,2012,Cleveland State University,0.48,1,https://clevelandinternationalhalloffame.com/jose-feliciano-2012/,candidate-only
organization-context-review,jose-c-feliciano-2012,José C. Feliciano,2012,Cleveland State University Nance College,0.48,1,https://clevelandinternationalhalloffame.com/jose-feliciano-2012/,candidate-only
organization-context-review,jose-c-feliciano-2012,José C. Feliciano,2012,Cleveland-Marshall Law Alumni Association,0.48,1,https://clevelandinternationalhalloffame.com/jose-feliciano-2012/,candidate-only
organization-context-review,jose-c-feliciano-2012,José C. Feliciano,2012,Cleveland-Marshall Law School Visiting Committee,0.48,1,https://clevelandinternationalhalloffame.com/jose-feliciano-2012/,candidate-only
organization-context-review,jose-c-feliciano-2012,José C. Feliciano,2012,Hispanic Political Action Committee,0.48,1,https://clevelandinternationalhalloffame.com/jose-feliciano-2012/,candidate-only
organization-context-review,jose-c-feliciano-2012,José C. Feliciano,2012,House of Delegates of the American Bar Association,0.48,1,https://clevelandinternationalhalloffame.com/jose-feliciano-2012/,candidate-only
organization-context-review,jose-c-feliciano-2012,José C. Feliciano,2012,John Carroll University,0.48,1,https://clevelandinternationalhalloffame.com/jose-feliciano-2012/,candidate-only
organization-context-review,jose-c-feliciano-2012,José C. Feliciano,2012,Legal Aid Society,0.48,1,https://clevelandinternationalhalloffame.com/jose-feliciano-2012/,candidate-only
organization-context-review,jose-c-feliciano-2012,José C. Feliciano,2012,Ohio Hispanic Bar Association,0.48,1,https://clevelandinternationalhalloffame.com/jose-feliciano-2012/,candidate-only
organization-context-review,jose-c-feliciano-2012,José C. Feliciano,2012,Ohio Motorist Association,0.48,1,https://clevelandinternationalhalloffame.com/jose-feliciano-2012/,candidate-only
organization-context-review,jose-c-feliciano-2012,José C. Feliciano,2012,Section of Dispute Resolution of the American Bar Association,0.48,1,https://clevelandinternationalhalloffame.com/jose-feliciano-2012/,candidate-only
organization-context-review,jose-c-feliciano-2012,José C. Feliciano,2012,Senate Judiciary Committee,0.48,1,https://clevelandinternationalhalloffame.com/jose-feliciano-2012/,candidate-only
organization-context-review,jose-c-feliciano-2012,José C. Feliciano,2012,Spanish American Committee,0.48,1,https://clevelandinternationalhalloffame.com/jose-feliciano-2012/,candidate-only
organization-context-review,jose-c-feliciano-2012,José C. Feliciano,2012,The Federal Bar Association,0.48,1,https://clevelandinternationalhalloffame.com/jose-feliciano-2012/,candidate-only
organization-context-review,jose-c-feliciano-2012,José C. Feliciano,2012,Twelve State Initiative of the Chicago Council,0.48,1,https://clevelandinternationalhalloffame.com/jose-feliciano-2012/,candidate-only
organization-context-review,ken-kovach-2012,Ken Kovach,2012,Board of Trustees of the Greater Cleveland Interchurch Council,0.48,1,https://clevelandinternationalhalloffame.com/ken-kovach-2012/,candidate-only
organization-context-review,ken-kovach-2012,Ken Kovach,2012,Board of Trustees of the International Services Center,0.48,1,https://clevelandinternationalhalloffame.com/ken-kovach-2012/,candidate-only
organization-context-review,ken-kovach-2012,Ken Kovach,2012,Case Western Reserve University,0.48,1,https://clevelandinternationalhalloffame.com/ken-kovach-2012/,candidate-only
organization-context-review,ken-kovach-2012,Ken Kovach,2012,Cleveland State University,0.48,1,https://clevelandinternationalhalloffame.com/ken-kovach-2012/,candidate-only
organization-context-review,ken-kovach-2012,Ken Kovach,2012,Cuyahoga Community College,0.48,1,https://clevelandinternationalhalloffame.com/ken-kovach-2012/,candidate-only
organization-context-review,ken-kovach-2012,Ken Kovach,2012,Director of the Regional Training Center and Volunteer Center,0.48,1,https://clevelandinternationalhalloffame.com/ken-kovach-2012/,candidate-only
organization-context-review,ken-kovach-2012,Ken Kovach,2012,Federation of India Community,0.48,1,https://clevelandinternationalhalloffame.com/ken-kovach-2012/,candidate-only
organization-context-review,ken-kovach-2012,Ken Kovach,2012,France and The Ecumenical Institute,0.48,1,https://clevelandinternationalhalloffame.com/ken-kovach-2012/,candidate-only
organization-context-review,ken-kovach-2012,Ken Kovach,2012,International Community Council,0.48,1,https://clevelandinternationalhalloffame.com/ken-kovach-2012/,candidate-only
organization-context-review,ken-kovach-2012,Ken Kovach,2012,Lakeland Community College,0.48,1,https://clevelandinternationalhalloffame.com/ken-kovach-2012/,candidate-only
organization-context-review,ken-kovach-2012,Ken Kovach,2012,Management Development Program,0.48,1,https://clevelandinternationalhalloffame.com/ken-kovach-2012/,candidate-only
organization-context-review,ken-kovach-2012,Ken Kovach,2012,Mandel Center for Nonprofit Organizations of Case Western Reserve University,0.48,1,https://clevelandinternationalhalloffame.com/ken-kovach-2012/,candidate-only
organization-context-review,ken-kovach-2012,Ken Kovach,2012,Notre Dame College,0.48,1,https://clevelandinternationalhalloffame.com/ken-kovach-2012/,candidate-only
organization-context-review,ken-kovach-2012,Ken Kovach,2012,Shaker Heights City Council,0.48,1,https://clevelandinternationalhalloffame.com/ken-kovach-2012/,candidate-only
organization-context-review,ken-kovach-2012,Ken Kovach,2012,The Western Reserve Alumni Association,0.48,1,https://clevelandinternationalhalloffame.com/ken-kovach-2012/,candidate-only
organization-context-review,ken-kovach-2012,Ken Kovach,2012,Vice President of The City Club,0.48,1,https://clevelandinternationalhalloffame.com/ken-kovach-2012/,candidate-only
organization-context-review,milton-maltz-2012,Milton Maltz,2012,Board of the CIA Officers Memorial Foundation,0.48,1,https://clevelandinternationalhalloffame.com/milton-maltz-2012/,candidate-only
organization-context-review,milton-maltz-2012,Milton Maltz,2012,Case Western Reserve University,0.48,1,https://clevelandinternationalhalloffame.com/milton-maltz-2012/,candidate-only
organization-context-review,milton-maltz-2012,Milton Maltz,2012,Cleveland Clinic Foundation and the Bascom Palmer Eye Institute,0.48,1,https://clevelandinternationalhalloffame.com/milton-maltz-2012/,candidate-only
organization-context-review,milton-maltz-2012,Milton Maltz,2012,International Spy Museum,0.48,1,https://clevelandinternationalhalloffame.com/milton-maltz-2012/,candidate-only
organization-context-review,milton-maltz-2012,Milton Maltz,2012,Political Action Committee,0.48,1,https://clevelandinternationalhalloffame.com/milton-maltz-2012/,candidate-only
organization-context-review,milton-maltz-2012,Milton Maltz,2012,Radio Advertising Bureau and Vice-Chairman of the Independent Television Association,0.48,1,https://clevelandinternationalhalloffame.com/milton-maltz-2012/,candidate-only
organization-context-review,vladimir-rus-2012,Vladimir Rus,2012,Cleveland Area Labor-Management Council,0.48,1,https://clevelandinternationalhalloffame.com/vladimir-rus-2012/,candidate-only
organization-context-review,vladimir-rus-2012,Vladimir Rus,2012,Cleveland State University,0.48,1,https://clevelandinternationalhalloffame.com/vladimir-rus-2012/,candidate-only
organization-context-review,vladimir-rus-2012,Vladimir Rus,2012,Cuyahoga Community College,0.48,1,https://clevelandinternationalhalloffame.com/vladimir-rus-2012/,candidate-only
organization-context-review,vladimir-rus-2012,Vladimir Rus,2012,Human Resources Investment Council,0.48,1,https://clevelandinternationalhalloffame.com/vladimir-rus-2012/,candidate-only
organization-context-review,vladimir-rus-2012,Vladimir Rus,2012,Italian Elementary School,0.48,1,https://clevelandinternationalhalloffame.com/vladimir-rus-2012/,candidate-only
organization-context-review,vladimir-rus-2012,Vladimir Rus,2012,Ljubljana Sister Cities Committee,0.48,1,https://clevelandinternationalhalloffame.com/vladimir-rus-2012/,candidate-only
organization-context-review,vladimir-rus-2012,Vladimir Rus,2012,Ohio Humanities Council,0.48,1,https://clevelandinternationalhalloffame.com/vladimir-rus-2012/,candidate-only
organization-context-review,vladimir-rus-2012,Vladimir Rus,2012,Slovenian American Business Council,0.48,1,https://clevelandinternationalhalloffame.com/vladimir-rus-2012/,candidate-only
organization-context-review,vladimir-rus-2012,Vladimir Rus,2012,Slovenian American Heritage Foundation,0.48,1,https://clevelandinternationalhalloffame.com/vladimir-rus-2012/,candidate-only
organization-context-review,vladimir-rus-2012,Vladimir Rus,2012,The City Club,0.48,1,https://clevelandinternationalhalloffame.com/vladimir-rus-2012/,candidate-only
organization-context-review,vladimir-rus-2012,Vladimir Rus,2012,The Cleveland Council,0.48,1,https://clevelandinternationalhalloffame.com/vladimir-rus-2012/,candidate-only
organization-context-review,vladimir-rus-2012,Vladimir Rus,2012,The Slavic Community,0.48,1,https://clevelandinternationalhalloffame.com/vladimir-rus-2012/,candidate-only
organization-context-review,vladimir-rus-2012,Vladimir Rus,2012,Urban Metropolitan Development Institute,0.48,1,https://clevelandinternationalhalloffame.com/vladimir-rus-2012/,candidate-only
organization-context-review,vladimir-rus-2012,Vladimir Rus,2012,Vice Chair of the Economic Development Committee,0.48,1,https://clevelandinternationalhalloffame.com/vladimir-rus-2012/,candidate-only
organization-context-review,vladimir-rus-2012,Vladimir Rus,2012,Vice President of the International Services Center,0.48,1,https://clevelandinternationalhalloffame.com/vladimir-rus-2012/,candidate-only
organization-context-review,vladimir-rus-2012,Vladimir Rus,2012,Western Reserve University,0.48,1,https://clevelandinternationalhalloffame.com/vladimir-rus-2012/,candidate-only
organization-context-review,vladimir-rus-2012,Vladimir Rus,2012,Willoughby-Eastlake High School,0.48,1,https://clevelandinternationalhalloffame.com/vladimir-rus-2012/,candidate-only
organization-context-review,bishop-a-edward-pevec-2013,Bishop A. Edward Pevec,2013,Borromeo Seminary High School,0.48,1,https://clevelandinternationalhalloffame.com/bishop-a-edward-pevec-2013/,candidate-only
organization-context-review,bishop-a-edward-pevec-2013,Bishop A. Edward Pevec,2013,Cathedral Latin Alumni Association,0.48,1,https://clevelandinternationalhalloffame.com/bishop-a-edward-pevec-2013/,candidate-only
organization-context-review,bishop-a-edward-pevec-2013,Bishop A. Edward Pevec,2013,Cathedral Latin High School,0.48,1,https://clevelandinternationalhalloffame.com/bishop-a-edward-pevec-2013/,candidate-only
organization-context-review,bishop-a-edward-pevec-2013,Bishop A. Edward Pevec,2013,John Carroll University,0.48,1,https://clevelandinternationalhalloffame.com/bishop-a-edward-pevec-2013/,candidate-only
organization-context-review,bishop-a-edward-pevec-2013,Bishop A. Edward Pevec,2013,NCEA Executive Committee Committee,0.48,1,https://clevelandinternationalhalloffame.com/bishop-a-edward-pevec-2013/,candidate-only
organization-context-review,bishop-a-edward-pevec-2013,Bishop A. Edward Pevec,2013,United States Conference of Catholic Bishops Committee,0.48,1,https://clevelandinternationalhalloffame.com/bishop-a-edward-pevec-2013/,candidate-only
organization-context-review,bishop-a-edward-pevec-2013,Bishop A. Edward Pevec,2013,Western Reserve University,0.48,1,https://clevelandinternationalhalloffame.com/bishop-a-edward-pevec-2013/,candidate-only
organization-context-review,dr-maria-pujana-2013,Dr. Maria Pujana,2013,Board of Directors of the Cleveland Foundation,0.48,1,https://clevelandinternationalhalloffame.com/maria-pujana-2013/,candidate-only
organization-context-review,dr-maria-pujana-2013,Dr. Maria Pujana,2013,Case Western Reserve University,0.48,1,https://clevelandinternationalhalloffame.com/maria-pujana-2013/,candidate-only
organization-context-review,dr-maria-pujana-2013,Dr. Maria Pujana,2013,Chair of Advisory and Selection Committee,0.48,1,https://clevelandinternationalhalloffame.com/maria-pujana-2013/,candidate-only
organization-context-review,dr-maria-pujana-2013,Dr. Maria Pujana,2013,Chair of the International Affairs and Services Committee,0.48,1,https://clevelandinternationalhalloffame.com/maria-pujana-2013/,candidate-only
organization-context-review,dr-maria-pujana-2013,Dr. Maria Pujana,2013,Founder and Chair of the International Committee,0.48,1,https://clevelandinternationalhalloffame.com/maria-pujana-2013/,candidate-only
organization-context-review,dr-maria-pujana-2013,Dr. Maria Pujana,2013,Helen Moss Cancer Research Foundation,0.48,1,https://clevelandinternationalhalloffame.com/maria-pujana-2013/,candidate-only
organization-context-review,dr-maria-pujana-2013,Dr. Maria Pujana,2013,Hispanic Business Association,0.48,1,https://clevelandinternationalhalloffame.com/maria-pujana-2013/,candidate-only
organization-context-review,dr-maria-pujana-2013,Dr. Maria Pujana,2013,Member of the Cleveland Office of Minority Health Advisory Committee,0.48,1,https://clevelandinternationalhalloffame.com/maria-pujana-2013/,candidate-only
organization-context-review,dr-maria-pujana-2013,Dr. Maria Pujana,2013,The Advisory Board of the Cleveland Institute,0.48,1,https://clevelandinternationalhalloffame.com/maria-pujana-2013/,candidate-only
organization-context-review,dr-maria-pujana-2013,Dr. Maria Pujana,2013,TiE Ohio Community,0.48,1,https://clevelandinternationalhalloffame.com/maria-pujana-2013/,candidate-only
organization-context-review,jack-coyne-2013,Jack Coyne,2013,After Law School,0.48,1,https://clevelandinternationalhalloffame.com/john-jack-coyne-2013/,candidate-only
organization-context-review,jack-coyne-2013,Jack Coyne,2013,Benedictine High School,0.48,1,https://clevelandinternationalhalloffame.com/john-jack-coyne-2013/,candidate-only
organization-context-review,jack-coyne-2013,Jack Coyne,2013,Catholic Counseling Center,0.48,1,https://clevelandinternationalhalloffame.com/john-jack-coyne-2013/,candidate-only
organization-context-review,jack-coyne-2013,Jack Coyne,2013,Cleveland Parking Association,0.48,1,https://clevelandinternationalhalloffame.com/john-jack-coyne-2013/,candidate-only
organization-context-review,jack-coyne-2013,Jack Coyne,2013,Director of the National Parking Association,0.48,1,https://clevelandinternationalhalloffame.com/john-jack-coyne-2013/,candidate-only
organization-context-review,jack-coyne-2013,Jack Coyne,2013,Irish American Political Action Committee,0.48,1,https://clevelandinternationalhalloffame.com/john-jack-coyne-2013/,candidate-only
organization-context-review,jack-coyne-2013,Jack Coyne,2013,Irish Garden Club,0.48,1,https://clevelandinternationalhalloffame.com/john-jack-coyne-2013/,candidate-only
organization-context-review,jack-coyne-2013,Jack Coyne,2013,President of the Irish-American Charitable Foundation,0.48,1,https://clevelandinternationalhalloffame.com/john-jack-coyne-2013/,candidate-only
organization-context-review,jack-coyne-2013,Jack Coyne,2013,The Irish American Charitable Foundation,0.48,1,https://clevelandinternationalhalloffame.com/john-jack-coyne-2013/,candidate-only
organization-context-review,josef-holzer-2013,Josef Holzer,2013,German Language School,0.48,1,https://clevelandinternationalhalloffame.com/joseph-holzer-2013/,candidate-only
organization-context-review,josef-holzer-2013,Josef Holzer,2013,President of The Society,0.48,1,https://clevelandinternationalhalloffame.com/joseph-holzer-2013/,candidate-only
organization-context-review,josef-holzer-2013,Josef Holzer,2013,Youth Soccer Program,0.48,1,https://clevelandinternationalhalloffame.com/joseph-holzer-2013/,candidate-only
organization-context-review,nacy-panzica-2013,Nacy Panzica,2013,Alhambra for Retarded Children Cuyahoga Community College,0.48,1,https://clevelandinternationalhalloffame.com/nacy-panzica-2013/,candidate-only
organization-context-review,nacy-panzica-2013,Nacy Panzica,2013,Cystic Fibrosis Foundation,0.48,1,https://clevelandinternationalhalloffame.com/nacy-panzica-2013/,candidate-only
organization-context-review,ratanjit-s-sondhe-2013,Ratanjit S. Sondhe,2013,Multicultural Business Development Center,0.48,1,https://clevelandinternationalhalloffame.com/ratanjit-sondhe-2013/,candidate-only
organization-context-review,ratanjit-s-sondhe-2013,Ratanjit S. Sondhe,2013,The City Club Foundation,0.48,1,https://clevelandinternationalhalloffame.com/ratanjit-sondhe-2013/,candidate-only
organization-context-review,ratanjit-s-sondhe-2013,Ratanjit S. Sondhe,2013,The Cleveland Foundation,0.48,1,https://clevelandinternationalhalloffame.com/ratanjit-sondhe-2013/,candidate-only
organization-context-review,samuel-h-miller-2013,Samuel H. Miller,2013,Case Western Reserve University,0.48,1,https://clevelandinternationalhalloffame.com/sam-miller-2013/,candidate-only
organization-context-review,samuel-h-miller-2013,Samuel H. Miller,2013,Catholic Diocese of Cleveland Foundation and John Carroll University,0.48,1,https://clevelandinternationalhalloffame.com/sam-miller-2013/,candidate-only
organization-context-review,samuel-h-miller-2013,Samuel H. Miller,2013,Cleveland State University,0.48,1,https://clevelandinternationalhalloffame.com/sam-miller-2013/,candidate-only
organization-context-review,samuel-h-miller-2013,Samuel H. Miller,2013,Cuyahoga Community College,0.48,1,https://clevelandinternationalhalloffame.com/sam-miller-2013/,candidate-only
organization-context-review,samuel-h-miller-2013,Samuel H. Miller,2013,Cystic Fibrosis Foundation,0.48,1,https://clevelandinternationalhalloffame.com/sam-miller-2013/,candidate-only
organization-context-review,samuel-h-miller-2013,Samuel H. Miller,2013,Distinguished Fellow of The Cleveland Clinic Foundation,0.48,1,https://clevelandinternationalhalloffame.com/sam-miller-2013/,candidate-only
organization-context-review,samuel-h-miller-2013,Samuel H. Miller,2013,Harvard Business School,0.48,1,https://clevelandinternationalhalloffame.com/sam-miller-2013/,candidate-only
organization-context-review,samuel-h-miller-2013,Samuel H. Miller,2013,Honorary Trustee of Case Western Reserve University,0.48,1,https://clevelandinternationalhalloffame.com/sam-miller-2013/,candidate-only
organization-context-review,samuel-h-miller-2013,Samuel H. Miller,2013,Lifetime Honorary Trustee of the Jewish Community,0.48,1,https://clevelandinternationalhalloffame.com/sam-miller-2013/,candidate-only
organization-context-review,samuel-h-miller-2013,Samuel H. Miller,2013,Notre Dame College,0.48,1,https://clevelandinternationalhalloffame.com/sam-miller-2013/,candidate-only
organization-context-review,samuel-h-miller-2013,Samuel H. Miller,2013,The Cleveland Clinic,0.48,1,https://clevelandinternationalhalloffame.com/sam-miller-2013/,candidate-only
organization-context-review,ernie-mihaly-2014,Ernie Mihaly,2014,Cleveland Hungarian Heritage Society,0.48,1,https://clevelandinternationalhalloffame.com/ernie-mihaly-2014/,candidate-only
organization-context-review,ernie-mihaly-2014,Ernie Mihaly,2014,First Hungarian Lutheran Church,0.48,1,https://clevelandinternationalhalloffame.com/ernie-mihaly-2014/,candidate-only
organization-context-review,ernie-mihaly-2014,Ernie Mihaly,2014,Hungarian Charity Club,0.48,1,https://clevelandinternationalhalloffame.com/ernie-mihaly-2014/,candidate-only
organization-context-review,ernie-mihaly-2014,Ernie Mihaly,2014,Hungarian Cultural Center,0.48,1,https://clevelandinternationalhalloffame.com/ernie-mihaly-2014/,candidate-only
organization-context-review,ernie-mihaly-2014,Ernie Mihaly,2014,The Cleveland Hungarian Heritage Society,0.48,1,https://clevelandinternationalhalloffame.com/ernie-mihaly-2014/,candidate-only
organization-context-review,eugene-bak-2014,Eugene Bak,2014,Board of Trustees of Cleveland Society,0.48,1,https://clevelandinternationalhalloffame.com/eugene-bak-2014/,candidate-only
organization-context-review,eugene-bak-2014,Eugene Bak,2014,Executive Director of the Polish American Cultural Center,0.48,1,https://clevelandinternationalhalloffame.com/eugene-bak-2014/,candidate-only
organization-context-review,eugene-bak-2014,Eugene Bak,2014,Franklin Area School,0.48,1,https://clevelandinternationalhalloffame.com/eugene-bak-2014/,candidate-only
organization-context-review,eugene-bak-2014,Eugene Bak,2014,Ohio State University,0.48,1,https://clevelandinternationalhalloffame.com/eugene-bak-2014/,candidate-only
organization-context-review,eugene-bak-2014,Eugene Bak,2014,Polish American Cultural Center,0.48,1,https://clevelandinternationalhalloffame.com/eugene-bak-2014/,candidate-only
organization-context-review,eugene-bak-2014,Eugene Bak,2014,Seton Hall University,0.48,1,https://clevelandinternationalhalloffame.com/eugene-bak-2014/,candidate-only
organization-context-review,jim-foster-2014,Jim Foster,2014,The City Club,0.48,1,https://clevelandinternationalhalloffame.com/jim-foster-2014/,candidate-only
organization-context-review,joseph-p-meissner-2014,Joseph P Meissner,2014,Attorney-in-Charge for Offices of the Cleveland Legal Aid Society,0.48,1,https://clevelandinternationalhalloffame.com/joseph-p-meissner-2014/,candidate-only
organization-context-review,joseph-p-meissner-2014,Joseph P Meissner,2014,Co-Chaired the Harvard Civil-Rights Committee,0.48,1,https://clevelandinternationalhalloffame.com/joseph-p-meissner-2014/,candidate-only
organization-context-review,joseph-p-meissner-2014,Joseph P Meissner,2014,Co-President of the Meissner Family Association,0.48,1,https://clevelandinternationalhalloffame.com/joseph-p-meissner-2014/,candidate-only
organization-context-review,joseph-p-meissner-2014,Joseph P Meissner,2014,Command and General Staff College,0.48,1,https://clevelandinternationalhalloffame.com/joseph-p-meissner-2014/,candidate-only
organization-context-review,joseph-p-meissner-2014,Joseph P Meissner,2014,Consumer Protection Association,0.48,1,https://clevelandinternationalhalloffame.com/joseph-p-meissner-2014/,candidate-only
organization-context-review,joseph-p-meissner-2014,Joseph P Meissner,2014,Director of the Society,0.48,1,https://clevelandinternationalhalloffame.com/joseph-p-meissner-2014/,candidate-only
organization-context-review,joseph-p-meissner-2014,Joseph P Meissner,2014,Harvard Law University,0.48,1,https://clevelandinternationalhalloffame.com/joseph-p-meissner-2014/,candidate-only
organization-context-review,joseph-p-meissner-2014,Joseph P Meissner,2014,In Law School,0.48,1,https://clevelandinternationalhalloffame.com/joseph-p-meissner-2014/,candidate-only
organization-context-review,joseph-p-meissner-2014,Joseph P Meissner,2014,Secretary for the Law School,0.48,1,https://clevelandinternationalhalloffame.com/joseph-p-meissner-2014/,candidate-only
organization-context-review,joseph-p-meissner-2014,Joseph P Meissner,2014,Special Forces Association,0.48,1,https://clevelandinternationalhalloffame.com/joseph-p-meissner-2014/,candidate-only
organization-context-review,joseph-p-meissner-2014,Joseph P Meissner,2014,St Ignatius High School,0.48,1,https://clevelandinternationalhalloffame.com/joseph-p-meissner-2014/,candidate-only
organization-context-review,joseph-p-meissner-2014,Joseph P Meissner,2014,Vice-Director of the Friendship Foundation,0.48,1,https://clevelandinternationalhalloffame.com/joseph-p-meissner-2014/,candidate-only
organization-context-review,joseph-p-meissner-2014,Joseph P Meissner,2014,Vietnamese American Friendship Society,0.48,1,https://clevelandinternationalhalloffame.com/joseph-p-meissner-2014/,candidate-only
organization-context-review,margaret-callander-2014,Margaret Callander,2014,Games and the School,0.48,1,https://clevelandinternationalhalloffame.com/margaret-callander-2014/,candidate-only
organization-context-review,margaret-callander-2014,Margaret Callander,2014,Hall of Fame of the Scottish Heritage Association,0.48,1,https://clevelandinternationalhalloffame.com/margaret-callander-2014/,candidate-only
organization-context-review,margaret-callander-2014,Margaret Callander,2014,Historic First Presbyterian Church,0.48,1,https://clevelandinternationalhalloffame.com/margaret-callander-2014/,candidate-only
organization-context-review,margaret-callander-2014,Margaret Callander,2014,National Honor Society,0.48,1,https://clevelandinternationalhalloffame.com/margaret-callander-2014/,candidate-only
organization-context-review,margaret-callander-2014,Margaret Callander,2014,National President of the Association,0.48,1,https://clevelandinternationalhalloffame.com/margaret-callander-2014/,candidate-only
organization-context-review,margaret-callander-2014,Margaret Callander,2014,Ohio Scottish Arts School,0.48,1,https://clevelandinternationalhalloffame.com/margaret-callander-2014/,candidate-only
organization-context-review,margaret-callander-2014,Margaret Callander,2014,Ohio Scottish Games and the Ohio Scottish Arts School,0.48,1,https://clevelandinternationalhalloffame.com/margaret-callander-2014/,candidate-only
organization-context-review,margaret-callander-2014,Margaret Callander,2014,Scottish-American Cultural Society,0.48,1,https://clevelandinternationalhalloffame.com/margaret-callander-2014/,candidate-only
organization-context-review,margaret-callander-2014,Margaret Callander,2014,Shaw High School,0.48,1,https://clevelandinternationalhalloffame.com/margaret-callander-2014/,candidate-only
organization-context-review,monte-ahuja-2014,Monte Ahuja,2014,Ahuja Medical Center,0.48,1,https://clevelandinternationalhalloffame.com/monte-ahuja-2014/,candidate-only
organization-context-review,monte-ahuja-2014,Monte Ahuja,2014,Cleveland State University,0.48,1,https://clevelandinternationalhalloffame.com/monte-ahuja-2014/,candidate-only
organization-context-review,monte-ahuja-2014,Monte Ahuja,2014,Harvard University Business School,0.48,1,https://clevelandinternationalhalloffame.com/monte-ahuja-2014/,candidate-only
organization-context-review,monte-ahuja-2014,Monte Ahuja,2014,Ohio Export Promotion and Trade Council,0.48,1,https://clevelandinternationalhalloffame.com/monte-ahuja-2014/,candidate-only
organization-context-review,monte-ahuja-2014,Monte Ahuja,2014,Ohio State University,0.48,1,https://clevelandinternationalhalloffame.com/monte-ahuja-2014/,candidate-only
organization-context-review,monte-ahuja-2014,Monte Ahuja,2014,The Monte Ahuja College,0.48,1,https://clevelandinternationalhalloffame.com/monte-ahuja-2014/,candidate-only
organization-context-review,monte-ahuja-2014,Monte Ahuja,2014,Trustee of the Cleveland State University,0.48,1,https://clevelandinternationalhalloffame.com/monte-ahuja-2014/,candidate-only
organization-context-review,monte-ahuja-2014,Monte Ahuja,2014,World Trade Center,0.48,1,https://clevelandinternationalhalloffame.com/monte-ahuja-2014/,candidate-only
organization-context-review,monte-ahuja-2014,Monte Ahuja,2014,World Trade Center Advisory Council,0.48,1,https://clevelandinternationalhalloffame.com/monte-ahuja-2014/,candidate-only
organization-context-review,thomas-j-scanlon-2014,Thomas J. Scanlon,2014,Cleveland Marshall College,0.48,1,https://clevelandinternationalhalloffame.com/thomas-j-scanlon-2014/,candidate-only
organization-context-review,thomas-j-scanlon-2014,Thomas J. Scanlon,2014,Cleveland Marshall Law Alumni Association,0.48,1,https://clevelandinternationalhalloffame.com/thomas-j-scanlon-2014/,candidate-only
organization-context-review,thomas-j-scanlon-2014,Thomas J. Scanlon,2014,Cleveland Pops Orchestra,0.48,1,https://clevelandinternationalhalloffame.com/thomas-j-scanlon-2014/,candidate-only
organization-context-review,thomas-j-scanlon-2014,Thomas J. Scanlon,2014,Cleveland State University,0.48,1,https://clevelandinternationalhalloffame.com/thomas-j-scanlon-2014/,candidate-only
organization-context-review,thomas-j-scanlon-2014,Thomas J. Scanlon,2014,Cleveland State University Alumni Association,0.48,1,https://clevelandinternationalhalloffame.com/thomas-j-scanlon-2014/,candidate-only
organization-context-review,thomas-j-scanlon-2014,Thomas J. Scanlon,2014,Cleveland-Marshall College of Law Alumni Association,0.48,1,https://clevelandinternationalhalloffame.com/thomas-j-scanlon-2014/,candidate-only
organization-context-review,thomas-j-scanlon-2014,Thomas J. Scanlon,2014,Irish American Archives Society,0.48,1,https://clevelandinternationalhalloffame.com/thomas-j-scanlon-2014/,candidate-only
organization-context-review,thomas-j-scanlon-2014,Thomas J. Scanlon,2014,Irish Heritage and Cultural Center,0.48,1,https://clevelandinternationalhalloffame.com/thomas-j-scanlon-2014/,candidate-only
organization-context-review,thomas-j-scanlon-2014,Thomas J. Scanlon,2014,Irish-American Charitable Foundation,0.48,1,https://clevelandinternationalhalloffame.com/thomas-j-scanlon-2014/,candidate-only
organization-context-review,thomas-j-scanlon-2014,Thomas J. Scanlon,2014,John Carroll University,0.48,1,https://clevelandinternationalhalloffame.com/thomas-j-scanlon-2014/,candidate-only
organization-context-review,thomas-j-scanlon-2014,Thomas J. Scanlon,2014,The Brehon Law Society,0.48,1,https://clevelandinternationalhalloffame.com/thomas-j-scanlon-2014/,candidate-only
organization-context-review,bishop-anthony-pilla-2015,Bishop Anthony Pilla,2015,Borromeo Seminary High School,0.48,1,https://clevelandinternationalhalloffame.com/bishop-anthony-pilla-2015/,candidate-only
organization-context-review,bishop-anthony-pilla-2015,Bishop Anthony Pilla,2015,John Carroll University,0.48,1,https://clevelandinternationalhalloffame.com/bishop-anthony-pilla-2015/,candidate-only
organization-context-review,bishop-anthony-pilla-2015,Bishop Anthony Pilla,2015,President-Rector of Borromeo College,0.48,1,https://clevelandinternationalhalloffame.com/bishop-anthony-pilla-2015/,candidate-only
organization-context-review,dick-pogue-2015,Dick Pogue,2015,Global Impact Award Committee and the CCWA Foundation,0.48,1,https://clevelandinternationalhalloffame.com/richard-pogue-2015/,candidate-only
organization-context-review,dick-pogue-2015,Dick Pogue,2015,Greater Cleveland Growth Association,0.48,1,https://clevelandinternationalhalloffame.com/richard-pogue-2015/,candidate-only
organization-context-review,dick-pogue-2015,Dick Pogue,2015,Mount Union University,0.48,1,https://clevelandinternationalhalloffame.com/richard-pogue-2015/,candidate-only
organization-context-review,dick-pogue-2015,Dick Pogue,2015,Northeast Ohio Council,0.48,1,https://clevelandinternationalhalloffame.com/richard-pogue-2015/,candidate-only
organization-context-review,dick-pogue-2015,Dick Pogue,2015,Ohio Legal Assistance Foundation,0.48,1,https://clevelandinternationalhalloffame.com/richard-pogue-2015/,candidate-only
organization-context-review,dick-pogue-2015,Dick Pogue,2015,Ohio State Bar Association Committee,0.48,1,https://clevelandinternationalhalloffame.com/richard-pogue-2015/,candidate-only
organization-context-review,dick-pogue-2015,Dick Pogue,2015,Regional Business Council,0.48,1,https://clevelandinternationalhalloffame.com/richard-pogue-2015/,candidate-only
organization-context-review,dick-pogue-2015,Dick Pogue,2015,The City Club,0.48,1,https://clevelandinternationalhalloffame.com/richard-pogue-2015/,candidate-only
organization-context-review,dick-pogue-2015,Dick Pogue,2015,The Cleveland Foundation,0.48,1,https://clevelandinternationalhalloffame.com/richard-pogue-2015/,candidate-only
organization-context-review,dick-pogue-2015,Dick Pogue,2015,Trustee Emeritus of Case Western Reserve University,0.48,1,https://clevelandinternationalhalloffame.com/richard-pogue-2015/,candidate-only
organization-context-review,dick-pogue-2015,Dick Pogue,2015,Trustee of the University,0.48,1,https://clevelandinternationalhalloffame.com/richard-pogue-2015/,candidate-only
organization-context-review,dick-pogue-2015,Dick Pogue,2015,University of Akron and the Cleveland Institute,0.48,1,https://clevelandinternationalhalloffame.com/richard-pogue-2015/,candidate-only
organization-context-review,dick-pogue-2015,Dick Pogue,2015,University of Michigan Law School,0.48,1,https://clevelandinternationalhalloffame.com/richard-pogue-2015/,candidate-only
organization-context-review,dick-pogue-2015,Dick Pogue,2015,World Trade Center,0.48,1,https://clevelandinternationalhalloffame.com/richard-pogue-2015/,candidate-only
organization-context-review,dick-russ-2015,Dick Russ,2015,Board Chairmanship of the International Community Council,0.48,1,https://clevelandinternationalhalloffame.com/dick-russ-2015/,candidate-only
organization-context-review,dick-russ-2015,Dick Russ,2015,Cleveland Board Chair of the Ukrainian Cultural Arts Association,0.48,1,https://clevelandinternationalhalloffame.com/dick-russ-2015/,candidate-only
organization-context-review,dick-russ-2015,Dick Russ,2015,Disabilities Executive Committee,0.48,1,https://clevelandinternationalhalloffame.com/dick-russ-2015/,candidate-only
organization-context-review,dick-russ-2015,Dick Russ,2015,Homes Board Member of the American Indian Education Council,0.48,1,https://clevelandinternationalhalloffame.com/dick-russ-2015/,candidate-only
organization-context-review,dick-russ-2015,Dick Russ,2015,International Services Center,0.48,1,https://clevelandinternationalhalloffame.com/dick-russ-2015/,candidate-only
organization-context-review,dick-russ-2015,Dick Russ,2015,LifeWorks Ohio Advisory Council,0.48,1,https://clevelandinternationalhalloffame.com/dick-russ-2015/,candidate-only
organization-context-review,dick-russ-2015,Dick Russ,2015,Religious Communicators Council,0.48,1,https://clevelandinternationalhalloffame.com/dick-russ-2015/,candidate-only
organization-context-review,dick-russ-2015,Dick Russ,2015,Sisters of Charity Foundation,0.48,1,https://clevelandinternationalhalloffame.com/dick-russ-2015/,candidate-only
organization-context-review,dick-russ-2015,Dick Russ,2015,The Arc of Greater Cleveland Trustee of North Coast Community,0.48,1,https://clevelandinternationalhalloffame.com/dick-russ-2015/,candidate-only
organization-context-review,dick-russ-2015,Dick Russ,2015,Vice President of North Coast Community,0.48,1,https://clevelandinternationalhalloffame.com/dick-russ-2015/,candidate-only
organization-context-review,dick-russ-2015,Dick Russ,2015,West Side Catholic Center,0.48,1,https://clevelandinternationalhalloffame.com/dick-russ-2015/,candidate-only
organization-context-review,honorable-jose-a-villanueva-2015,Honorable José A. Villanueva,2015,Cleveland Legal Aid Society,0.48,1,https://clevelandinternationalhalloffame.com/honorable-jose-a-villanueva-2015/,candidate-only
organization-context-review,honorable-jose-a-villanueva-2015,Honorable José A. Villanueva,2015,Cleveland Marshall School of Law Visiting Committee,0.48,1,https://clevelandinternationalhalloffame.com/honorable-jose-a-villanueva-2015/,candidate-only
organization-context-review,honorable-jose-a-villanueva-2015,Honorable José A. Villanueva,2015,Cleveland State University,0.48,1,https://clevelandinternationalhalloffame.com/honorable-jose-a-villanueva-2015/,candidate-only
organization-context-review,honorable-jose-a-villanueva-2015,Honorable José A. Villanueva,2015,Cuyahoga Community College Hispanic Steering Council,0.48,1,https://clevelandinternationalhalloffame.com/honorable-jose-a-villanueva-2015/,candidate-only
organization-context-review,honorable-jose-a-villanueva-2015,Honorable José A. Villanueva,2015,George Washington University,0.48,1,https://clevelandinternationalhalloffame.com/honorable-jose-a-villanueva-2015/,candidate-only
organization-context-review,honorable-jose-a-villanueva-2015,Honorable José A. Villanueva,2015,Leadership and Community,0.48,1,https://clevelandinternationalhalloffame.com/honorable-jose-a-villanueva-2015/,candidate-only
organization-context-review,honorable-jose-a-villanueva-2015,Honorable José A. Villanueva,2015,Legal Aid Society,0.48,1,https://clevelandinternationalhalloffame.com/honorable-jose-a-villanueva-2015/,candidate-only
organization-context-review,honorable-jose-a-villanueva-2015,Honorable José A. Villanueva,2015,Ohio Hispanic Bar Association,0.48,1,https://clevelandinternationalhalloffame.com/honorable-jose-a-villanueva-2015/,candidate-only
organization-context-review,honorable-jose-a-villanueva-2015,Honorable José A. Villanueva,2015,School Monitoring and Community,0.48,1,https://clevelandinternationalhalloffame.com/honorable-jose-a-villanueva-2015/,candidate-only
organization-context-review,honorable-jose-a-villanueva-2015,Honorable José A. Villanueva,2015,West Technical High School,0.48,1,https://clevelandinternationalhalloffame.com/honorable-jose-a-villanueva-2015/,candidate-only
organization-context-review,richard-a-ganim-2015,Richard A. Ganim,2015,Brian Muha Foundation,0.48,1,https://clevelandinternationalhalloffame.com/richard-ganim-2015/,candidate-only
organization-context-review,richard-a-ganim-2015,Richard A. Ganim,2015,Cleveland American Middle East Organization,0.48,1,https://clevelandinternationalhalloffame.com/richard-ganim-2015/,candidate-only
organization-context-review,richard-a-ganim-2015,Richard A. Ganim,2015,Holy Name Society,0.48,1,https://clevelandinternationalhalloffame.com/richard-ganim-2015/,candidate-only
organization-context-review,richard-a-ganim-2015,Richard A. Ganim,2015,Saint Maron Maronite Catholic Church,0.48,1,https://clevelandinternationalhalloffame.com/richard-ganim-2015/,candidate-only
organization-context-review,shiv-k-aggarwal-2015,Shiv K. Aggarwal,2015,Cleveland City Council,0.48,1,https://clevelandinternationalhalloffame.com/shiv-k-aggarwal-2015/,candidate-only
organization-context-review,shiv-k-aggarwal-2015,Shiv K. Aggarwal,2015,Collinwood Community Services Center,0.48,1,https://clevelandinternationalhalloffame.com/shiv-k-aggarwal-2015/,candidate-only
organization-context-review,shiv-k-aggarwal-2015,Shiv K. Aggarwal,2015,Collinwood Youth Association,0.48,1,https://clevelandinternationalhalloffame.com/shiv-k-aggarwal-2015/,candidate-only
organization-context-review,shiv-k-aggarwal-2015,Shiv K. Aggarwal,2015,Last Chance Rehab Program,0.48,1,https://clevelandinternationalhalloffame.com/shiv-k-aggarwal-2015/,candidate-only
organization-context-review,steve-mulloy-2015,Steve Mulloy,2015,Irish-American Club East Side and the Irish Heritage Club,0.48,1,https://clevelandinternationalhalloffame.com/steve-mulloy-2015/,candidate-only
organization-context-review,steve-mulloy-2015,Steve Mulloy,2015,Sisters of the Eucharist and the St Augustine Church,0.48,1,https://clevelandinternationalhalloffame.com/steve-mulloy-2015/,candidate-only
organization-context-review,steve-mulloy-2015,Steve Mulloy,2015,St Patrick Gaelic Football Club,0.48,1,https://clevelandinternationalhalloffame.com/steve-mulloy-2015/,candidate-only
organization-context-review,steve-mulloy-2015,Steve Mulloy,2015,West Side Irish-American Club,0.48,1,https://clevelandinternationalhalloffame.com/steve-mulloy-2015/,candidate-only
organization-context-review,arnie-de-la-porte-2016-2016,Arnie de la Porte – 2016,2016,Benelux Business Association,0.48,1,https://clevelandinternationalhalloffame.com/arnie-de-la-porte-2016/,candidate-only
organization-context-review,arnie-de-la-porte-2016-2016,Arnie de la Porte – 2016,2016,Cleveland Rotary Club,0.48,1,https://clevelandinternationalhalloffame.com/arnie-de-la-porte-2016/,candidate-only
organization-context-review,arnie-de-la-porte-2016-2016,Arnie de la Porte – 2016,2016,Cleveland World Trade Association,0.48,1,https://clevelandinternationalhalloffame.com/arnie-de-la-porte-2016/,candidate-only
organization-context-review,arnie-de-la-porte-2016-2016,Arnie de la Porte – 2016,2016,Cleveland World Trade Association Foundation,0.48,1,https://clevelandinternationalhalloffame.com/arnie-de-la-porte-2016/,candidate-only
organization-context-review,arnie-de-la-porte-2016-2016,Arnie de la Porte – 2016,2016,Elyria Country Club,0.48,1,https://clevelandinternationalhalloffame.com/arnie-de-la-porte-2016/,candidate-only
organization-context-review,arnie-de-la-porte-2016-2016,Arnie de la Porte – 2016,2016,Greater Cleveland Growth Association,0.48,1,https://clevelandinternationalhalloffame.com/arnie-de-la-porte-2016/,candidate-only
organization-context-review,khalid-samad-2016-2016,Khalid Samad – 2016,2016,City of Cleveland Community,0.48,1,https://clevelandinternationalhalloffame.com/khalid-samad-2016/,candidate-only
organization-context-review,mohan-bafna-2016,Mohan Bafna,2016,Member of the Executive Board of Bedford Medical Center,0.48,1,https://clevelandinternationalhalloffame.com/induction-event-info/dr-mohan-bafna/,candidate-only
organization-context-review,basil-russo-2017,Basil Russo,2017,Board of Directors of the National Italian American Foundation,0.48,1,https://clevelandinternationalhalloffame.com/inductees-europe/basil-russo/,candidate-only
organization-context-review,basil-russo-2017,Basil Russo,2017,Case Western Reserve University,0.48,1,https://clevelandinternationalhalloffame.com/inductees-europe/basil-russo/,candidate-only
organization-context-review,basil-russo-2017,Basil Russo,2017,Italian American Bar Association,0.48,1,https://clevelandinternationalhalloffame.com/inductees-europe/basil-russo/,candidate-only
organization-context-review,basil-russo-2017,Basil Russo,2017,John Carroll University,0.48,1,https://clevelandinternationalhalloffame.com/inductees-europe/basil-russo/,candidate-only
organization-context-review,basil-russo-2017,Basil Russo,2017,Majority Leader of Cleveland City Council,0.48,1,https://clevelandinternationalhalloffame.com/inductees-europe/basil-russo/,candidate-only
organization-context-review,basil-russo-2017,Basil Russo,2017,Northeast Ohio Italian American Foundation,0.48,1,https://clevelandinternationalhalloffame.com/inductees-europe/basil-russo/,candidate-only
organization-context-review,bill-miller-2017,Bill Miller,2017,Kent State University,0.48,1,https://clevelandinternationalhalloffame.com/inductees-europe/bill-miller/,candidate-only
organization-context-review,jim-craciun-2017,Jim Craciun,2017,Cleveland Police Foundation,0.48,1,https://clevelandinternationalhalloffame.com/inductees-europe/jim-craciun/,candidate-only
organization-context-review,jim-craciun-2017,Jim Craciun,2017,Cleveland State University,0.48,1,https://clevelandinternationalhalloffame.com/inductees-europe/jim-craciun/,candidate-only
organization-context-review,jim-craciun-2017,Jim Craciun,2017,Holy Name Society,0.48,1,https://clevelandinternationalhalloffame.com/inductees-europe/jim-craciun/,candidate-only
organization-context-review,jim-craciun-2017,Jim Craciun,2017,International Services Center,0.48,1,https://clevelandinternationalhalloffame.com/inductees-europe/jim-craciun/,candidate-only
organization-context-review,jim-craciun-2017,Jim Craciun,2017,Our Lady of Mount Carmel School Foundation,0.48,1,https://clevelandinternationalhalloffame.com/inductees-europe/jim-craciun/,candidate-only
organization-context-review,jim-craciun-2017,Jim Craciun,2017,University Hospitals ENT Council,0.48,1,https://clevelandinternationalhalloffame.com/inductees-europe/jim-craciun/,candidate-only
organization-context-review,sam-kim-2017,Sam Kim,2017,Ashtabula Korean Church,0.48,1,https://clevelandinternationalhalloffame.com/inductees-asia/sam-kim/,candidate-only
organization-context-review,sam-kim-2017,Sam Kim,2017,National Chapter Current Advisor for the Korean American Association,0.48,1,https://clevelandinternationalhalloffame.com/inductees-asia/sam-kim/,candidate-only
organization-context-review,sam-kim-2017,Sam Kim,2017,President of the Korean American Association,0.48,1,https://clevelandinternationalhalloffame.com/inductees-asia/sam-kim/,candidate-only
organization-context-review,wael-khoury-2017,Wael Khoury,2017,American Heart Association,0.48,1,https://clevelandinternationalhalloffame.com/inductees-asia/wael-khoury/,candidate-only
organization-context-review,wael-khoury-2017,Wael Khoury,2017,Arab American Anti Discrimination Committee,0.48,1,https://clevelandinternationalhalloffame.com/inductees-asia/wael-khoury/,candidate-only
organization-context-review,wael-khoury-2017,Wael Khoury,2017,Case Western Reserve University,0.48,1,https://clevelandinternationalhalloffame.com/inductees-asia/wael-khoury/,candidate-only
organization-context-review,wael-khoury-2017,Wael Khoury,2017,Cleveland American Middle East Organization,0.48,1,https://clevelandinternationalhalloffame.com/inductees-asia/wael-khoury/,candidate-only
organization-context-review,wael-khoury-2017,Wael Khoury,2017,International Cleveland Community Advisory Committee,0.48,1,https://clevelandinternationalhalloffame.com/inductees-asia/wael-khoury/,candidate-only
organization-context-review,wael-khoury-2017,Wael Khoury,2017,MEC Advisory Council,0.48,1,https://clevelandinternationalhalloffame.com/inductees-asia/wael-khoury/,candidate-only
organization-context-review,wael-khoury-2017,Wael Khoury,2017,National Arab American Medical Association,0.48,1,https://clevelandinternationalhalloffame.com/inductees-asia/wael-khoury/,candidate-only
organization-context-review,wael-khoury-2017,Wael Khoury,2017,National Arab American Medical Association Foundation,0.48,1,https://clevelandinternationalhalloffame.com/inductees-asia/wael-khoury/,candidate-only
organization-context-review,wael-khoury-2017,Wael Khoury,2017,Present Director of Cath Lab and CHF Clinic,0.48,1,https://clevelandinternationalhalloffame.com/inductees-asia/wael-khoury/,candidate-only
organization-context-review,wael-khoury-2017,Wael Khoury,2017,Syrian American Cultural Council,0.48,1,https://clevelandinternationalhalloffame.com/inductees-asia/wael-khoury/,candidate-only
organization-context-review,wael-khoury-2017,Wael Khoury,2017,The Cleveland Orchestra,0.48,1,https://clevelandinternationalhalloffame.com/inductees-asia/wael-khoury/,candidate-only
organization-context-review,abby-mina-2018,Abby Mina,2018,Advisory Council of Saint Elias Melkite Greek Catholic Church,0.48,1,https://clevelandinternationalhalloffame.com/inductees-asia/abby-mina/,candidate-only
organization-context-review,abby-mina-2018,Abby Mina,2018,Arab American Center,0.48,1,https://clevelandinternationalhalloffame.com/inductees-asia/abby-mina/,candidate-only
organization-context-review,abby-mina-2018,Abby Mina,2018,Arab American Community,0.48,1,https://clevelandinternationalhalloffame.com/inductees-asia/abby-mina/,candidate-only
organization-context-review,abby-mina-2018,Abby Mina,2018,Arab American Institute,0.48,1,https://clevelandinternationalhalloffame.com/inductees-asia/abby-mina/,candidate-only
organization-context-review,abby-mina-2018,Abby Mina,2018,Arabic Radio Program,0.48,1,https://clevelandinternationalhalloffame.com/inductees-asia/abby-mina/,candidate-only
organization-context-review,abby-mina-2018,Abby Mina,2018,History Society and Philologian Literary Society,0.48,1,https://clevelandinternationalhalloffame.com/inductees-asia/abby-mina/,candidate-only
organization-context-review,abby-mina-2018,Abby Mina,2018,International Services Center,0.48,1,https://clevelandinternationalhalloffame.com/inductees-asia/abby-mina/,candidate-only
organization-context-review,abby-mina-2018,Abby Mina,2018,Northern Ohio Lebanese American Association,0.48,1,https://clevelandinternationalhalloffame.com/inductees-asia/abby-mina/,candidate-only
organization-context-review,atul-mehta-2018,Atul Mehta,2018,Director of the Center,0.48,1,https://clevelandinternationalhalloffame.com/inductees-asia/atul-mehta/,candidate-only
organization-context-review,atul-mehta-2018,Atul Mehta,2018,Overall Cleveland Clinic,0.48,1,https://clevelandinternationalhalloffame.com/inductees-asia/atul-mehta/,candidate-only
organization-context-review,ralph-perk-jr-2018,Ralph Perk Jr.,2018,Air Pollution Committee,0.48,1,https://clevelandinternationalhalloffame.com/inductees-europe/ralph-perk-jr/,candidate-only
organization-context-review,ralph-perk-jr-2018,Ralph Perk Jr.,2018,Cleveland Marshall Law Alumni Association,0.48,1,https://clevelandinternationalhalloffame.com/inductees-europe/ralph-perk-jr/,candidate-only
organization-context-review,ralph-perk-jr-2018,Ralph Perk Jr.,2018,First Catholic Slovak Ladies Association,0.48,1,https://clevelandinternationalhalloffame.com/inductees-europe/ralph-perk-jr/,candidate-only
organization-context-review,ralph-perk-jr-2018,Ralph Perk Jr.,2018,John Carroll University,0.48,1,https://clevelandinternationalhalloffame.com/inductees-europe/ralph-perk-jr/,candidate-only
organization-context-review,ralph-perk-jr-2018,Ralph Perk Jr.,2018,John Marshall College,0.48,1,https://clevelandinternationalhalloffame.com/inductees-europe/ralph-perk-jr/,candidate-only
organization-context-review,ralph-perk-jr-2018,Ralph Perk Jr.,2018,Ohio State University,0.48,1,https://clevelandinternationalhalloffame.com/inductees-europe/ralph-perk-jr/,candidate-only
organization-context-review,ray-pianka-2018,Ray Pianka,2018,Cleveland City Council,0.48,1,https://clevelandinternationalhalloffame.com/inductees-europe/ray-pianka/,candidate-only
organization-context-review,ray-pianka-2018,Ray Pianka,2018,Cleveland State University,0.48,1,https://clevelandinternationalhalloffame.com/inductees-europe/ray-pianka/,candidate-only
organization-context-review,ray-pianka-2018,Ray Pianka,2018,Community and Economic Development Committee,0.48,1,https://clevelandinternationalhalloffame.com/inductees-europe/ray-pianka/,candidate-only
organization-context-review,ray-pianka-2018,Ray Pianka,2018,Detroit Shoreway Community Development Organization,0.48,1,https://clevelandinternationalhalloffame.com/inductees-europe/ray-pianka/,candidate-only
organization-context-review,ray-pianka-2018,Ray Pianka,2018,Irish American Archives Society,0.48,1,https://clevelandinternationalhalloffame.com/inductees-europe/ray-pianka/,candidate-only
organization-context-review,sheila-murphy-crawford-2018,Sheila Murphy Crawford,2018,Anniversary of the Murphy Irish Arts Center,0.48,1,https://clevelandinternationalhalloffame.com/inductees-europe/sheila-murphy-crawford/,candidate-only
organization-context-review,sheila-murphy-crawford-2018,Sheila Murphy Crawford,2018,Brush High School,0.48,1,https://clevelandinternationalhalloffame.com/inductees-europe/sheila-murphy-crawford/,candidate-only
organization-context-review,sheila-murphy-crawford-2018,Sheila Murphy Crawford,2018,Cleveland Gaelic Society,0.48,1,https://clevelandinternationalhalloffame.com/inductees-europe/sheila-murphy-crawford/,candidate-only
organization-context-review,sheila-murphy-crawford-2018,Sheila Murphy Crawford,2018,Cleveland State University,0.48,1,https://clevelandinternationalhalloffame.com/inductees-europe/sheila-murphy-crawford/,candidate-only
organization-context-review,sheila-murphy-crawford-2018,Sheila Murphy Crawford,2018,Irish American Archives Society,0.48,1,https://clevelandinternationalhalloffame.com/inductees-europe/sheila-murphy-crawford/,candidate-only
organization-context-review,sheila-murphy-crawford-2018,Sheila Murphy Crawford,2018,Irish American Club,0.48,1,https://clevelandinternationalhalloffame.com/inductees-europe/sheila-murphy-crawford/,candidate-only
organization-context-review,sheila-murphy-crawford-2018,Sheila Murphy Crawford,2018,Murphy Irish Arts Association,0.48,1,https://clevelandinternationalhalloffame.com/inductees-europe/sheila-murphy-crawford/,candidate-only
organization-context-review,sheila-murphy-crawford-2018,Sheila Murphy Crawford,2018,Murphy Irish Arts Center,0.48,1,https://clevelandinternationalhalloffame.com/inductees-europe/sheila-murphy-crawford/,candidate-only
organization-context-review,sheila-murphy-crawford-2018,Sheila Murphy Crawford,2018,Regina High School,0.48,1,https://clevelandinternationalhalloffame.com/inductees-europe/sheila-murphy-crawford/,candidate-only
organization-context-review,sheila-murphy-crawford-2018,Sheila Murphy Crawford,2018,West Side Irish American Club,0.48,1,https://clevelandinternationalhalloffame.com/inductees-europe/sheila-murphy-crawford/,candidate-only
organization-context-review,sister-alicia-alvarado-2018,Sister Alicia Alvarado,2018,Board of Trustees of Cuyahoga Community College,0.48,1,https://clevelandinternationalhalloffame.com/inductees-south-america/sister-alicia-alvarado/,candidate-only
organization-context-review,sister-alicia-alvarado-2018,Sister Alicia Alvarado,2018,Case Western Reserve University,0.48,1,https://clevelandinternationalhalloffame.com/inductees-south-america/sister-alicia-alvarado/,candidate-only
organization-context-review,sister-alicia-alvarado-2018,Sister Alicia Alvarado,2018,Cleveland State University,0.48,1,https://clevelandinternationalhalloffame.com/inductees-south-america/sister-alicia-alvarado/,candidate-only
organization-context-review,sister-alicia-alvarado-2018,Sister Alicia Alvarado,2018,Director Catholic Hispanic Center,0.48,1,https://clevelandinternationalhalloffame.com/inductees-south-america/sister-alicia-alvarado/,candidate-only
organization-context-review,sister-alicia-alvarado-2018,Sister Alicia Alvarado,2018,Godmother of the Community,0.48,1,https://clevelandinternationalhalloffame.com/inductees-south-america/sister-alicia-alvarado/,candidate-only
organization-context-review,sister-alicia-alvarado-2018,Sister Alicia Alvarado,2018,Hispanic Business Association,0.48,1,https://clevelandinternationalhalloffame.com/inductees-south-america/sister-alicia-alvarado/,candidate-only
organization-context-review,sister-alicia-alvarado-2018,Sister Alicia Alvarado,2018,Kent State University,0.48,1,https://clevelandinternationalhalloffame.com/inductees-south-america/sister-alicia-alvarado/,candidate-only
organization-context-review,sister-alicia-alvarado-2018,Sister Alicia Alvarado,2018,Midwest Catholic Association,0.48,1,https://clevelandinternationalhalloffame.com/inductees-south-america/sister-alicia-alvarado/,candidate-only
organization-context-review,sister-alicia-alvarado-2018,Sister Alicia Alvarado,2018,Tri-C Community College,0.48,1,https://clevelandinternationalhalloffame.com/inductees-south-america/sister-alicia-alvarado/,candidate-only
organization-context-review,akram-boutros-2019,Akram Boutros,2019,Adult Trauma Center,0.48,1,https://clevelandinternationalhalloffame.com/akram-boutros/,candidate-only
organization-context-review,akram-boutros-2019,Akram Boutros,2019,Advanced Management Program,0.48,1,https://clevelandinternationalhalloffame.com/akram-boutros/,candidate-only
organization-context-review,akram-boutros-2019,Akram Boutros,2019,American Heart Association,0.48,1,https://clevelandinternationalhalloffame.com/akram-boutros/,candidate-only
organization-context-review,akram-boutros-2019,Akram Boutros,2019,American Jewish Committee,0.48,1,https://clevelandinternationalhalloffame.com/akram-boutros/,candidate-only
organization-context-review,akram-boutros-2019,Akram Boutros,2019,City Managers Association,0.48,1,https://clevelandinternationalhalloffame.com/akram-boutros/,candidate-only
organization-context-review,akram-boutros-2019,Akram Boutros,2019,College Foundation Global Center,0.48,1,https://clevelandinternationalhalloffame.com/akram-boutros/,candidate-only
organization-context-review,akram-boutros-2019,Akram Boutros,2019,Ebola Treatment Center,0.48,1,https://clevelandinternationalhalloffame.com/akram-boutros/,candidate-only
organization-context-review,akram-boutros-2019,Akram Boutros,2019,Entrepreneur of the Year for Community,0.48,1,https://clevelandinternationalhalloffame.com/akram-boutros/,candidate-only
organization-context-review,akram-boutros-2019,Akram Boutros,2019,Essential Hospitals American Hospital Association,0.48,1,https://clevelandinternationalhalloffame.com/akram-boutros/,candidate-only
organization-context-review,akram-boutros-2019,Akram Boutros,2019,Greater Cleveland Food Bank Greater Cleveland Partnership The MetroHealth Foundation,0.48,1,https://clevelandinternationalhalloffame.com/akram-boutros/,candidate-only
organization-context-review,akram-boutros-2019,Akram Boutros,2019,Level II Pediatric Trauma Center,0.48,1,https://clevelandinternationalhalloffame.com/akram-boutros/,candidate-only
organization-context-review,akram-boutros-2019,Akram Boutros,2019,Section for Metro Hospitals Governing Council Cleveland Ballet Cuyahoga Community,0.48,1,https://clevelandinternationalhalloffame.com/akram-boutros/,candidate-only
organization-context-review,akram-boutros-2019,Akram Boutros,2019,SUNY Downstate Medical Center and Harvard Business School,0.48,1,https://clevelandinternationalhalloffame.com/akram-boutros/,candidate-only
organization-context-review,ingrida-bublys-2019,Ingrida Bublys,2019,International Rotary Club,0.48,1,https://clevelandinternationalhalloffame.com/ingrida-bublys/,candidate-only
organization-context-review,marilyn-madigan-2019,Marilyn Madigan,2019,Board Trustee of the West Side Irish American Club,0.48,1,https://clevelandinternationalhalloffame.com/marilyn-madigan/,candidate-only
organization-context-review,marilyn-madigan-2019,Marilyn Madigan,2019,Catholic Youth Organization,0.48,1,https://clevelandinternationalhalloffame.com/marilyn-madigan/,candidate-only
organization-context-review,marilyn-madigan-2019,Marilyn Madigan,2019,Irish American Archives Society,0.48,1,https://clevelandinternationalhalloffame.com/marilyn-madigan/,candidate-only
organization-context-review,marilyn-madigan-2019,Marilyn Madigan,2019,Irish American Club,0.48,1,https://clevelandinternationalhalloffame.com/marilyn-madigan/,candidate-only
organization-context-review,marilyn-madigan-2019,Marilyn Madigan,2019,Ladies Drill Team of the West Side Irish American Club,0.48,1,https://clevelandinternationalhalloffame.com/marilyn-madigan/,candidate-only
organization-context-review,marilyn-madigan-2019,Marilyn Madigan,2019,Leary Manning School,0.48,1,https://clevelandinternationalhalloffame.com/marilyn-madigan/,candidate-only
organization-context-review,marilyn-madigan-2019,Marilyn Madigan,2019,University Hospital Cleveland Medical Center,0.48,1,https://clevelandinternationalhalloffame.com/marilyn-madigan/,candidate-only
organization-context-review,marilyn-madigan-2019,Marilyn Madigan,2019,West Side Irish American Club,0.48,1,https://clevelandinternationalhalloffame.com/marilyn-madigan/,candidate-only
organization-context-review,paul-burik-2019,Paul Burik,2019,Cleveland Bratislava Sister Cities and Carpatho-Rusyn Society,0.48,1,https://clevelandinternationalhalloffame.com/paul-burik/,candidate-only
organization-context-review,paul-burik-2019,Paul Burik,2019,Commission and the Streetscape Committee,0.48,1,https://clevelandinternationalhalloffame.com/paul-burik/,candidate-only
organization-context-review,paul-burik-2019,Paul Burik,2019,French Creek Foundation,0.48,1,https://clevelandinternationalhalloffame.com/paul-burik/,candidate-only
organization-context-review,paul-burik-2019,Paul Burik,2019,Kent State University,0.48,1,https://clevelandinternationalhalloffame.com/paul-burik/,candidate-only
organization-context-review,paul-burik-2019,Paul Burik,2019,Lorain Sailing and Yacht Club,0.48,1,https://clevelandinternationalhalloffame.com/paul-burik/,candidate-only
organization-context-review,richard-fleischman-2019,Richard Fleischman,2019,Case Western Reserve University,0.48,1,https://clevelandinternationalhalloffame.com/richard-fleischman/,candidate-only
organization-context-review,richard-fleischman-2019,Richard Fleischman,2019,College of Fellows of the American Institute,0.48,1,https://clevelandinternationalhalloffame.com/richard-fleischman/,candidate-only
organization-context-review,richard-fleischman-2019,Richard Fleischman,2019,East Tech High School,0.48,1,https://clevelandinternationalhalloffame.com/richard-fleischman/,candidate-only
organization-context-review,sree-sreenath-2019,Sree Sreenath,2019,Case Western Reserve University,0.48,1,https://clevelandinternationalhalloffame.com/sree-sreenath/,candidate-only
organization-context-review,sree-sreenath-2019,Sree Sreenath,2019,Co-Director of UNESCO GENIe Program,0.48,1,https://clevelandinternationalhalloffame.com/sree-sreenath/,candidate-only
organization-context-review,sree-sreenath-2019,Sree Sreenath,2019,Director of the Complex Systems Biology Center,0.48,1,https://clevelandinternationalhalloffame.com/sree-sreenath/,candidate-only
organization-context-review,sree-sreenath-2019,Sree Sreenath,2019,Euclid High School and Garfield High School,0.48,1,https://clevelandinternationalhalloffame.com/sree-sreenath/,candidate-only
organization-context-review,sree-sreenath-2019,Sree Sreenath,2019,Federation of India Community Association,0.48,1,https://clevelandinternationalhalloffame.com/sree-sreenath/,candidate-only
organization-context-review,sree-sreenath-2019,Sree Sreenath,2019,Kasturi Kannada Association,0.48,1,https://clevelandinternationalhalloffame.com/sree-sreenath/,candidate-only
organization-context-review,sree-sreenath-2019,Sree Sreenath,2019,National Science Foundation,0.48,1,https://clevelandinternationalhalloffame.com/sree-sreenath/,candidate-only
organization-context-review,sree-sreenath-2019,Sree Sreenath,2019,Ramesh Shah of the Association,0.48,1,https://clevelandinternationalhalloffame.com/sree-sreenath/,candidate-only
organization-context-review,sree-sreenath-2019,Sree Sreenath,2019,UN World Water Assessment Program,0.48,1,https://clevelandinternationalhalloffame.com/sree-sreenath/,candidate-only
organization-context-review,berj-shakarian-2020,Berj Shakarian,2020,Adelbert College of Western Reserve School,0.48,1,https://clevelandinternationalhalloffame.com/berj-shakarian/,candidate-only
organization-context-review,berj-shakarian-2020,Berj Shakarian,2020,Case Western Reserve University,0.48,1,https://clevelandinternationalhalloffame.com/berj-shakarian/,candidate-only
organization-context-review,berj-shakarian-2020,Berj Shakarian,2020,John Carroll University,0.48,1,https://clevelandinternationalhalloffame.com/berj-shakarian/,candidate-only
organization-context-review,berj-shakarian-2020,Berj Shakarian,2020,West High School,0.48,1,https://clevelandinternationalhalloffame.com/berj-shakarian/,candidate-only
organization-context-review,joe-valencic-2020,Joe Valencic,2020,At Cleveland State University,0.48,1,https://clevelandinternationalhalloffame.com/joe-valencic/,candidate-only
organization-context-review,joe-valencic-2020,Joe Valencic,2020,Cleveland Federation of Lodges of the Slovene National Benefit Society,0.48,1,https://clevelandinternationalhalloffame.com/joe-valencic/,candidate-only
organization-context-review,joe-valencic-2020,Joe Valencic,2020,Cleveland State University,0.48,1,https://clevelandinternationalhalloffame.com/joe-valencic/,candidate-only
organization-context-review,joe-valencic-2020,Joe Valencic,2020,Collinwood High School,0.48,1,https://clevelandinternationalhalloffame.com/joe-valencic/,candidate-only
organization-context-review,joe-valencic-2020,Joe Valencic,2020,International Services Center,0.48,1,https://clevelandinternationalhalloffame.com/joe-valencic/,candidate-only
organization-context-review,joe-valencic-2020,Joe Valencic,2020,Kent State University,0.48,1,https://clevelandinternationalhalloffame.com/joe-valencic/,candidate-only
organization-context-review,joe-valencic-2020,Joe Valencic,2020,Western Reserve Historical Society,0.48,1,https://clevelandinternationalhalloffame.com/joe-valencic/,candidate-only
organization-context-review,margaret-lynch-2020,Margaret Lynch,2020,Executive Director of the Irish American Archives Society,0.48,1,https://clevelandinternationalhalloffame.com/margaret-lynch/,candidate-only
organization-context-review,margaret-lynch-2020,Margaret Lynch,2020,Irish American Archives Society,0.48,1,https://clevelandinternationalhalloffame.com/margaret-lynch/,candidate-only
organization-context-review,may-chen-2020,May Chen,2020,Jin Huo Community Senior Center,0.48,1,https://clevelandinternationalhalloffame.com/may-chen/,candidate-only
organization-context-review,may-chen-2020,May Chen,2020,Women for Community,0.48,1,https://clevelandinternationalhalloffame.com/may-chen/,candidate-only
organization-context-review,valarie-mccall-2020,Valarie McCall,2020,Chairwoman of the American Public Transportation Association,0.48,1,https://clevelandinternationalhalloffame.com/valarie-mccall/,candidate-only
organization-context-review,valarie-mccall-2020,Valarie McCall,2020,City Clerk and Clerk of Council,0.48,1,https://clevelandinternationalhalloffame.com/valarie-mccall/,candidate-only
organization-context-review,valarie-mccall-2020,Valarie McCall,2020,Cleveland State University,0.48,1,https://clevelandinternationalhalloffame.com/valarie-mccall/,candidate-only
organization-context-review,valarie-mccall-2020,Valarie McCall,2020,Current Board Member Emeritus for the American Public Transportation Association,0.48,1,https://clevelandinternationalhalloffame.com/valarie-mccall/,candidate-only
organization-context-review,valarie-mccall-2020,Valarie McCall,2020,Cuyahoga County Democratic Executive Committee,0.48,1,https://clevelandinternationalhalloffame.com/valarie-mccall/,candidate-only
organization-context-review,valarie-mccall-2020,Valarie McCall,2020,Democratic National Committee,0.48,1,https://clevelandinternationalhalloffame.com/valarie-mccall/,candidate-only
organization-context-review,valarie-mccall-2020,Valarie McCall,2020,Elected Precinct Committee,0.48,1,https://clevelandinternationalhalloffame.com/valarie-mccall/,candidate-only
organization-context-review,valarie-mccall-2020,Valarie McCall,2020,Past Chair of the District One Integrating Public Works Committee,0.48,1,https://clevelandinternationalhalloffame.com/valarie-mccall/,candidate-only
organization-context-review,valarie-mccall-2020,Valarie McCall,2020,Place Adoption Center,0.48,1,https://clevelandinternationalhalloffame.com/valarie-mccall/,candidate-only
organization-context-review,valarie-mccall-2020,Valarie McCall,2020,State of Ohio Democratic Party Executive Committee,0.48,1,https://clevelandinternationalhalloffame.com/valarie-mccall/,candidate-only
organization-context-review,valarie-mccall-2020,Valarie McCall,2020,The Levin College Visiting Committee and Cleveland State University,0.48,1,https://clevelandinternationalhalloffame.com/valarie-mccall/,candidate-only
organization-context-review,valarie-mccall-2020,Valarie McCall,2020,Woman of Color Foundation,0.48,1,https://clevelandinternationalhalloffame.com/valarie-mccall/,candidate-only
organization-context-review,anda-cook-2022,Anda Cook,2022,American Latvian Association,0.48,1,https://clevelandinternationalhalloffame.com/anda-cook/,candidate-only
organization-context-review,anda-cook-2022,Anda Cook,2022,Case Western Reserve University Weatherhead School,0.48,1,https://clevelandinternationalhalloffame.com/anda-cook/,candidate-only
organization-context-review,anda-cook-2022,Anda Cook,2022,Chair of the Cleveland Latvian Concert Association,0.48,1,https://clevelandinternationalhalloffame.com/anda-cook/,candidate-only
organization-context-review,anda-cook-2022,Anda Cook,2022,Greater Cleveland Community,0.48,1,https://clevelandinternationalhalloffame.com/anda-cook/,candidate-only
organization-context-review,anda-cook-2022,Anda Cook,2022,Latvian Cultural Association,0.48,1,https://clevelandinternationalhalloffame.com/anda-cook/,candidate-only
organization-context-review,carl-robson-2022,Carl Robson,2022,Case-Western Reserve Medical School,0.48,1,https://clevelandinternationalhalloffame.com/carl-robson/,candidate-only
organization-context-review,carl-robson-2022,Carl Robson,2022,Menelik Hall Foundation,0.48,1,https://clevelandinternationalhalloffame.com/carl-robson/,candidate-only
organization-context-review,taras-szmagala-2022,Taras Szmagala,2022,John Carroll University,0.48,1,https://clevelandinternationalhalloffame.com/taras-szmagala/,candidate-only
organization-context-review,taras-szmagala-2022,Taras Szmagala,2022,John Marshall High School,0.48,1,https://clevelandinternationalhalloffame.com/taras-szmagala/,candidate-only
organization-context-review,taras-szmagala-2022,Taras Szmagala,2022,Parma City School,0.48,1,https://clevelandinternationalhalloffame.com/taras-szmagala/,candidate-only
organization-context-review,taras-szmagala-2022,Taras Szmagala,2022,Republican Platform Committee,0.48,1,https://clevelandinternationalhalloffame.com/taras-szmagala/,candidate-only
organization-context-review,taras-szmagala-2022,Taras Szmagala,2022,Ukrainian National Association,0.48,1,https://clevelandinternationalhalloffame.com/taras-szmagala/,candidate-only
organization-context-review,victor-ruiz-2022,Victor Ruiz,2022,Baldwin Wallace College,0.48,1,https://clevelandinternationalhalloffame.com/victor-ruiz/,candidate-only
organization-context-review,victor-ruiz-2022,Victor Ruiz,2022,Cleveland State University,0.48,1,https://clevelandinternationalhalloffame.com/victor-ruiz/,candidate-only
organization-context-review,victor-ruiz-2022,Victor Ruiz,2022,Cuyahoga Community College,0.48,1,https://clevelandinternationalhalloffame.com/victor-ruiz/,candidate-only
organization-context-review,georgine-welo-2023,Georgine Welo,2023,Advisory Board Member of the Center,0.48,1,https://clevelandinternationalhalloffame.com/georgine-welo/,candidate-only
organization-context-review,georgine-welo-2023,Georgine Welo,2023,American Professional Serbian Business Association,0.48,1,https://clevelandinternationalhalloffame.com/georgine-welo/,candidate-only
organization-context-review,georgine-welo-2023,Georgine Welo,2023,Belgrade Philharmonic Orchestra,0.48,1,https://clevelandinternationalhalloffame.com/georgine-welo/,candidate-only
organization-context-review,georgine-welo-2023,Georgine Welo,2023,Centennial Steering Committee,0.48,1,https://clevelandinternationalhalloffame.com/georgine-welo/,candidate-only
organization-context-review,georgine-welo-2023,Georgine Welo,2023,Cleveland Rape Crisis Center,0.48,1,https://clevelandinternationalhalloffame.com/georgine-welo/,candidate-only
organization-context-review,georgine-welo-2023,Georgine Welo,2023,Cleveland Rape Crisis Center Host Committee,0.48,1,https://clevelandinternationalhalloffame.com/georgine-welo/,candidate-only
organization-context-review,georgine-welo-2023,Georgine Welo,2023,County Planning Commission Past Member Cuyahoga County JABG Review Committee,0.48,1,https://clevelandinternationalhalloffame.com/georgine-welo/,candidate-only
organization-context-review,georgine-welo-2023,Georgine Welo,2023,Cuyahoga County Democratic Club,0.48,1,https://clevelandinternationalhalloffame.com/georgine-welo/,candidate-only
organization-context-review,georgine-welo-2023,Georgine Welo,2023,District One Public Works Integrating Committee,0.48,1,https://clevelandinternationalhalloffame.com/georgine-welo/,candidate-only
organization-context-review,georgine-welo-2023,Georgine Welo,2023,Euclid Creek Watershed Council,0.48,1,https://clevelandinternationalhalloffame.com/georgine-welo/,candidate-only
organization-context-review,georgine-welo-2023,Georgine Welo,2023,Host Committee Cleveland Rape Crisis Center,0.48,1,https://clevelandinternationalhalloffame.com/georgine-welo/,candidate-only
organization-context-review,georgine-welo-2023,Georgine Welo,2023,International Cleveland Communities Advisory Committee,0.48,1,https://clevelandinternationalhalloffame.com/georgine-welo/,candidate-only
organization-context-review,georgine-welo-2023,Georgine Welo,2023,Kent State University,0.48,1,https://clevelandinternationalhalloffame.com/georgine-welo/,candidate-only
organization-context-review,georgine-welo-2023,Georgine Welo,2023,NOPEC Demand Side Market Entry Advisory Services Committee,0.48,1,https://clevelandinternationalhalloffame.com/georgine-welo/,candidate-only
organization-context-review,georgine-welo-2023,Georgine Welo,2023,NOPEC Powering Our Community,0.48,1,https://clevelandinternationalhalloffame.com/georgine-welo/,candidate-only
organization-context-review,georgine-welo-2023,Georgine Welo,2023,Northeast Ohio Mayor and Managers Association,0.48,1,https://clevelandinternationalhalloffame.com/georgine-welo/,candidate-only
organization-context-review,georgine-welo-2023,Georgine Welo,2023,Notre Dame College,0.48,1,https://clevelandinternationalhalloffame.com/georgine-welo/,candidate-only
organization-context-review,georgine-welo-2023,Georgine Welo,2023,Past Chair of the GCRTA Nominating Committee,0.48,1,https://clevelandinternationalhalloffame.com/georgine-welo/,candidate-only
organization-context-review,georgine-welo-2023,Georgine Welo,2023,Past Chair of the Government and Community Relations Advisory Council,0.48,1,https://clevelandinternationalhalloffame.com/georgine-welo/,candidate-only
organization-context-review,georgine-welo-2023,Georgine Welo,2023,Past Executive Member of Northeast Ohio Mayors and Managers Association,0.48,1,https://clevelandinternationalhalloffame.com/georgine-welo/,candidate-only
organization-context-review,georgine-welo-2023,Georgine Welo,2023,Past President of Cuyahoga County Mayors and City Managers Association,0.48,1,https://clevelandinternationalhalloffame.com/georgine-welo/,candidate-only
organization-context-review,georgine-welo-2023,Georgine Welo,2023,Population Dynamics Maxine Goodman Levin College,0.48,1,https://clevelandinternationalhalloffame.com/georgine-welo/,candidate-only
organization-context-review,georgine-welo-2023,Georgine Welo,2023,Principal of the Sunday School,0.48,1,https://clevelandinternationalhalloffame.com/georgine-welo/,candidate-only
organization-context-review,georgine-welo-2023,Georgine Welo,2023,Real Estate Committee,0.48,1,https://clevelandinternationalhalloffame.com/georgine-welo/,candidate-only
organization-context-review,georgine-welo-2023,Georgine Welo,2023,Regina High School,0.48,1,https://clevelandinternationalhalloffame.com/georgine-welo/,candidate-only
organization-context-review,georgine-welo-2023,Georgine Welo,2023,Regina High School Campaign Steering Committee,0.48,1,https://clevelandinternationalhalloffame.com/georgine-welo/,candidate-only
organization-context-review,georgine-welo-2023,Georgine Welo,2023,Saint Archangel Michael Serbian Orthodox Church,0.48,1,https://clevelandinternationalhalloffame.com/georgine-welo/,candidate-only
organization-context-review,georgine-welo-2023,Georgine Welo,2023,Serbian Arts Council,0.48,1,https://clevelandinternationalhalloffame.com/georgine-welo/,candidate-only
organization-context-review,georgine-welo-2023,Georgine Welo,2023,Serbian Cultural School,0.48,1,https://clevelandinternationalhalloffame.com/georgine-welo/,candidate-only
organization-context-review,georgine-welo-2023,Georgine Welo,2023,Serbian Singing Society,0.48,1,https://clevelandinternationalhalloffame.com/georgine-welo/,candidate-only
organization-context-review,georgine-welo-2023,Georgine Welo,2023,Serbian Tamburitzan Orchestra,0.48,1,https://clevelandinternationalhalloffame.com/georgine-welo/,candidate-only
organization-context-review,georgine-welo-2023,Georgine Welo,2023,South Euclid Democratic Club,0.48,1,https://clevelandinternationalhalloffame.com/georgine-welo/,candidate-only
organization-context-review,georgine-welo-2023,Georgine Welo,2023,South Euclid Garden Club,0.48,1,https://clevelandinternationalhalloffame.com/georgine-welo/,candidate-only
organization-context-review,georgine-welo-2023,Georgine Welo,2023,Svetozar Markovic School,0.48,1,https://clevelandinternationalhalloffame.com/georgine-welo/,candidate-only
organization-context-review,georgine-welo-2023,Georgine Welo,2023,Team Past Chair of the GCRTA Ad Hoc By-Laws Committee,0.48,1,https://clevelandinternationalhalloffame.com/georgine-welo/,candidate-only
organization-context-review,georgine-welo-2023,Georgine Welo,2023,The Cuyahoga County Democratic Club,0.48,1,https://clevelandinternationalhalloffame.com/georgine-welo/,candidate-only
organization-context-review,georgine-welo-2023,Georgine Welo,2023,United Way Eastern Regional Market Committee,0.48,1,https://clevelandinternationalhalloffame.com/georgine-welo/,candidate-only
organization-context-review,georgine-welo-2023,Georgine Welo,2023,University Suburban Medical Center,0.48,1,https://clevelandinternationalhalloffame.com/georgine-welo/,candidate-only
organization-context-review,georgine-welo-2023,Georgine Welo,2023,Vice President of the Carpatho-Rusyn Society,0.48,1,https://clevelandinternationalhalloffame.com/georgine-welo/,candidate-only
organization-context-review,georgine-welo-2023,Georgine Welo,2023,Zoning and Planning Committee,0.48,1,https://clevelandinternationalhalloffame.com/georgine-welo/,candidate-only
organization-context-review,joyce-mariani-2023,Joyce Mariani,2023,Italian Cultural Garden Foundation,0.48,1,https://clevelandinternationalhalloffame.com/joyce-mariani/,candidate-only
organization-context-review,michael-d-polensek-2023,Michael D. Polensek,2023,Advisory Committee of the Benjamin Rose Center,0.48,1,https://clevelandinternationalhalloffame.com/michael-d-polensek/,candidate-only
organization-context-review,michael-d-polensek-2023,Michael D. Polensek,2023,Chair of the Public Safety Committee,0.48,1,https://clevelandinternationalhalloffame.com/michael-d-polensek/,candidate-only
organization-context-review,michael-d-polensek-2023,Michael D. Polensek,2023,Cleveland City Council,0.48,1,https://clevelandinternationalhalloffame.com/michael-d-polensek/,candidate-only
organization-context-review,michael-d-polensek-2023,Michael D. Polensek,2023,Collinwood High School,0.48,1,https://clevelandinternationalhalloffame.com/michael-d-polensek/,candidate-only
organization-context-review,michael-d-polensek-2023,Michael D. Polensek,2023,Collinwood Recreation Center,0.48,1,https://clevelandinternationalhalloffame.com/michael-d-polensek/,candidate-only
organization-context-review,michael-d-polensek-2023,Michael D. Polensek,2023,President of City Council,0.48,1,https://clevelandinternationalhalloffame.com/michael-d-polensek/,candidate-only
organization-context-review,michael-d-polensek-2023,Michael D. Polensek,2023,Utilities and Rules Committees of Cleveland City Council,0.48,1,https://clevelandinternationalhalloffame.com/michael-d-polensek/,candidate-only
organization-context-review,pat-dowd-2023,Pat Dowd,2023,East Side Club,0.48,1,https://clevelandinternationalhalloffame.com/pat-dowd/,candidate-only
organization-context-review,pat-dowd-2023,Pat Dowd,2023,Famine Memorial Committee,0.48,1,https://clevelandinternationalhalloffame.com/pat-dowd/,candidate-only
organization-context-review,pat-dowd-2023,Pat Dowd,2023,Irish American Archives Society,0.48,1,https://clevelandinternationalhalloffame.com/pat-dowd/,candidate-only
organization-context-review,pat-dowd-2023,Pat Dowd,2023,Irish American Club,0.48,1,https://clevelandinternationalhalloffame.com/pat-dowd/,candidate-only
organization-context-review,pat-dowd-2023,Pat Dowd,2023,John Carroll University,0.48,1,https://clevelandinternationalhalloffame.com/pat-dowd/,candidate-only
organization-context-review,pat-dowd-2023,Pat Dowd,2023,Padraic Pearse Center,0.48,1,https://clevelandinternationalhalloffame.com/pat-dowd/,candidate-only
organization-context-review,pat-dowd-2023,Pat Dowd,2023,West Side Irish American Club,0.48,1,https://clevelandinternationalhalloffame.com/pat-dowd/,candidate-only
organization-context-review,pierre-bejjani-2023,Pierre Bejjani,2023,Arab America Foundation,0.48,1,https://clevelandinternationalhalloffame.com/pierre-bejjani/,candidate-only
organization-context-review,pierre-bejjani-2023,Pierre Bejjani,2023,Census and the Restaurants and Bars Committee,0.48,1,https://clevelandinternationalhalloffame.com/pierre-bejjani/,candidate-only
organization-context-review,pierre-bejjani-2023,Pierre Bejjani,2023,Diversity and Empowerment Council,0.48,1,https://clevelandinternationalhalloffame.com/pierre-bejjani/,candidate-only
organization-context-review,pierre-bejjani-2023,Pierre Bejjani,2023,Ohio State University,0.48,1,https://clevelandinternationalhalloffame.com/pierre-bejjani/,candidate-only
organization-context-review,pierre-bejjani-2023,Pierre Bejjani,2023,President of the Cleveland American Middle Eastern Organization,0.48,1,https://clevelandinternationalhalloffame.com/pierre-bejjani/,candidate-only
organization-context-review,pierre-bejjani-2023,Pierre Bejjani,2023,Vice President of the Worldwide Intercultural Network and International Community,0.48,1,https://clevelandinternationalhalloffame.com/pierre-bejjani/,candidate-only
organization-context-review,ambassador-edward-f-crawford-2024,Ambassador Edward F. Crawford,2024,American Cancer Society,0.48,1,https://clevelandinternationalhalloffame.com/inductees/ambassador-edward-f-crawford/,candidate-only
organization-context-review,ambassador-edward-f-crawford-2024,Ambassador Edward F. Crawford,2024,Cleveland Olympic Torch Relay Committee,0.48,1,https://clevelandinternationalhalloffame.com/inductees/ambassador-edward-f-crawford/,candidate-only
organization-context-review,ambassador-edward-f-crawford-2024,Ambassador Edward F. Crawford,2024,Cleveland State University,0.48,1,https://clevelandinternationalhalloffame.com/inductees/ambassador-edward-f-crawford/,candidate-only
organization-context-review,ambassador-edward-f-crawford-2024,Ambassador Edward F. Crawford,2024,Fred Lennon Foundation,0.48,1,https://clevelandinternationalhalloffame.com/inductees/ambassador-edward-f-crawford/,candidate-only
organization-context-review,ambassador-edward-f-crawford-2024,Ambassador Edward F. Crawford,2024,Guarantor of Kent State University Ambassador Crawford College,0.48,1,https://clevelandinternationalhalloffame.com/inductees/ambassador-edward-f-crawford/,candidate-only
organization-context-review,ambassador-edward-f-crawford-2024,Ambassador Edward F. Crawford,2024,Inductee Mayo Society,0.48,1,https://clevelandinternationalhalloffame.com/inductees/ambassador-edward-f-crawford/,candidate-only
organization-context-review,ambassador-edward-f-crawford-2024,Ambassador Edward F. Crawford,2024,Irish Garden Club,0.48,1,https://clevelandinternationalhalloffame.com/inductees/ambassador-edward-f-crawford/,candidate-only
organization-context-review,ambassador-edward-f-crawford-2024,Ambassador Edward F. Crawford,2024,John Carroll University,0.48,1,https://clevelandinternationalhalloffame.com/inductees/ambassador-edward-f-crawford/,candidate-only
organization-context-review,ambassador-edward-f-crawford-2024,Ambassador Edward F. Crawford,2024,John Carroll University School,0.48,1,https://clevelandinternationalhalloffame.com/inductees/ambassador-edward-f-crawford/,candidate-only
organization-context-review,ambassador-edward-f-crawford-2024,Ambassador Edward F. Crawford,2024,Leadership Cleveland Alumni Association,0.48,1,https://clevelandinternationalhalloffame.com/inductees/ambassador-edward-f-crawford/,candidate-only
organization-context-review,ambassador-edward-f-crawford-2024,Ambassador Edward F. Crawford,2024,Private Industry Council,0.48,1,https://clevelandinternationalhalloffame.com/inductees/ambassador-edward-f-crawford/,candidate-only
organization-context-review,ambassador-edward-f-crawford-2024,Ambassador Edward F. Crawford,2024,Rock-n-Roll Hall of Fame and Museum,0.48,1,https://clevelandinternationalhalloffame.com/inductees/ambassador-edward-f-crawford/,candidate-only
organization-context-review,ambassador-edward-f-crawford-2024,Ambassador Edward F. Crawford,2024,Western Reserve Historical Society,0.48,1,https://clevelandinternationalhalloffame.com/inductees/ambassador-edward-f-crawford/,candidate-only
organization-context-review,dona-brady-2024,Dona Brady,2024,Albanian American Association,0.48,1,https://clevelandinternationalhalloffame.com/inductees/dona-brady/,candidate-only
organization-context-review,dona-brady-2024,Dona Brady,2024,Chairwoman of the Albanian American Association,0.48,1,https://clevelandinternationalhalloffame.com/inductees/dona-brady/,candidate-only
organization-context-review,dona-brady-2024,Dona Brady,2024,Cleveland City Council,0.48,1,https://clevelandinternationalhalloffame.com/inductees/dona-brady/,candidate-only
organization-context-review,dona-brady-2024,Dona Brady,2024,Cleveland State University Levin College,0.48,1,https://clevelandinternationalhalloffame.com/inductees/dona-brady/,candidate-only
organization-context-review,dona-brady-2024,Dona Brady,2024,Golden Key National Honor Society,0.48,1,https://clevelandinternationalhalloffame.com/inductees/dona-brady/,candidate-only
organization-context-review,dr-eugene-jordan-2024,Dr. Eugene Jordan,2024,Howard University Dental School,0.48,1,https://clevelandinternationalhalloffame.com/inductees/dr-eugene-jordan/,candidate-only
organization-context-review,dr-eugene-jordan-2024,Dr. Eugene Jordan,2024,National Dental Association,0.48,1,https://clevelandinternationalhalloffame.com/inductees/dr-eugene-jordan/,candidate-only
organization-context-review,dr-eugene-jordan-2024,Dr. Eugene Jordan,2024,Ohio State University,0.48,1,https://clevelandinternationalhalloffame.com/inductees/dr-eugene-jordan/,candidate-only
organization-context-review,dr-eugene-jordan-2024,Dr. Eugene Jordan,2024,Olivet Institutional Baptist Church,0.48,1,https://clevelandinternationalhalloffame.com/inductees/dr-eugene-jordan/,candidate-only
organization-context-review,erika-puussaar-2024,Erika Puussaar,2024,Cleveland State University,0.48,1,https://clevelandinternationalhalloffame.com/inductees/erika-puussaar/,candidate-only
organization-context-review,erika-puussaar-2024,Erika Puussaar,2024,Cultural Gardens and Vice President of the Baltic American Committee,0.48,1,https://clevelandinternationalhalloffame.com/inductees/erika-puussaar/,candidate-only
organization-context-review,erika-puussaar-2024,Erika Puussaar,2024,Faith Lutheran Church,0.48,1,https://clevelandinternationalhalloffame.com/inductees/erika-puussaar/,candidate-only
organization-context-review,erika-puussaar-2024,Erika Puussaar,2024,Northern Michigan University,0.48,1,https://clevelandinternationalhalloffame.com/inductees/erika-puussaar/,candidate-only
organization-context-review,erika-puussaar-2024,Erika Puussaar,2024,Our Shepherd Lutheran School,0.48,1,https://clevelandinternationalhalloffame.com/inductees/erika-puussaar/,candidate-only
organization-context-review,erika-puussaar-2024,Erika Puussaar,2024,Pioneer High School,0.48,1,https://clevelandinternationalhalloffame.com/inductees/erika-puussaar/,candidate-only
organization-context-review,erika-puussaar-2024,Erika Puussaar,2024,Samy Tanious Cleveland City Council,0.48,1,https://clevelandinternationalhalloffame.com/inductees/erika-puussaar/,candidate-only
organization-context-review,johnny-k-wu-2024,Johnny K. Wu,2024,City of Cleveland Consumer Affairs Community,0.48,1,https://clevelandinternationalhalloffame.com/inductees/johnny-k-wu/,candidate-only
organization-context-review,johnny-k-wu-2024,Johnny K. Wu,2024,Cleveland State University,0.48,1,https://clevelandinternationalhalloffame.com/inductees/johnny-k-wu/,candidate-only
organization-context-review,johnny-k-wu-2024,Johnny K. Wu,2024,International Task Force for Cleveland Museum,0.48,1,https://clevelandinternationalhalloffame.com/inductees/johnny-k-wu/,candidate-only
organization-context-review,johnny-k-wu-2024,Johnny K. Wu,2024,WKYC Community Council,0.48,1,https://clevelandinternationalhalloffame.com/inductees/johnny-k-wu/,candidate-only
organization-context-review,johnny-k-wu-2024,Johnny K. Wu,2024,Wu Lin The Society,0.48,1,https://clevelandinternationalhalloffame.com/inductees/johnny-k-wu/,candidate-only
organization-context-review,veronica-dahlberg-2024,Veronica Dahlberg,2024,Hispanic Community Center,0.48,1,https://clevelandinternationalhalloffame.com/inductees/veronica-dahlberg/,candidate-only
organization-context-review,veronica-dahlberg-2024,Veronica Dahlberg,2024,HOLA Business Association,0.48,1,https://clevelandinternationalhalloffame.com/inductees/veronica-dahlberg/,candidate-only
organization-context-review,veronica-dahlberg-2024,Veronica Dahlberg,2024,Latina Cleveland City Council,0.48,1,https://clevelandinternationalhalloffame.com/inductees/veronica-dahlberg/,candidate-only
organization-context-review,beverly-kerecman-2025,Beverly Kerecman,2025,Cleveland Buddhist Church,0.48,1,https://clevelandinternationalhalloffame.com/beverly-kerecman/,candidate-only
organization-context-review,beverly-kerecman-2025,Beverly Kerecman,2025,Cleveland Heights High School,0.48,1,https://clevelandinternationalhalloffame.com/beverly-kerecman/,candidate-only
organization-context-review,beverly-kerecman-2025,Beverly Kerecman,2025,Cleveland Nisei Tennis Club,0.48,1,https://clevelandinternationalhalloffame.com/beverly-kerecman/,candidate-only
organization-context-review,beverly-kerecman-2025,Beverly Kerecman,2025,Japanese American Citizens League and the Cleveland Japanese American Foundation,0.48,1,https://clevelandinternationalhalloffame.com/beverly-kerecman/,candidate-only
organization-context-review,beverly-kerecman-2025,Beverly Kerecman,2025,Kent State University,0.48,1,https://clevelandinternationalhalloffame.com/beverly-kerecman/,candidate-only
organization-context-review,beverly-kerecman-2025,Beverly Kerecman,2025,Mayfield City Schools and the Shaker Heights School,0.48,1,https://clevelandinternationalhalloffame.com/beverly-kerecman/,candidate-only
organization-context-review,beverly-kerecman-2025,Beverly Kerecman,2025,Mayfield Education Association,0.48,1,https://clevelandinternationalhalloffame.com/beverly-kerecman/,candidate-only
organization-context-review,beverly-kerecman-2025,Beverly Kerecman,2025,Notre Dame College,0.48,1,https://clevelandinternationalhalloffame.com/beverly-kerecman/,candidate-only
organization-context-review,beverly-kerecman-2025,Beverly Kerecman,2025,Ohio Chapter of the Council,0.48,1,https://clevelandinternationalhalloffame.com/beverly-kerecman/,candidate-only
organization-context-review,branka-malinar-2025,Branka Malinar,2025,Baldwin Wallace College,0.48,1,https://clevelandinternationalhalloffame.com/branka-malinar/,candidate-only
organization-context-review,branka-malinar-2025,Branka Malinar,2025,Cleveland State University,0.48,1,https://clevelandinternationalhalloffame.com/branka-malinar/,candidate-only
organization-context-review,branka-malinar-2025,Branka Malinar,2025,Croatian Elementary School,0.48,1,https://clevelandinternationalhalloffame.com/branka-malinar/,candidate-only
organization-context-review,branka-malinar-2025,Branka Malinar,2025,Croatian Heritage Museum,0.48,1,https://clevelandinternationalhalloffame.com/branka-malinar/,candidate-only
organization-context-review,branka-malinar-2025,Branka Malinar,2025,Ellis Island Immigration Museum,0.48,1,https://clevelandinternationalhalloffame.com/branka-malinar/,candidate-only
organization-context-review,branka-malinar-2025,Branka Malinar,2025,Flora Stone Mather College,0.48,1,https://clevelandinternationalhalloffame.com/branka-malinar/,candidate-only
organization-context-review,branka-malinar-2025,Branka Malinar,2025,Gifted Education Program,0.48,1,https://clevelandinternationalhalloffame.com/branka-malinar/,candidate-only
organization-context-review,branka-malinar-2025,Branka Malinar,2025,North Ohio Inter-Museum Council,0.48,1,https://clevelandinternationalhalloffame.com/branka-malinar/,candidate-only
organization-context-review,branka-malinar-2025,Branka Malinar,2025,Retired Teachers Association,0.48,1,https://clevelandinternationalhalloffame.com/branka-malinar/,candidate-only
organization-context-review,branka-malinar-2025,Branka Malinar,2025,The Croatian Heritage Museum,0.48,1,https://clevelandinternationalhalloffame.com/branka-malinar/,candidate-only
organization-context-review,branka-malinar-2025,Branka Malinar,2025,The North Ohio Inter-Museum Council,0.48,1,https://clevelandinternationalhalloffame.com/branka-malinar/,candidate-only
organization-context-review,branka-malinar-2025,Branka Malinar,2025,The North Ridgeville Historical Society,0.48,1,https://clevelandinternationalhalloffame.com/branka-malinar/,candidate-only
organization-context-review,branka-malinar-2025,Branka Malinar,2025,Western Reserve University,0.48,1,https://clevelandinternationalhalloffame.com/branka-malinar/,candidate-only
organization-context-review,branka-malinar-2025,Branka Malinar,2025,Young Authors Program,0.48,1,https://clevelandinternationalhalloffame.com/branka-malinar/,candidate-only
organization-context-review,david-gilbert-2025,David Gilbert,2025,Cleveland State University,0.48,1,https://clevelandinternationalhalloffame.com/david-gilbert/,candidate-only
organization-context-review,david-gilbert-2025,David Gilbert,2025,Huntington Convention Center,0.48,1,https://clevelandinternationalhalloffame.com/david-gilbert/,candidate-only
organization-context-review,david-gilbert-2025,David Gilbert,2025,The Ohio State University,0.48,1,https://clevelandinternationalhalloffame.com/david-gilbert/,candidate-only
organization-context-review,mayor-frank-jackson-2025,Mayor Frank Jackson,2025,Cleveland City Council,0.48,1,https://clevelandinternationalhalloffame.com/mayor-frank-jackson/,candidate-only
organization-context-review,mayor-frank-jackson-2025,Mayor Frank Jackson,2025,Cleveland State University,0.48,1,https://clevelandinternationalhalloffame.com/mayor-frank-jackson/,candidate-only
organization-context-review,mayor-frank-jackson-2025,Mayor Frank Jackson,2025,Cleveland State University College,0.48,1,https://clevelandinternationalhalloffame.com/mayor-frank-jackson/,candidate-only
organization-context-review,mayor-frank-jackson-2025,Mayor Frank Jackson,2025,Cuyahoga Community College,0.48,1,https://clevelandinternationalhalloffame.com/mayor-frank-jackson/,candidate-only
organization-context-review,mayor-frank-jackson-2025,Mayor Frank Jackson,2025,East Technical High School,0.48,1,https://clevelandinternationalhalloffame.com/mayor-frank-jackson/,candidate-only
organization-context-review,mayor-frank-jackson-2025,Mayor Frank Jackson,2025,Maxine Goodman Levin College,0.48,1,https://clevelandinternationalhalloffame.com/mayor-frank-jackson/,candidate-only
organization-context-review,raj-aggarwal-2025,Raj Aggarwal,2025,John Carroll University,0.48,1,https://clevelandinternationalhalloffame.com/raj-aggarwal/,candidate-only
organization-context-review,raj-aggarwal-2025,Raj Aggarwal,2025,Kent State University,0.48,1,https://clevelandinternationalhalloffame.com/raj-aggarwal/,candidate-only
organization-context-review,raj-aggarwal-2025,Raj Aggarwal,2025,Kent State University Foundation,0.48,1,https://clevelandinternationalhalloffame.com/raj-aggarwal/,candidate-only
organization-context-review,aklilu-demessie-2026,Aklilu Demessie,2026,Addis Ababa University,0.48,1,https://clevelandinternationalhalloffame.com/aklilu-demessie/,candidate-only
organization-context-review,aklilu-demessie-2026,Aklilu Demessie,2026,Case Western University,0.48,1,https://clevelandinternationalhalloffame.com/aklilu-demessie/,candidate-only
organization-context-review,aklilu-demessie-2026,Aklilu Demessie,2026,DISATU EYES Foundation,0.48,1,https://clevelandinternationalhalloffame.com/aklilu-demessie/,candidate-only
organization-context-review,aklilu-demessie-2026,Aklilu Demessie,2026,Ethiopian Crown Council,0.48,1,https://clevelandinternationalhalloffame.com/aklilu-demessie/,candidate-only
organization-context-review,aklilu-demessie-2026,Aklilu Demessie,2026,International Community Council,0.48,1,https://clevelandinternationalhalloffame.com/aklilu-demessie/,candidate-only
organization-context-review,aklilu-demessie-2026,Aklilu Demessie,2026,Oberlin High School,0.48,1,https://clevelandinternationalhalloffame.com/aklilu-demessie/,candidate-only
organization-context-review,aklilu-demessie-2026,Aklilu Demessie,2026,President of the Northeast Ohio Ethiopian Community Association,0.48,1,https://clevelandinternationalhalloffame.com/aklilu-demessie/,candidate-only
organization-context-review,aklilu-demessie-2026,Aklilu Demessie,2026,Vice President of the Menelik Foundation,0.48,1,https://clevelandinternationalhalloffame.com/aklilu-demessie/,candidate-only
organization-context-review,andy-chakalis-2026,Andy Chakalis,2026,Board of the Greek Garden Association,0.48,1,https://clevelandinternationalhalloffame.com/andy-chakalis/,candidate-only
organization-context-review,andy-chakalis-2026,Andy Chakalis,2026,Brush High School and Case Western Reserve University,0.48,1,https://clevelandinternationalhalloffame.com/andy-chakalis/,candidate-only
organization-context-review,andy-chakalis-2026,Andy Chakalis,2026,Cleveland Heritage Program,0.48,1,https://clevelandinternationalhalloffame.com/andy-chakalis/,candidate-only
organization-context-review,andy-chakalis-2026,Andy Chakalis,2026,Hellenic Preservation Society,0.48,1,https://clevelandinternationalhalloffame.com/andy-chakalis/,candidate-only
organization-context-review,andy-chakalis-2026,Andy Chakalis,2026,The Cleveland Museum,0.48,1,https://clevelandinternationalhalloffame.com/andy-chakalis/,candidate-only
organization-context-review,andy-fedynsky-2026,Andy Fedynsky,2026,John Carroll University,0.48,1,https://clevelandinternationalhalloffame.com/andy-fedynsky/,candidate-only
organization-context-review,andy-fedynsky-2026,Andy Fedynsky,2026,Plast the Ukrainian Scouting Organization,0.48,1,https://clevelandinternationalhalloffame.com/andy-fedynsky/,candidate-only
organization-context-review,andy-fedynsky-2026,Andy Fedynsky,2026,The Ohio State University,0.48,1,https://clevelandinternationalhalloffame.com/andy-fedynsky/,candidate-only
organization-context-review,andy-fedynsky-2026,Andy Fedynsky,2026,Ukrainian Catholic University,0.48,1,https://clevelandinternationalhalloffame.com/andy-fedynsky/,candidate-only
organization-context-review,catherine-jorgensen-mccutcheon-2026,Catherine Jorgensen McCutcheon,2026,Baldwin Wallace University,0.48,1,https://clevelandinternationalhalloffame.com/catherine-jorgensen-mccutcheon/,candidate-only
organization-context-review,catherine-jorgensen-mccutcheon-2026,Catherine Jorgensen McCutcheon,2026,Lakewood High School,0.48,1,https://clevelandinternationalhalloffame.com/catherine-jorgensen-mccutcheon/,candidate-only
organization-context-review,lucy-torres-2026,Lucy Torres,2026,Burgos Youth Cultural Center,0.48,1,https://clevelandinternationalhalloffame.com/lucy-torres/,candidate-only
organization-context-review,lucy-torres-2026,Lucy Torres,2026,Cleveland City Council,0.48,1,https://clevelandinternationalhalloffame.com/lucy-torres/,candidate-only
organization-context-review,lucy-torres-2026,Lucy Torres,2026,Cleveland Metropolitan School,0.48,1,https://clevelandinternationalhalloffame.com/lucy-torres/,candidate-only
organization-context-review,lucy-torres-2026,Lucy Torres,2026,Cleveland State University,0.48,1,https://clevelandinternationalhalloffame.com/lucy-torres/,candidate-only
organization-context-review,lucy-torres-2026,Lucy Torres,2026,Cuyahoga Community College,0.48,1,https://clevelandinternationalhalloffame.com/lucy-torres/,candidate-only
organization-context-review,lucy-torres-2026,Lucy Torres,2026,Hispanic American Committee,0.48,1,https://clevelandinternationalhalloffame.com/lucy-torres/,candidate-only
