reviewAction,sourcePersonId,sourcePersonName,targetEntityType,targetEntityId,targetDisplayName,type,displayLabel,provenanceCandidate,confidence,evidenceCount,evidenceTypes,sourcePageUrls,referenceNote,publicUse
review-as-documented-person-relationship,bill-miller-2017,Bill Miller,person,august-pust-2010,August Pust,inducted_by,Inducted by,documented-source-candidate,0.78,1,inducted-by-line,https://clevelandinternationalhalloffame.com/inductees-europe/bill-miller/,Original CIHOF profile lists inducted by August Pust.,candidate-only
review-as-documented-person-relationship,carolyn-balogh-2016-2016,Carolyn Balogh – 2016,person,dr-maria-pujana-2013,Dr. Maria Pujana,inducted_by,Inducted by,documented-source-candidate,0.78,1,inducted-by-line,https://clevelandinternationalhalloffame.com/carolyn-balogh-2016/,Original CIHOF profile lists inducted by Dr. Maria Pujana.,candidate-only
review-as-documented-person-relationship,carolyn-balogh-2016-2016,Carolyn Balogh – 2016,person,dr-maria-pujana-2013,Dr. Maria Pujana,inducted_by,Inducted by,documented-source-candidate,0.78,1,inducted-by-line,https://clevelandinternationalhalloffame.com/induction-event-info/carolyn-balogh/,Original CIHOF profile lists inducted by Dr. Maria Pujana.,candidate-only
review-as-documented-person-relationship,georgine-welo-2023,Georgine Welo,person,alex-machaskee-2010,Alex Machaskee,inducted_by,Inducted by,documented-source-candidate,0.78,1,inducted-by-line,https://clevelandinternationalhalloffame.com/georgine-welo/,Original CIHOF profile lists inducted by Alex Machaskee.,candidate-only
review-as-documented-person-relationship,honorable-jose-a-villanueva-2015,Honorable José A. Villanueva,person,jose-c-feliciano-2012,José C. Feliciano,inducted_by,Inducted by,documented-source-candidate,0.78,1,inducted-by-line,https://clevelandinternationalhalloffame.com/honorable-jose-a-villanueva-2015/,Original CIHOF profile lists inducted by José Feliciano.,candidate-only
review-as-documented-person-relationship,johnny-k-wu-2024,Johnny K. Wu,person,margaret-w-wong-2010,Margaret W. Wong,inducted_by,Inducted by,documented-source-candidate,0.78,1,inducted-by-line,https://clevelandinternationalhalloffame.com/inductees/johnny-k-wu/,Original CIHOF profile lists inducted by Margaret Wong.,candidate-only
review-as-documented-person-relationship,joyce-mariani-2023,Joyce Mariani,person,basil-russo-2017,Basil Russo,inducted_by,Inducted by,documented-source-candidate,0.78,1,inducted-by-line,https://clevelandinternationalhalloffame.com/joyce-mariani/,Original CIHOF profile lists inducted by Basil Russo.,candidate-only
review-as-documented-person-relationship,may-chen-2020,May Chen,person,margaret-w-wong-2010,Margaret W. Wong,inducted_by,Inducted by,documented-source-candidate,0.78,1,inducted-by-line,https://clevelandinternationalhalloffame.com/may-chen/,Original CIHOF profile lists inducted by Margaret Wong.,candidate-only
review-as-documented-person-relationship,mona-alag-2017,Mona Alag,person,sudarshan-sathe-2023,Sudarshan Sathe,inducted_by,Inducted by,documented-source-candidate,0.78,1,inducted-by-line,https://clevelandinternationalhalloffame.com/inductees/mona-alag/,Original CIHOF profile lists inducted by Sudarshan Sathe.,candidate-only
review-as-documented-person-relationship,ramesh-shah-2020,Ramesh Shah,person,sudarshan-sathe-2023,Sudarshan Sathe,inducted_by,Inducted by,documented-source-candidate,0.78,1,inducted-by-line,https://clevelandinternationalhalloffame.com/ramesh-shah/,Original CIHOF profile lists inducted by Sudarshan Sathe.,candidate-only
review-as-documented-person-relationship,richard-fleischman-2019,Richard Fleischman,person,ernie-mihaly-2014,Ernie Mihaly,inducted_by,Inducted by,documented-source-candidate,0.78,1,inducted-by-line,https://clevelandinternationalhalloffame.com/richard-fleischman/,Original CIHOF profile lists inducted by Ernie Mihaly.,candidate-only
review-as-documented-person-relationship,sister-alicia-alvarado-2018,Sister Alicia Alvarado,person,jose-c-feliciano-2012,José C. Feliciano,inducted_by,Inducted by,documented-source-candidate,0.78,1,inducted-by-line,https://clevelandinternationalhalloffame.com/inductees-south-america/sister-alicia-alvarado/,Original CIHOF profile lists inducted by Jose Feliciano.,candidate-only
review-as-documented-person-relationship,valarie-mccall-2020,Valarie McCall,person,albert-b-ratner-2011,Albert B. Ratner,inducted_by,Inducted by,documented-source-candidate,0.78,1,inducted-by-line,https://clevelandinternationalhalloffame.com/valarie-mccall/,Original CIHOF profile lists inducted by Albert Ratner.,candidate-only
resolve-presenter-before-relationship,abby-mina-2018,Abby Mina,person-name,his-son-michael-mina-and-pierre-bejjani,his son Michael Mina and Pierre Bejjani,inducted_by,Inducted by,source-name-needs-resolution,0.62,1,inducted-by-line,https://clevelandinternationalhalloffame.com/inductees-asia/abby-mina/,Original CIHOF profile lists inducted by his son Michael Mina and Pierre Bejjani.,candidate-only
resolve-presenter-before-relationship,aklilu-demessie-2026,Aklilu Demessie,person-name,his-daughter-dr-menna-demessie-ph-d,"his daughter Dr. Menna Demessie, Ph.D",inducted_by,Inducted by,source-name-needs-resolution,0.62,1,inducted-by-line,https://clevelandinternationalhalloffame.com/aklilu-demessie/,"Original CIHOF profile lists inducted by his daughter Dr. Menna Demessie, Ph.D.",candidate-only
resolve-presenter-before-relationship,akram-boutros-2019,Akram Boutros,person-name,cuyahoga-county-executive-armond-budish,Cuyahoga County Executive Armond Budish,inducted_by,Inducted by,source-name-needs-resolution,0.62,1,inducted-by-line,https://clevelandinternationalhalloffame.com/akram-boutros/,Original CIHOF profile lists inducted by Cuyahoga County Executive Armond Budish.,candidate-only
resolve-presenter-before-relationship,ambassador-edward-f-crawford-2024,Ambassador Edward F. Crawford,person-name,ambassador-nason,Ambassador Nason,inducted_by,Inducted by,source-name-needs-resolution,0.62,1,inducted-by-line,https://clevelandinternationalhalloffame.com/inductees/ambassador-edward-f-crawford/,Original CIHOF profile lists inducted by Ambassador Nason.,candidate-only
resolve-presenter-before-relationship,andy-chakalis-2026,Andy Chakalis,person-name,lou-frangos,Lou Frangos,inducted_by,Inducted by,source-name-needs-resolution,0.62,1,inducted-by-line,https://clevelandinternationalhalloffame.com/andy-chakalis/,Original CIHOF profile lists inducted by Lou Frangos.,candidate-only
resolve-presenter-before-relationship,andy-fedynsky-2026,Andy Fedynsky,person-name,united-ukrainian-organizations-of-ohio-president-george-e-jaskiw-m-d,"United Ukrainian Organizations of Ohio President George E. Jaskiw, M.D",inducted_by,Inducted by,source-name-needs-resolution,0.62,1,inducted-by-line,https://clevelandinternationalhalloffame.com/andy-fedynsky/,"Original CIHOF profile lists inducted by United Ukrainian Organizations of Ohio President George E. Jaskiw, M.D.",candidate-only
resolve-presenter-before-relationship,arnie-de-la-porte-2016-2016,Arnie de la Porte – 2016,person-name,the-honorary-consul-of-the-republic-of-lithuania-ingrida-bublys,the Honorary Consul of the Republic of Lithuania Ingrida Bublys,inducted_by,Inducted by,source-name-needs-resolution,0.62,1,inducted-by-line,https://clevelandinternationalhalloffame.com/arnie-de-la-porte-2016/,Original CIHOF profile lists inducted by the Honorary Consul of the Republic of Lithuania Ingrida Bublys.,candidate-only
resolve-presenter-before-relationship,atul-mehta-2018,Atul Mehta,person-name,richard-j-buoncore-managing-partner-mai-capital-management,"Richard J. Buoncore , Managing Partner, MAI Capital Management",inducted_by,Inducted by,source-name-needs-resolution,0.62,1,inducted-by-line,https://clevelandinternationalhalloffame.com/inductees-asia/atul-mehta/,"Original CIHOF profile lists inducted by Richard J. Buoncore , Managing Partner, MAI Capital Management.",candidate-only
resolve-presenter-before-relationship,basil-russo-2017,Basil Russo,person-name,daughter-gabriella-and-son-in-law-joseph-rosalina,daughter Gabriella and son-in-law Joseph Rosalina,inducted_by,Inducted by,source-name-needs-resolution,0.62,1,inducted-by-line,https://clevelandinternationalhalloffame.com/inductees-europe/basil-russo/,Original CIHOF profile lists inducted by daughter Gabriella and son-in-law Joseph Rosalina.,candidate-only
resolve-presenter-before-relationship,berj-shakarian-2020,Berj Shakarian,person-name,paul-burik-and-dr-wael-khoury,Paul Burik and Dr. Wael Khoury,inducted_by,Inducted by,source-name-needs-resolution,0.62,1,inducted-by-line,https://clevelandinternationalhalloffame.com/berj-shakarian/,Original CIHOF profile lists inducted by Paul Burik and Dr. Wael Khoury.,candidate-only
resolve-presenter-before-relationship,beverly-kerecman-2025,Beverly Kerecman,person-name,ocagc-president-lisa-wong,OCAGC President Lisa Wong,inducted_by,Inducted by,source-name-needs-resolution,0.62,1,inducted-by-line,https://clevelandinternationalhalloffame.com/beverly-kerecman/,Original CIHOF profile lists inducted by OCAGC President Lisa Wong.,candidate-only
resolve-presenter-before-relationship,bishop-anthony-pilla-2015,Bishop Anthony Pilla,person-name,sam-miller,Sam Miller,inducted_by,Inducted by,source-name-needs-resolution,0.62,1,inducted-by-line,https://clevelandinternationalhalloffame.com/bishop-anthony-pilla-2015/,Original CIHOF profile lists inducted by Sam Miller.,candidate-only
resolve-presenter-before-relationship,branka-malinar-2025,Branka Malinar,person-name,thomas-turkaly,Thomas Turkaly,inducted_by,Inducted by,source-name-needs-resolution,0.62,1,inducted-by-line,https://clevelandinternationalhalloffame.com/branka-malinar/,Original CIHOF profile lists inducted by Thomas Turkaly.,candidate-only
resolve-presenter-before-relationship,catherine-jorgensen-mccutcheon-2026,Catherine Jorgensen McCutcheon,person-name,her-daughter-karin-mccutcheon,her daughter Karin McCutcheon,inducted_by,Inducted by,source-name-needs-resolution,0.62,1,inducted-by-line,https://clevelandinternationalhalloffame.com/catherine-jorgensen-mccutcheon/,Original CIHOF profile lists inducted by her daughter Karin McCutcheon.,candidate-only
resolve-presenter-before-relationship,david-gilbert-2025,David Gilbert,person-name,global-cleveland-ceo-joe-cimperman,Global Cleveland CEO Joe Cimperman,inducted_by,Inducted by,source-name-needs-resolution,0.62,1,inducted-by-line,https://clevelandinternationalhalloffame.com/david-gilbert/,Original CIHOF profile lists inducted by Global Cleveland CEO Joe Cimperman.,candidate-only
resolve-presenter-before-relationship,dona-brady-2024,Dona Brady,person-name,mike-polensek,Mike Polensek,inducted_by,Inducted by,source-name-needs-resolution,0.62,1,inducted-by-line,https://clevelandinternationalhalloffame.com/inductees/dona-brady/,Original CIHOF profile lists inducted by Mike Polensek.,candidate-only
resolve-presenter-before-relationship,dr-eugene-jordan-2024,Dr. Eugene Jordan,person-name,rev-moss-jr,Rev Moss Jr,inducted_by,Inducted by,source-name-needs-resolution,0.62,1,inducted-by-line,https://clevelandinternationalhalloffame.com/inductees/dr-eugene-jordan/,Original CIHOF profile lists inducted by Rev Moss Jr.,candidate-only
resolve-presenter-before-relationship,erika-puussaar-2024,Erika Puussaar,person-name,ambassador-prikk,Ambassador Prikk,inducted_by,Inducted by,source-name-needs-resolution,0.62,1,inducted-by-line,https://clevelandinternationalhalloffame.com/inductees/erika-puussaar/,Original CIHOF profile lists inducted by Ambassador Prikk.,candidate-only
resolve-presenter-before-relationship,eugenia-stolarczyk-2016-2016,Eugenia Stolarczyk – 2016,person-name,polish-consul-general-urszula-gacek-from-new-york,Polish Consul General Urszula Gacek from New York,inducted_by,Inducted by,source-name-needs-resolution,0.62,1,inducted-by-line,https://clevelandinternationalhalloffame.com/eugenia-stolarczyk-2016/,Original CIHOF profile lists inducted by Polish Consul General Urszula Gacek from New York.,candidate-only
resolve-presenter-before-relationship,eugenia-stolarczyk-2016-2016,Eugenia Stolarczyk – 2016,person-name,polish-consul-general-urszula-gacek-from-new-york,Polish Consul General Urszula Gacek from New York,inducted_by,Inducted by,source-name-needs-resolution,0.62,1,inducted-by-line,https://clevelandinternationalhalloffame.com/induction-event-info/eugenia-stolarczyk/,Original CIHOF profile lists inducted by Polish Consul General Urszula Gacek from New York.,candidate-only
resolve-presenter-before-relationship,ingrida-bublys-2019,Ingrida Bublys,person-name,alex-machaskee-former-plain-dealer-publisher,Alex Machaskee (Former Plain Dealer Publisher),inducted_by,Inducted by,source-name-needs-resolution,0.62,1,inducted-by-line,https://clevelandinternationalhalloffame.com/ingrida-bublys/,Original CIHOF profile lists inducted by Alex Machaskee (Former Plain Dealer Publisher).,candidate-only
resolve-presenter-before-relationship,jack-kahl-2016,Jack Kahl,person-name,dan-coughlin,Dan Coughlin,inducted_by,Inducted by,source-name-needs-resolution,0.62,1,inducted-by-line,https://clevelandinternationalhalloffame.com/jack-kahl-2016/,Original CIHOF profile lists inducted by Dan Coughlin.,candidate-only
resolve-presenter-before-relationship,jack-kahl-2016,Jack Kahl,person-name,dan-coughlin,Dan Coughlin,inducted_by,Inducted by,source-name-needs-resolution,0.62,1,inducted-by-line,https://clevelandinternationalhalloffame.com/induction-event-info/jack-kahl/,Original CIHOF profile lists inducted by Dan Coughlin.,candidate-only
resolve-presenter-before-relationship,jim-craciun-2017,Jim Craciun,person-name,cleveland-councilman-matt-zone,Cleveland Councilman Matt Zone,inducted_by,Inducted by,source-name-needs-resolution,0.62,1,inducted-by-line,https://clevelandinternationalhalloffame.com/inductees-europe/jim-craciun/,Original CIHOF profile lists inducted by Cleveland Councilman Matt Zone.,candidate-only
resolve-presenter-before-relationship,joe-valencic-2020,Joe Valencic,person-name,cleveland-city-councilman-and-fellow-slovenian-mike-polensek,Cleveland City Councilman and fellow Slovenian Mike Polensek,inducted_by,Inducted by,source-name-needs-resolution,0.62,1,inducted-by-line,https://clevelandinternationalhalloffame.com/joe-valencic/,Original CIHOF profile lists inducted by Cleveland City Councilman and fellow Slovenian Mike Polensek.,candidate-only
resolve-presenter-before-relationship,khalid-samad-2016-2016,Khalid Samad – 2016,person-name,city-of-cleveland-community-relations-board-director-blaine-griffin,City of Cleveland Community Relations Board Director Blaine Griffin,inducted_by,Inducted by,source-name-needs-resolution,0.62,1,inducted-by-line,https://clevelandinternationalhalloffame.com/khalid-samad-2016/,Original CIHOF profile lists inducted by City of Cleveland Community Relations Board Director Blaine Griffin.,candidate-only
resolve-presenter-before-relationship,khalid-samad-2016-2016,Khalid Samad – 2016,person-name,city-of-cleveland-director-blaine-griffin,City of Cleveland Director Blaine Griffin,inducted_by,Inducted by,source-name-needs-resolution,0.62,1,inducted-by-line,https://clevelandinternationalhalloffame.com/induction-event-info/khalid-samad/,Original CIHOF profile lists inducted by City of Cleveland Director Blaine Griffin.,candidate-only
resolve-presenter-before-relationship,le-nguyen-2026,Le Nguyen,person-name,former-cleveland-mayor-frank-g-jackson,former Cleveland Mayor Frank G. Jackson,inducted_by,Inducted by,source-name-needs-resolution,0.62,1,inducted-by-line,https://clevelandinternationalhalloffame.com/le-nguyen/,Original CIHOF profile lists inducted by former Cleveland Mayor Frank G. Jackson.,candidate-only
resolve-presenter-before-relationship,lucy-torres-2026,Lucy Torres,person-name,cleveland-city-council-president-blaine-griffin,Cleveland City Council President Blaine Griffin,inducted_by,Inducted by,source-name-needs-resolution,0.62,1,inducted-by-line,https://clevelandinternationalhalloffame.com/lucy-torres/,Original CIHOF profile lists inducted by Cleveland City Council President Blaine Griffin.,candidate-only
resolve-presenter-before-relationship,margaret-lynch-2020,Margaret Lynch,person-name,gerry-quinn,Gerry Quinn,inducted_by,Inducted by,source-name-needs-resolution,0.62,1,inducted-by-line,https://clevelandinternationalhalloffame.com/margaret-lynch/,Original CIHOF profile lists inducted by Gerry Quinn.,candidate-only
resolve-presenter-before-relationship,marilyn-madigan-2019,Marilyn Madigan,person-name,john-o-brien-jr-ohio-irish-american-news-publisher,John O’Brien Jr. (Ohio Irish American News Publisher),inducted_by,Inducted by,source-name-needs-resolution,0.62,1,inducted-by-line,https://clevelandinternationalhalloffame.com/marilyn-madigan/,Original CIHOF profile lists inducted by John O’Brien Jr. (Ohio Irish American News Publisher).,candidate-only
resolve-presenter-before-relationship,michael-d-polensek-2023,Michael D. Polensek,person-name,joe-cimperman,Joe Cimperman,inducted_by,Inducted by,source-name-needs-resolution,0.62,1,inducted-by-line,https://clevelandinternationalhalloffame.com/michael-d-polensek/,Original CIHOF profile lists inducted by Joe Cimperman.,candidate-only
resolve-presenter-before-relationship,mohan-bafna-2016,Mohan Bafna,person-name,his-son-suresh-bafna,his son Suresh Bafna,inducted_by,Inducted by,source-name-needs-resolution,0.62,1,inducted-by-line,https://clevelandinternationalhalloffame.com/mohan-bafna-2016/,Original CIHOF profile lists inducted by his son Suresh Bafna.,candidate-only
resolve-presenter-before-relationship,mohan-bafna-2016,Mohan Bafna,person-name,his-son-suresh-bafna,his son Suresh Bafna,inducted_by,Inducted by,source-name-needs-resolution,0.62,1,inducted-by-line,https://clevelandinternationalhalloffame.com/induction-event-info/dr-mohan-bafna/,Original CIHOF profile lists inducted by his son Suresh Bafna.,candidate-only
resolve-presenter-before-relationship,pat-dowd-2023,Pat Dowd,person-name,gerry-quinn,Gerry Quinn,inducted_by,Inducted by,source-name-needs-resolution,0.62,1,inducted-by-line,https://clevelandinternationalhalloffame.com/pat-dowd/,Original CIHOF profile lists inducted by Gerry Quinn.,candidate-only
resolve-presenter-before-relationship,paul-burik-2019,Paul Burik,person-name,chris-ronayne-university-circle-president,Chris Ronayne (University Circle President),inducted_by,Inducted by,source-name-needs-resolution,0.62,1,inducted-by-line,https://clevelandinternationalhalloffame.com/paul-burik/,Original CIHOF profile lists inducted by Chris Ronayne (University Circle President).,candidate-only
resolve-presenter-before-relationship,pierre-bejjani-2023,Pierre Bejjani,person-name,seven-hills-mayor-anthony-d-biasiotta,Seven Hills Mayor Anthony D. Biasiotta,inducted_by,Inducted by,source-name-needs-resolution,0.62,1,inducted-by-line,https://clevelandinternationalhalloffame.com/pierre-bejjani/,Original CIHOF profile lists inducted by Seven Hills Mayor Anthony D. Biasiotta.,candidate-only
resolve-presenter-before-relationship,raj-aggarwal-2025,Raj Aggarwal,person-name,values-in-action-president-stuart-muszynski,Values-in-Action President Stuart Muszynski,inducted_by,Inducted by,source-name-needs-resolution,0.62,1,inducted-by-line,https://clevelandinternationalhalloffame.com/raj-aggarwal/,Original CIHOF profile lists inducted by Values-in-Action President Stuart Muszynski.,candidate-only
resolve-presenter-before-relationship,ralph-perk-jr-2018,Ralph Perk Jr.,person-name,congresswoman-mary-rose-oakar,Congresswoman Mary Rose Oakar,inducted_by,Inducted by,source-name-needs-resolution,0.62,1,inducted-by-line,https://clevelandinternationalhalloffame.com/inductees-europe/ralph-perk-jr/,Original CIHOF profile lists inducted by Congresswoman Mary Rose Oakar.,candidate-only
resolve-presenter-before-relationship,ramesh-shah-2020,Ramesh Shah,person-name,federation-of-india-community-associations-board-chairman-sudarshan-sathe-and-welcomed-to-the-hall-by-inaugural-cihf-inductee-paramjit-singh,Federation of India Community Associations Board Chairman Sudarshan Sathe and welcomed to the Hall by Inaugural CIHF inductee Paramjit Singh,inducted_by,Inducted by,source-name-needs-resolution,0.62,1,inducted-by-line,https://clevelandinternationalhalloffame.com/ramesh-shah/,Original CIHOF profile lists inducted by Federation of India Community Associations Board Chairman Sudarshan Sathe and welcomed to the Hall by Inaugural CIHF inductee Paramjit Singh.,candidate-only
resolve-presenter-before-relationship,ramesh-shah-2020,Ramesh Shah,person-name,sudarshan-sathe-and-paramjit-singh,Sudarshan Sathe and Paramjit Singh,inducted_by,Inducted by,source-name-needs-resolution,0.62,1,inducted-by-line,https://clevelandinternationalhalloffame.com/ramesh-shah/,Original CIHOF profile lists inducted by Sudarshan Sathe and Paramjit Singh.,candidate-only
resolve-presenter-before-relationship,ray-pianka-2018,Ray Pianka,person-name,councilman-anthony-brancatelli-kirsten-pianka-and-karen-pianka-accept-the-award-for-their-late-father-husband-judge-ray-pianka,Councilman Anthony Brancatelli. Kirsten Pianka and Karen Pianka accept the award for their late father/husband Judge Ray Pianka,inducted_by,Inducted by,source-name-needs-resolution,0.62,1,inducted-by-line,https://clevelandinternationalhalloffame.com/inductees-europe/ray-pianka/,Original CIHOF profile lists inducted by Councilman Anthony Brancatelli. Kirsten Pianka and Karen Pianka accept the award for their late father/husband Judge Ray Pianka.,candidate-only
resolve-presenter-before-relationship,rev-mikhail-mikhail-2016,Rev. Mikhail Mikhail,person-name,seven-hills-mayor-richard-dell-aquila,Seven Hills Mayor Richard Dell’Aquila,inducted_by,Inducted by,source-name-needs-resolution,0.62,1,inducted-by-line,https://clevelandinternationalhalloffame.com/induction-event-info/rev-mikhail-mikhail/,Original CIHOF profile lists inducted by Seven Hills Mayor Richard Dell’Aquila.,candidate-only
resolve-presenter-before-relationship,rev-mikhail-mikhail-2016,Rev. Mikhail Mikhail,person-name,seven-hills-mayor-richard-dell-aquila,Seven Hills Mayor Richard Dell’Aquila,inducted_by,Inducted by,source-name-needs-resolution,0.62,1,inducted-by-line,https://clevelandinternationalhalloffame.com/reverend-mikhail-mikhail-2016/,Original CIHOF profile lists inducted by Seven Hills Mayor Richard Dell’Aquila.,candidate-only
resolve-presenter-before-relationship,sam-kim-2017,Sam Kim,person-name,his-son-ki-kim,his son Ki Kim,inducted_by,Inducted by,source-name-needs-resolution,0.62,1,inducted-by-line,https://clevelandinternationalhalloffame.com/inductees-asia/sam-kim/,Original CIHOF profile lists inducted by his son Ki Kim.,candidate-only
resolve-presenter-before-relationship,sheila-murphy-crawford-2018,Sheila Murphy Crawford,person-name,gerry-quinn,Gerry Quinn,inducted_by,Inducted by,source-name-needs-resolution,0.62,1,inducted-by-line,https://clevelandinternationalhalloffame.com/inductees-europe/sheila-murphy-crawford/,Original CIHOF profile lists inducted by Gerry Quinn.,candidate-only
resolve-presenter-before-relationship,shiv-k-aggarwal-2015,Shiv K. Aggarwal,person-name,michael-sreshta,Michael Sreshta,inducted_by,Inducted by,source-name-needs-resolution,0.62,1,inducted-by-line,https://clevelandinternationalhalloffame.com/shiv-k-aggarwal-2015/,Original CIHOF profile lists inducted by Michael Sreshta.,candidate-only
resolve-presenter-before-relationship,sree-sreenath-2019,Sree Sreenath,person-name,ramesh-shah-association-of-indian-physicians-of-northern-ohio,Ramesh Shah (Association of Indian Physicians of Northern Ohio),inducted_by,Inducted by,source-name-needs-resolution,0.62,1,inducted-by-line,https://clevelandinternationalhalloffame.com/sree-sreenath/,Original CIHOF profile lists inducted by Ramesh Shah (Association of Indian Physicians of Northern Ohio).,candidate-only
resolve-presenter-before-relationship,sudarshan-sathe-2023,Sudarshan Sathe,person-name,baiju-shah,Baiju Shah,inducted_by,Inducted by,source-name-needs-resolution,0.62,1,inducted-by-line,https://clevelandinternationalhalloffame.com/sudarshan-sathe/,Original CIHOF profile lists inducted by Baiju Shah.,candidate-only
resolve-presenter-before-relationship,svetlana-stolyarova-2025,Svetlana Stolyarova,person-name,dr-anton-komar,Dr. Anton Komar,inducted_by,Inducted by,source-name-needs-resolution,0.62,1,inducted-by-line,https://clevelandinternationalhalloffame.com/svetlana-stolyarova/,Original CIHOF profile lists inducted by Dr. Anton Komar.,candidate-only
resolve-presenter-before-relationship,veronica-dahlberg-2024,Veronica Dahlberg,person-name,jasmin-santana,Jasmin Santana,inducted_by,Inducted by,source-name-needs-resolution,0.62,1,inducted-by-line,https://clevelandinternationalhalloffame.com/inductees/veronica-dahlberg/,Original CIHOF profile lists inducted by Jasmin Santana.,candidate-only
resolve-presenter-before-relationship,wael-khoury-2017,Wael Khoury,person-name,dr-nizar-zein,Dr. Nizar Zein,inducted_by,Inducted by,source-name-needs-resolution,0.62,1,inducted-by-line,https://clevelandinternationalhalloffame.com/inductees-asia/wael-khoury/,Original CIHOF profile lists inducted by Dr. Nizar Zein.,candidate-only
prioritize-relationship-context-review,basil-russo-2017,Basil Russo,person,mona-alag-2017,Mona Alag,related_event,Named in profile source,profile-mention-candidate,0.54,3,profile-name-mention|shared-source-page,https://clevelandinternationalhalloffame.com/inductees-europe/basil-russo/|https://clevelandinternationalhalloffame.com/inductees/mona-alag/|https://clevelandinternationalhalloffame.com/induction-class-2017/,Original CIHOF source text names both people; review the page context before labeling a relationship.,candidate-only
prioritize-relationship-context-review,basil-russo-2017,Basil Russo,person,jim-craciun-2017,Jim Craciun,related_event,Named in profile source,profile-mention-candidate,0.54,3,profile-name-mention|shared-source-page,https://clevelandinternationalhalloffame.com/inductees-europe/basil-russo/|https://clevelandinternationalhalloffame.com/inductees-europe/jim-craciun/|https://clevelandinternationalhalloffame.com/induction-class-2017/,Original CIHOF source text names both people; review the page context before labeling a relationship.,candidate-only
prioritize-relationship-context-review,david-gilbert-2025,David Gilbert,person,svetlana-stolyarova-2025,Svetlana Stolyarova,related_event,Named in profile source,profile-mention-candidate,0.54,3,profile-name-mention|shared-source-page,https://clevelandinternationalhalloffame.com/2025-induction-ceremony/|https://clevelandinternationalhalloffame.com/david-gilbert/|https://clevelandinternationalhalloffame.com/svetlana-stolyarova/,Original CIHOF source text names both people; review the page context before labeling a relationship.,candidate-only
prioritize-relationship-context-review,dr-jaya-shah-2012,Dr. Jaya Shah,person,ramesh-shah-2020,Ramesh Shah,related_event,Named in profile source,profile-mention-candidate,0.54,3,profile-name-mention,https://clevelandinternationalhalloffame.com/dr-jaya-shah-2012/|https://clevelandinternationalhalloffame.com/inductees/ramesh-shah/|https://clevelandinternationalhalloffame.com/ramesh-shah/,Original CIHOF source text names both people; review the page context before labeling a relationship.,candidate-only
prioritize-relationship-context-review,georgine-welo-2023,Georgine Welo,person,alex-machaskee-2010,Alex Machaskee,related_event,Named in profile source,profile-mention-candidate,0.54,3,profile-name-mention|shared-source-page,https://clevelandinternationalhalloffame.com/2023-induction-ceremony/|https://clevelandinternationalhalloffame.com/2023/04/cleveland-international-hall-of-fame-press-release/|https://clevelandinternationalhalloffame.com/georgine-welo/,Original CIHOF source text names both people; review the page context before labeling a relationship.,candidate-only
prioritize-relationship-context-review,jim-craciun-2017,Jim Craciun,person,mona-alag-2017,Mona Alag,related_event,Named in profile source,profile-mention-candidate,0.54,3,profile-name-mention|shared-source-page,https://clevelandinternationalhalloffame.com/inductees-europe/jim-craciun/|https://clevelandinternationalhalloffame.com/inductees/mona-alag/|https://clevelandinternationalhalloffame.com/induction-class-2017/,Original CIHOF source text names both people; review the page context before labeling a relationship.,candidate-only
prioritize-relationship-context-review,joyce-mariani-2023,Joyce Mariani,person,basil-russo-2017,Basil Russo,related_event,Named in profile source,profile-mention-candidate,0.54,3,profile-name-mention|shared-source-page,https://clevelandinternationalhalloffame.com/2023-induction-ceremony/|https://clevelandinternationalhalloffame.com/2023/04/cleveland-international-hall-of-fame-press-release/|https://clevelandinternationalhalloffame.com/joyce-mariani/,Original CIHOF source text names both people; review the page context before labeling a relationship.,candidate-only
prioritize-relationship-context-review,ramesh-shah-2020,Ramesh Shah,person,sudarshan-sathe-2023,Sudarshan Sathe,related_event,Named in profile source,profile-mention-candidate,0.54,3,profile-name-mention|shared-source-page,https://clevelandinternationalhalloffame.com/2020-2022-induction-ceremony/|https://clevelandinternationalhalloffame.com/inductees/ramesh-shah/|https://clevelandinternationalhalloffame.com/ramesh-shah/,Original CIHOF source text names both people; review the page context before labeling a relationship.,candidate-only
prioritize-relationship-context-review,ray-pianka-2018,Ray Pianka,person,sheila-murphy-crawford-2018,Sheila Murphy Crawford,related_event,Named in profile source,profile-mention-candidate,0.54,3,profile-name-mention|shared-source-page,https://clevelandinternationalhalloffame.com/2018-induction/|https://clevelandinternationalhalloffame.com/inductees-europe/ray-pianka/|https://clevelandinternationalhalloffame.com/induction-class-2018/,Original CIHOF source text names both people; review the page context before labeling a relationship.,candidate-only
prioritize-relationship-context-review,sheila-murphy-crawford-2018,Sheila Murphy Crawford,person,sister-alicia-alvarado-2018,Sister Alicia Alvarado,related_event,Named in profile source,profile-mention-candidate,0.54,3,profile-name-mention|shared-source-page,https://clevelandinternationalhalloffame.com/2018-induction/|https://clevelandinternationalhalloffame.com/inductees-europe/sheila-murphy-crawford/|https://clevelandinternationalhalloffame.com/induction-class-2018/,Original CIHOF source text names both people; review the page context before labeling a relationship.,candidate-only
prioritize-relationship-context-review,berj-shakarian-2020,Berj Shakarian,person,paul-burik-2019,Paul Burik,related_event,Named in profile source,profile-mention-candidate,0.54,2,profile-name-mention|shared-source-page,https://clevelandinternationalhalloffame.com/2020-2022-induction-ceremony/|https://clevelandinternationalhalloffame.com/berj-shakarian/,Original CIHOF source text names both people; review the page context before labeling a relationship.,candidate-only
prioritize-relationship-context-review,branka-malinar-2025,Branka Malinar,person,raj-aggarwal-2025,Raj Aggarwal,related_event,Named in profile source,profile-mention-candidate,0.54,2,profile-name-mention|shared-source-page,https://clevelandinternationalhalloffame.com/2025-induction-ceremony/|https://clevelandinternationalhalloffame.com/branka-malinar/,Original CIHOF source text names both people; review the page context before labeling a relationship.,candidate-only
prioritize-relationship-context-review,carl-robson-2022,Carl Robson,person,aklilu-demessie-2026,Aklilu Demessie,related_event,Named in profile source,profile-mention-candidate,0.54,2,profile-name-mention|shared-source-page,https://clevelandinternationalhalloffame.com/2020-2022-induction-ceremony/|https://clevelandinternationalhalloffame.com/carl-robson/,Original CIHOF source text names both people; review the page context before labeling a relationship.,candidate-only
prioritize-relationship-context-review,carolyn-balogh-2016-2016,Carolyn Balogh – 2016,person,dr-maria-pujana-2013,Dr. Maria Pujana,related_event,Named in profile source,profile-mention-candidate,0.54,2,profile-name-mention,https://clevelandinternationalhalloffame.com/carolyn-balogh-2016/|https://clevelandinternationalhalloffame.com/induction-event-info/carolyn-balogh/,Original CIHOF source text names both people; review the page context before labeling a relationship.,candidate-only
prioritize-relationship-context-review,david-gilbert-2025,David Gilbert,person,mayor-frank-jackson-2025,Mayor Frank Jackson,related_event,Named in profile source,profile-mention-candidate,0.54,2,profile-name-mention,https://clevelandinternationalhalloffame.com/david-gilbert/|https://clevelandinternationalhalloffame.com/mayor-frank-jackson/,Original CIHOF source text names both people; review the page context before labeling a relationship.,candidate-only
prioritize-relationship-context-review,dick-pogue-2015,Dick Pogue,person,bishop-anthony-pilla-2015,Bishop Anthony Pilla,related_event,Named in profile source,profile-mention-candidate,0.54,2,profile-name-mention|shared-source-page,https://clevelandinternationalhalloffame.com/2015/07/cleveland-international-hall-of-fame-at-givecamp/|https://clevelandinternationalhalloffame.com/richard-pogue-2015/,Original CIHOF source text names both people; review the page context before labeling a relationship.,candidate-only
prioritize-relationship-context-review,ingrida-bublys-2019,Ingrida Bublys,person,alex-machaskee-2010,Alex Machaskee,related_event,Named in profile source,profile-mention-candidate,0.54,2,profile-name-mention|shared-source-page,https://clevelandinternationalhalloffame.com/induction-class-2010/|https://clevelandinternationalhalloffame.com/ingrida-bublys/,Original CIHOF source text names both people; review the page context before labeling a relationship.,candidate-only
prioritize-relationship-context-review,jack-kahl-2016,Jack Kahl,person,dick-russ-2015,Dick Russ,related_event,Named in profile source,profile-mention-candidate,0.54,2,profile-name-mention|shared-source-page,https://clevelandinternationalhalloffame.com/induction-class-2012/|https://clevelandinternationalhalloffame.com/jack-kahl-2016/,Original CIHOF source text names both people; review the page context before labeling a relationship.,candidate-only
prioritize-relationship-context-review,le-nguyen-2026,Le Nguyen,person,mayor-frank-jackson-2025,Mayor Frank Jackson,related_event,Named in profile source,profile-mention-candidate,0.54,2,profile-name-mention,https://clevelandinternationalhalloffame.com/le-nguyen-class-of-2026-vietnames-heritage-cleveland-international-hall-of-fame/|https://clevelandinternationalhalloffame.com/le-nguyen/,Original CIHOF source text names both people; review the page context before labeling a relationship.,candidate-only
prioritize-relationship-context-review,le-nguyen-2026,Le Nguyen,person,valarie-mccall-2020,Valarie McCall,related_event,Named in profile source,profile-mention-candidate,0.54,2,profile-name-mention|shared-source-page,https://clevelandinternationalhalloffame.com/2026-class-and-inductions/|https://clevelandinternationalhalloffame.com/le-nguyen-class-of-2026-vietnames-heritage-cleveland-international-hall-of-fame/,Original CIHOF source text names both people; review the page context before labeling a relationship.,candidate-only
prioritize-relationship-context-review,mayor-frank-jackson-2025,Mayor Frank Jackson,person,svetlana-stolyarova-2025,Svetlana Stolyarova,related_event,Named in profile source,profile-mention-candidate,0.54,2,profile-name-mention,https://clevelandinternationalhalloffame.com/mayor-frank-jackson/|https://clevelandinternationalhalloffame.com/svetlana-stolyarova/,Original CIHOF source text names both people; review the page context before labeling a relationship.,candidate-only
prioritize-relationship-context-review,mona-alag-2017,Mona Alag,person,sudarshan-sathe-2023,Sudarshan Sathe,related_event,Named in profile source,profile-mention-candidate,0.54,2,profile-name-mention|shared-source-page,https://clevelandinternationalhalloffame.com/inductees/mona-alag/|https://clevelandinternationalhalloffame.com/induction-class-2017/,Original CIHOF source text names both people; review the page context before labeling a relationship.,candidate-only
prioritize-relationship-context-review,mona-alag-2017,Mona Alag,person,dick-russ-2015,Dick Russ,related_event,Named in profile source,profile-mention-candidate,0.54,2,profile-name-mention|shared-source-page,https://clevelandinternationalhalloffame.com/inductees/mona-alag/|https://clevelandinternationalhalloffame.com/induction-class-2010/,Original CIHOF source text names both people; review the page context before labeling a relationship.,candidate-only
prioritize-relationship-context-review,ramesh-shah-2020,Ramesh Shah,person,paramjit-singh-2010,Paramjit Singh,related_event,Named in profile source,profile-mention-candidate,0.54,2,profile-name-mention,https://clevelandinternationalhalloffame.com/inductees/ramesh-shah/|https://clevelandinternationalhalloffame.com/ramesh-shah/,Original CIHOF source text names both people; review the page context before labeling a relationship.,candidate-only
prioritize-relationship-context-review,rev-mikhail-mikhail-2016,Rev. Mikhail Mikhail,person,jack-kahl-2016,Jack Kahl,related_event,Named in profile source,profile-mention-candidate,0.54,2,profile-name-mention|shared-source-page,https://clevelandinternationalhalloffame.com/induction-class-2016/|https://clevelandinternationalhalloffame.com/reverend-mikhail-mikhail-2016/,Original CIHOF source text names both people; review the page context before labeling a relationship.,candidate-only
prioritize-relationship-context-review,richard-a-ganim-2015,Richard A. Ganim,person,pierre-bejjani-2023,Pierre Bejjani,related_event,Named in profile source,profile-mention-candidate,0.54,2,profile-name-mention|shared-source-page,https://clevelandinternationalhalloffame.com/induction-class-2015/|https://clevelandinternationalhalloffame.com/richard-ganim-2015/,Original CIHOF source text names both people; review the page context before labeling a relationship.,candidate-only
prioritize-relationship-context-review,richard-fleischman-2019,Richard Fleischman,person,ernie-mihaly-2014,Ernie Mihaly,related_event,Named in profile source,profile-mention-candidate,0.54,2,profile-name-mention|shared-source-page,https://clevelandinternationalhalloffame.com/induction-class-2014/|https://clevelandinternationalhalloffame.com/richard-fleischman/,Original CIHOF source text names both people; review the page context before labeling a relationship.,candidate-only
prioritize-relationship-context-review,svetlana-stolyarova-2025,Svetlana Stolyarova,person,raj-aggarwal-2025,Raj Aggarwal,related_event,Named in profile source,profile-mention-candidate,0.54,2,profile-name-mention|shared-source-page,https://clevelandinternationalhalloffame.com/2025-induction-ceremony/|https://clevelandinternationalhalloffame.com/svetlana-stolyarova/,Original CIHOF source text names both people; review the page context before labeling a relationship.,candidate-only
relationship-context-review,abby-mina-2018,Abby Mina,person,pierre-bejjani-2023,Pierre Bejjani,related_event,Named in profile source,profile-mention-candidate,0.54,1,profile-name-mention,https://clevelandinternationalhalloffame.com/inductees-asia/abby-mina/,Original CIHOF source text names both people; review the page context before labeling a relationship.,candidate-only
relationship-context-review,ambassador-edward-f-crawford-2024,Ambassador Edward F. Crawford,person,sheila-murphy-crawford-2018,Sheila Murphy Crawford,related_event,Named in profile source,profile-mention-candidate,0.54,1,profile-name-mention,https://clevelandinternationalhalloffame.com/inductees/ambassador-edward-f-crawford/,Original CIHOF source text names both people; review the page context before labeling a relationship.,candidate-only
relationship-context-review,arnie-de-la-porte-2016-2016,Arnie de la Porte – 2016,person,ingrida-bublys-2019,Ingrida Bublys,related_event,Named in profile source,profile-mention-candidate,0.54,1,profile-name-mention,https://clevelandinternationalhalloffame.com/arnie-de-la-porte-2016/,Original CIHOF source text names both people; review the page context before labeling a relationship.,candidate-only
relationship-context-review,atul-mehta-2018,Atul Mehta,person,mona-alag-2017,Mona Alag,related_event,Named in profile source,profile-mention-candidate,0.54,1,profile-name-mention,https://clevelandinternationalhalloffame.com/inductees-asia/atul-mehta/,Original CIHOF source text names both people; review the page context before labeling a relationship.,candidate-only
relationship-context-review,atul-mehta-2018,Atul Mehta,person,paramjit-singh-2010,Paramjit Singh,related_event,Named in profile source,profile-mention-candidate,0.54,1,profile-name-mention,https://clevelandinternationalhalloffame.com/inductees-asia/atul-mehta/,Original CIHOF source text names both people; review the page context before labeling a relationship.,candidate-only
relationship-context-review,atul-mehta-2018,Atul Mehta,person,ken-kovach-2012,Ken Kovach,related_event,Named in profile source,profile-mention-candidate,0.54,1,profile-name-mention,https://clevelandinternationalhalloffame.com/inductees-asia/atul-mehta/,Original CIHOF source text names both people; review the page context before labeling a relationship.,candidate-only
relationship-context-review,basil-russo-2017,Basil Russo,person,bishop-anthony-pilla-2015,Bishop Anthony Pilla,related_event,Named in profile source,profile-mention-candidate,0.54,1,profile-name-mention,https://clevelandinternationalhalloffame.com/inductees-europe/basil-russo/,Original CIHOF source text names both people; review the page context before labeling a relationship.,candidate-only
relationship-context-review,berj-shakarian-2020,Berj Shakarian,person,wael-khoury-2017,Wael Khoury,related_event,Named in profile source,profile-mention-candidate,0.54,1,profile-name-mention,https://clevelandinternationalhalloffame.com/berj-shakarian/,Original CIHOF source text names both people; review the page context before labeling a relationship.,candidate-only
relationship-context-review,berj-shakarian-2020,Berj Shakarian,person,leo-weidenthal-2010,Leo Weidenthal,related_event,Named in profile source,profile-mention-candidate,0.54,1,profile-name-mention,https://clevelandinternationalhalloffame.com/berj-shakarian/,Original CIHOF source text names both people; review the page context before labeling a relationship.,candidate-only
relationship-context-review,bill-miller-2017,Bill Miller,person,august-pust-2010,August Pust,related_event,Named in profile source,profile-mention-candidate,0.54,1,profile-name-mention,https://clevelandinternationalhalloffame.com/inductees-europe/bill-miller/,Original CIHOF source text names both people; review the page context before labeling a relationship.,candidate-only
relationship-context-review,david-gilbert-2025,David Gilbert,person,ingrida-bublys-2019,Ingrida Bublys,related_event,Named in profile source,profile-mention-candidate,0.54,1,profile-name-mention,https://clevelandinternationalhalloffame.com/david-gilbert/,Original CIHOF source text names both people; review the page context before labeling a relationship.,candidate-only
relationship-context-review,dick-russ-2015,Dick Russ,person,tony-petkovsek-2011,Tony Petkovsek,related_event,Named in profile source,profile-mention-candidate,0.54,1,profile-name-mention,https://clevelandinternationalhalloffame.com/dick-russ-2015/,Original CIHOF source text names both people; review the page context before labeling a relationship.,candidate-only
relationship-context-review,dona-brady-2024,Dona Brady,person,michael-d-polensek-2023,Michael D. Polensek,related_event,Named in profile source,profile-mention-candidate,0.54,1,profile-name-mention,https://clevelandinternationalhalloffame.com/inductees/dona-brady/,Original CIHOF source text names both people; review the page context before labeling a relationship.,candidate-only
relationship-context-review,dr-jaya-shah-2012,Dr. Jaya Shah,person,mona-alag-2017,Mona Alag,related_event,Named in profile source,profile-mention-candidate,0.54,1,profile-name-mention,https://clevelandinternationalhalloffame.com/dr-jaya-shah-2012/,Original CIHOF source text names both people; review the page context before labeling a relationship.,candidate-only
relationship-context-review,erika-puussaar-2024,Erika Puussaar,person,pierre-bejjani-2023,Pierre Bejjani,related_event,Named in profile source,profile-mention-candidate,0.54,1,profile-name-mention,https://clevelandinternationalhalloffame.com/inductees/erika-puussaar/,Original CIHOF source text names both people; review the page context before labeling a relationship.,candidate-only
relationship-context-review,erika-puussaar-2024,Erika Puussaar,person,ingrida-bublys-2019,Ingrida Bublys,related_event,Named in profile source,profile-mention-candidate,0.54,1,profile-name-mention,https://clevelandinternationalhalloffame.com/inductees/erika-puussaar/,Original CIHOF source text names both people; review the page context before labeling a relationship.,candidate-only
relationship-context-review,erika-puussaar-2024,Erika Puussaar,person,irene-morrow-2010,Irene Morrow,related_event,Named in profile source,profile-mention-candidate,0.54,1,profile-name-mention,https://clevelandinternationalhalloffame.com/inductees/erika-puussaar/,Original CIHOF source text names both people; review the page context before labeling a relationship.,candidate-only
relationship-context-review,jim-craciun-2017,Jim Craciun,person,dick-pogue-2015,Dick Pogue,related_event,Named in profile source,profile-mention-candidate,0.54,1,profile-name-mention,https://clevelandinternationalhalloffame.com/inductees-europe/jim-craciun/,Original CIHOF source text names both people; review the page context before labeling a relationship.,candidate-only
relationship-context-review,johnny-k-wu-2024,Johnny K. Wu,person,margaret-w-wong-2010,Margaret W. Wong,related_event,Named in profile source,profile-mention-candidate,0.54,1,profile-name-mention,https://clevelandinternationalhalloffame.com/inductees/johnny-k-wu/,Original CIHOF source text names both people; review the page context before labeling a relationship.,candidate-only
relationship-context-review,johnny-k-wu-2024,Johnny K. Wu,person,aklilu-demessie-2026,Aklilu Demessie,related_event,Named in profile source,profile-mention-candidate,0.54,1,profile-name-mention,https://clevelandinternationalhalloffame.com/inductees/johnny-k-wu/,Original CIHOF source text names both people; review the page context before labeling a relationship.,candidate-only
relationship-context-review,joyce-mariani-2023,Joyce Mariani,person,mayor-frank-jackson-2025,Mayor Frank Jackson,related_event,Named in profile source,profile-mention-candidate,0.54,1,profile-name-mention,https://clevelandinternationalhalloffame.com/joyce-mariani/,Original CIHOF source text names both people; review the page context before labeling a relationship.,candidate-only
relationship-context-review,lucy-torres-2026,Lucy Torres,person,mayor-frank-jackson-2025,Mayor Frank Jackson,related_event,Named in profile source,profile-mention-candidate,0.54,1,profile-name-mention,https://clevelandinternationalhalloffame.com/lucy-torres/,Original CIHOF source text names both people; review the page context before labeling a relationship.,candidate-only
relationship-context-review,margaret-lynch-2020,Margaret Lynch,person,marilyn-madigan-2019,Marilyn Madigan,related_event,Named in profile source,profile-mention-candidate,0.54,1,profile-name-mention,https://clevelandinternationalhalloffame.com/margaret-lynch/,Original CIHOF source text names both people; review the page context before labeling a relationship.,candidate-only
relationship-context-review,margaret-lynch-2020,Margaret Lynch,person,ken-kovach-2012,Ken Kovach,related_event,Named in profile source,profile-mention-candidate,0.54,1,profile-name-mention,https://clevelandinternationalhalloffame.com/margaret-lynch/,Original CIHOF source text names both people; review the page context before labeling a relationship.,candidate-only
relationship-context-review,mayor-frank-jackson-2025,Mayor Frank Jackson,person,pierre-bejjani-2023,Pierre Bejjani,related_event,Named in profile source,profile-mention-candidate,0.54,1,profile-name-mention,https://clevelandinternationalhalloffame.com/mayor-frank-jackson/,Original CIHOF source text names both people; review the page context before labeling a relationship.,candidate-only
relationship-context-review,mayor-frank-jackson-2025,Mayor Frank Jackson,person,ingrida-bublys-2019,Ingrida Bublys,related_event,Named in profile source,profile-mention-candidate,0.54,1,profile-name-mention,https://clevelandinternationalhalloffame.com/mayor-frank-jackson/,Original CIHOF source text names both people; review the page context before labeling a relationship.,candidate-only
relationship-context-review,mayor-frank-jackson-2025,Mayor Frank Jackson,person,valarie-mccall-2020,Valarie McCall,related_event,Named in profile source,profile-mention-candidate,0.54,1,profile-name-mention,https://clevelandinternationalhalloffame.com/mayor-frank-jackson/,Original CIHOF source text names both people; review the page context before labeling a relationship.,candidate-only
relationship-context-review,mayor-frank-jackson-2025,Mayor Frank Jackson,person,dick-pogue-2015,Dick Pogue,related_event,Named in profile source,profile-mention-candidate,0.54,1,profile-name-mention,https://clevelandinternationalhalloffame.com/mayor-frank-jackson/,Original CIHOF source text names both people; review the page context before labeling a relationship.,candidate-only
relationship-context-review,michael-d-polensek-2023,Michael D. Polensek,person,august-pust-2010,August Pust,related_event,Named in profile source,profile-mention-candidate,0.54,1,profile-name-mention,https://clevelandinternationalhalloffame.com/michael-d-polensek/,Original CIHOF source text names both people; review the page context before labeling a relationship.,candidate-only
relationship-context-review,mona-alag-2017,Mona Alag,person,ramesh-shah-2020,Ramesh Shah,related_event,Named in profile source,profile-mention-candidate,0.54,1,profile-name-mention,https://clevelandinternationalhalloffame.com/inductees/mona-alag/,Original CIHOF source text names both people; review the page context before labeling a relationship.,candidate-only
relationship-context-review,ralph-perk-jr-2018,Ralph Perk Jr.,person,pierre-bejjani-2023,Pierre Bejjani,related_event,Named in profile source,profile-mention-candidate,0.54,1,profile-name-mention,https://clevelandinternationalhalloffame.com/inductees-europe/ralph-perk-jr/,Original CIHOF source text names both people; review the page context before labeling a relationship.,candidate-only
relationship-context-review,ralph-perk-jr-2018,Ralph Perk Jr.,person,sheila-murphy-crawford-2018,Sheila Murphy Crawford,related_event,Named in profile source,profile-mention-candidate,0.54,1,profile-name-mention,https://clevelandinternationalhalloffame.com/inductees-europe/ralph-perk-jr/,Original CIHOF source text names both people; review the page context before labeling a relationship.,candidate-only
relationship-context-review,ralph-perk-jr-2018,Ralph Perk Jr.,person,irene-morrow-2010,Irene Morrow,related_event,Named in profile source,profile-mention-candidate,0.54,1,profile-name-mention,https://clevelandinternationalhalloffame.com/inductees-europe/ralph-perk-jr/,Original CIHOF source text names both people; review the page context before labeling a relationship.,candidate-only
relationship-context-review,ralph-perk-jr-2018,Ralph Perk Jr.,person,ralph-j-perk-2011,Ralph J. Perk,related_event,Named in profile source,profile-mention-candidate,0.54,1,profile-name-mention,https://clevelandinternationalhalloffame.com/inductees-europe/ralph-perk-jr/,Original CIHOF source text names both people; review the page context before labeling a relationship.,candidate-only
relationship-context-review,rev-mikhail-mikhail-2016,Rev. Mikhail Mikhail,person,august-pust-2010,August Pust,related_event,Named in profile source,profile-mention-candidate,0.54,1,profile-name-mention,https://clevelandinternationalhalloffame.com/reverend-mikhail-mikhail-2016/,Original CIHOF source text names both people; review the page context before labeling a relationship.,candidate-only
relationship-context-review,samuel-h-miller-2013,Samuel H. Miller,person,albert-b-ratner-2011,Albert B. Ratner,related_event,Named in profile source,profile-mention-candidate,0.54,1,profile-name-mention,https://clevelandinternationalhalloffame.com/sam-miller-2013/,Original CIHOF source text names both people; review the page context before labeling a relationship.,candidate-only
relationship-context-review,samuel-h-miller-2013,Samuel H. Miller,person,nacy-panzica-2013,Nacy Panzica,related_event,Named in profile source,profile-mention-candidate,0.54,1,profile-name-mention,https://clevelandinternationalhalloffame.com/sam-miller-2013/,Original CIHOF source text names both people; review the page context before labeling a relationship.,candidate-only
relationship-context-review,sheila-murphy-crawford-2018,Sheila Murphy Crawford,person,irene-morrow-2010,Irene Morrow,related_event,Named in profile source,profile-mention-candidate,0.54,1,profile-name-mention,https://clevelandinternationalhalloffame.com/inductees-europe/sheila-murphy-crawford/,Original CIHOF source text names both people; review the page context before labeling a relationship.,candidate-only
relationship-context-review,sree-sreenath-2019,Sree Sreenath,person,ramesh-shah-2020,Ramesh Shah,related_event,Named in profile source,profile-mention-candidate,0.54,1,profile-name-mention,https://clevelandinternationalhalloffame.com/sree-sreenath/,Original CIHOF source text names both people; review the page context before labeling a relationship.,candidate-only
relationship-context-review,svetlana-stolyarova-2025,Svetlana Stolyarova,person,pierre-bejjani-2023,Pierre Bejjani,related_event,Named in profile source,profile-mention-candidate,0.54,1,profile-name-mention,https://clevelandinternationalhalloffame.com/svetlana-stolyarova/,Original CIHOF source text names both people; review the page context before labeling a relationship.,candidate-only
relationship-context-review,svetlana-stolyarova-2025,Svetlana Stolyarova,person,ingrida-bublys-2019,Ingrida Bublys,related_event,Named in profile source,profile-mention-candidate,0.54,1,profile-name-mention,https://clevelandinternationalhalloffame.com/svetlana-stolyarova/,Original CIHOF source text names both people; review the page context before labeling a relationship.,candidate-only
relationship-context-review,svetlana-stolyarova-2025,Svetlana Stolyarova,person,wael-khoury-2017,Wael Khoury,related_event,Named in profile source,profile-mention-candidate,0.54,1,profile-name-mention,https://clevelandinternationalhalloffame.com/svetlana-stolyarova/,Original CIHOF source text names both people; review the page context before labeling a relationship.,candidate-only
relationship-context-review,taras-szmagala-2022,Taras Szmagala,person,andy-fedynsky-2026,Andy Fedynsky,related_event,Named in profile source,profile-mention-candidate,0.54,1,profile-name-mention,https://clevelandinternationalhalloffame.com/taras-szmagala/,Original CIHOF source text names both people; review the page context before labeling a relationship.,candidate-only
relationship-context-review,wael-khoury-2017,Wael Khoury,person,pierre-bejjani-2023,Pierre Bejjani,related_event,Named in profile source,profile-mention-candidate,0.54,1,profile-name-mention,https://clevelandinternationalhalloffame.com/inductees-asia/wael-khoury/,Original CIHOF source text names both people; review the page context before labeling a relationship.,candidate-only
relationship-context-review,wael-khoury-2017,Wael Khoury,person,sam-kim-2017,Sam Kim,related_event,Named in profile source,profile-mention-candidate,0.54,1,profile-name-mention,https://clevelandinternationalhalloffame.com/inductees-asia/wael-khoury/,Original CIHOF source text names both people; review the page context before labeling a relationship.,candidate-only
relationship-context-review,sudarshan-sathe-2023,Sudarshan Sathe,person,alex-machaskee-2010,Alex Machaskee,same_class,Shared source page,shared-page-candidate,0.34,3,shared-source-page,https://clevelandinternationalhalloffame.com/2020-2022-induction-ceremony/|https://clevelandinternationalhalloffame.com/2023-induction-ceremony/|https://clevelandinternationalhalloffame.com/2023/04/cleveland-international-hall-of-fame-press-release/,Original CIHOF source page mentions both people; review before using as a public connection.,candidate-only
relationship-context-review,sudarshan-sathe-2023,Sudarshan Sathe,person,basil-russo-2017,Basil Russo,same_class,Shared source page,shared-page-candidate,0.34,3,shared-source-page,https://clevelandinternationalhalloffame.com/2023-induction-ceremony/|https://clevelandinternationalhalloffame.com/2023/04/cleveland-international-hall-of-fame-press-release/|https://clevelandinternationalhalloffame.com/induction-class-2017/,Original CIHOF source page mentions both people; review before using as a public connection.,candidate-only
relationship-context-review,alex-machaskee-2010,Alex Machaskee,person,basil-russo-2017,Basil Russo,same_class,Shared source page,shared-page-candidate,0.34,2,shared-source-page,https://clevelandinternationalhalloffame.com/2023-induction-ceremony/|https://clevelandinternationalhalloffame.com/2023/04/cleveland-international-hall-of-fame-press-release/,Original CIHOF source page mentions both people; review before using as a public connection.,candidate-only
relationship-context-review,alex-machaskee-2010,Alex Machaskee,person,margaret-w-wong-2010,Margaret W. Wong,same_class,Shared source page,shared-page-candidate,0.34,2,shared-source-page,https://clevelandinternationalhalloffame.com/2020-2022-induction-ceremony/|https://clevelandinternationalhalloffame.com/induction-class-2010/,Original CIHOF source page mentions both people; review before using as a public connection.,candidate-only
relationship-context-review,alex-machaskee-2010,Alex Machaskee,person,dick-russ-2015,Dick Russ,same_class,Shared source page,shared-page-candidate,0.34,2,shared-source-page,https://clevelandinternationalhalloffame.com/induction-class-2010/|https://clevelandinternationalhalloffame.com/induction-class-2012/,Original CIHOF source page mentions both people; review before using as a public connection.,candidate-only
relationship-context-review,atul-mehta-2018,Atul Mehta,person,sheila-murphy-crawford-2018,Sheila Murphy Crawford,same_class,Shared source page,shared-page-candidate,0.34,2,shared-source-page,https://clevelandinternationalhalloffame.com/2018-induction/|https://clevelandinternationalhalloffame.com/induction-class-2018/,Original CIHOF source page mentions both people; review before using as a public connection.,candidate-only
relationship-context-review,atul-mehta-2018,Atul Mehta,person,sister-alicia-alvarado-2018,Sister Alicia Alvarado,same_class,Shared source page,shared-page-candidate,0.34,2,shared-source-page,https://clevelandinternationalhalloffame.com/2018-induction/|https://clevelandinternationalhalloffame.com/induction-class-2018/,Original CIHOF source page mentions both people; review before using as a public connection.,candidate-only
relationship-context-review,bishop-anthony-pilla-2015,Bishop Anthony Pilla,person,dick-russ-2015,Dick Russ,same_class,Shared source page,shared-page-candidate,0.34,2,shared-source-page,https://clevelandinternationalhalloffame.com/2015/07/cleveland-international-hall-of-fame-at-givecamp/|https://clevelandinternationalhalloffame.com/induction-class-2015/,Original CIHOF source page mentions both people; review before using as a public connection.,candidate-only
relationship-context-review,dr-eugene-jordan-2024,Dr. Eugene Jordan,person,veronica-dahlberg-2024,Veronica Dahlberg,same_class,Shared source page,shared-page-candidate,0.34,2,shared-source-page,https://clevelandinternationalhalloffame.com/2024-inductions/|https://clevelandinternationalhalloffame.com/induction-event-info/,Original CIHOF source page mentions both people; review before using as a public connection.,candidate-only
relationship-context-review,dr-eugene-jordan-2024,Dr. Eugene Jordan,person,dona-brady-2024,Dona Brady,same_class,Shared source page,shared-page-candidate,0.34,2,shared-source-page,https://clevelandinternationalhalloffame.com/2024-inductions/|https://clevelandinternationalhalloffame.com/induction-event-info/,Original CIHOF source page mentions both people; review before using as a public connection.,candidate-only
relationship-context-review,erika-puussaar-2024,Erika Puussaar,person,dr-eugene-jordan-2024,Dr. Eugene Jordan,same_class,Shared source page,shared-page-candidate,0.34,2,shared-source-page,https://clevelandinternationalhalloffame.com/2024-inductions/|https://clevelandinternationalhalloffame.com/induction-event-info/,Original CIHOF source page mentions both people; review before using as a public connection.,candidate-only
relationship-context-review,erika-puussaar-2024,Erika Puussaar,person,veronica-dahlberg-2024,Veronica Dahlberg,same_class,Shared source page,shared-page-candidate,0.34,2,shared-source-page,https://clevelandinternationalhalloffame.com/2024-inductions/|https://clevelandinternationalhalloffame.com/induction-event-info/,Original CIHOF source page mentions both people; review before using as a public connection.,candidate-only
relationship-context-review,erika-puussaar-2024,Erika Puussaar,person,dona-brady-2024,Dona Brady,same_class,Shared source page,shared-page-candidate,0.34,2,shared-source-page,https://clevelandinternationalhalloffame.com/2024-inductions/|https://clevelandinternationalhalloffame.com/induction-event-info/,Original CIHOF source page mentions both people; review before using as a public connection.,candidate-only
relationship-context-review,georgine-welo-2023,Georgine Welo,person,basil-russo-2017,Basil Russo,same_class,Shared source page,shared-page-candidate,0.34,2,shared-source-page,https://clevelandinternationalhalloffame.com/2023-induction-ceremony/|https://clevelandinternationalhalloffame.com/2023/04/cleveland-international-hall-of-fame-press-release/,Original CIHOF source page mentions both people; review before using as a public connection.,candidate-only
relationship-context-review,joyce-mariani-2023,Joyce Mariani,person,sudarshan-sathe-2023,Sudarshan Sathe,same_class,Shared source page,shared-page-candidate,0.34,2,shared-source-page,https://clevelandinternationalhalloffame.com/2023-induction-ceremony/|https://clevelandinternationalhalloffame.com/2023/04/cleveland-international-hall-of-fame-press-release/,Original CIHOF source page mentions both people; review before using as a public connection.,candidate-only
relationship-context-review,joyce-mariani-2023,Joyce Mariani,person,georgine-welo-2023,Georgine Welo,same_class,Shared source page,shared-page-candidate,0.34,2,shared-source-page,https://clevelandinternationalhalloffame.com/2023-induction-ceremony/|https://clevelandinternationalhalloffame.com/2023/04/cleveland-international-hall-of-fame-press-release/,Original CIHOF source page mentions both people; review before using as a public connection.,candidate-only
relationship-context-review,joyce-mariani-2023,Joyce Mariani,person,alex-machaskee-2010,Alex Machaskee,same_class,Shared source page,shared-page-candidate,0.34,2,shared-source-page,https://clevelandinternationalhalloffame.com/2023-induction-ceremony/|https://clevelandinternationalhalloffame.com/2023/04/cleveland-international-hall-of-fame-press-release/,Original CIHOF source page mentions both people; review before using as a public connection.,candidate-only
relationship-context-review,mona-alag-2017,Mona Alag,person,august-pust-2010,August Pust,same_class,Shared source page,shared-page-candidate,0.34,2,shared-source-page,https://clevelandinternationalhalloffame.com/induction-class-2010/|https://clevelandinternationalhalloffame.com/induction-class-2017/,Original CIHOF source page mentions both people; review before using as a public connection.,candidate-only
relationship-context-review,paul-burik-2019,Paul Burik,person,alex-machaskee-2010,Alex Machaskee,same_class,Shared source page,shared-page-candidate,0.34,2,shared-source-page,https://clevelandinternationalhalloffame.com/2020-2022-induction-ceremony/|https://clevelandinternationalhalloffame.com/induction-class-2010/,Original CIHOF source page mentions both people; review before using as a public connection.,candidate-only
relationship-context-review,paul-burik-2019,Paul Burik,person,margaret-w-wong-2010,Margaret W. Wong,same_class,Shared source page,shared-page-candidate,0.34,2,shared-source-page,https://clevelandinternationalhalloffame.com/2020-2022-induction-ceremony/|https://clevelandinternationalhalloffame.com/induction-class-2010/,Original CIHOF source page mentions both people; review before using as a public connection.,candidate-only
relationship-context-review,pierre-bejjani-2023,Pierre Bejjani,person,joyce-mariani-2023,Joyce Mariani,same_class,Shared source page,shared-page-candidate,0.34,2,shared-source-page,https://clevelandinternationalhalloffame.com/2023-induction-ceremony/|https://clevelandinternationalhalloffame.com/2023/04/cleveland-international-hall-of-fame-press-release/,Original CIHOF source page mentions both people; review before using as a public connection.,candidate-only
relationship-context-review,pierre-bejjani-2023,Pierre Bejjani,person,sudarshan-sathe-2023,Sudarshan Sathe,same_class,Shared source page,shared-page-candidate,0.34,2,shared-source-page,https://clevelandinternationalhalloffame.com/2023-induction-ceremony/|https://clevelandinternationalhalloffame.com/2023/04/cleveland-international-hall-of-fame-press-release/,Original CIHOF source page mentions both people; review before using as a public connection.,candidate-only
relationship-context-review,pierre-bejjani-2023,Pierre Bejjani,person,georgine-welo-2023,Georgine Welo,same_class,Shared source page,shared-page-candidate,0.34,2,shared-source-page,https://clevelandinternationalhalloffame.com/2023-induction-ceremony/|https://clevelandinternationalhalloffame.com/2023/04/cleveland-international-hall-of-fame-press-release/,Original CIHOF source page mentions both people; review before using as a public connection.,candidate-only
relationship-context-review,pierre-bejjani-2023,Pierre Bejjani,person,alex-machaskee-2010,Alex Machaskee,same_class,Shared source page,shared-page-candidate,0.34,2,shared-source-page,https://clevelandinternationalhalloffame.com/2023-induction-ceremony/|https://clevelandinternationalhalloffame.com/2023/04/cleveland-international-hall-of-fame-press-release/,Original CIHOF source page mentions both people; review before using as a public connection.,candidate-only
relationship-context-review,pierre-bejjani-2023,Pierre Bejjani,person,basil-russo-2017,Basil Russo,same_class,Shared source page,shared-page-candidate,0.34,2,shared-source-page,https://clevelandinternationalhalloffame.com/2023-induction-ceremony/|https://clevelandinternationalhalloffame.com/2023/04/cleveland-international-hall-of-fame-press-release/,Original CIHOF source page mentions both people; review before using as a public connection.,candidate-only
relationship-context-review,ray-pianka-2018,Ray Pianka,person,atul-mehta-2018,Atul Mehta,same_class,Shared source page,shared-page-candidate,0.34,2,shared-source-page,https://clevelandinternationalhalloffame.com/2018-induction/|https://clevelandinternationalhalloffame.com/induction-class-2018/,Original CIHOF source page mentions both people; review before using as a public connection.,candidate-only
relationship-context-review,ray-pianka-2018,Ray Pianka,person,sister-alicia-alvarado-2018,Sister Alicia Alvarado,same_class,Shared source page,shared-page-candidate,0.34,2,shared-source-page,https://clevelandinternationalhalloffame.com/2018-induction/|https://clevelandinternationalhalloffame.com/induction-class-2018/,Original CIHOF source page mentions both people; review before using as a public connection.,candidate-only
relationship-context-review,steve-mulloy-2015,Steve Mulloy,person,bishop-anthony-pilla-2015,Bishop Anthony Pilla,same_class,Shared source page,shared-page-candidate,0.34,2,shared-source-page,https://clevelandinternationalhalloffame.com/2015/07/cleveland-international-hall-of-fame-at-givecamp/|https://clevelandinternationalhalloffame.com/induction-class-2015/,Original CIHOF source page mentions both people; review before using as a public connection.,candidate-only
relationship-context-review,steve-mulloy-2015,Steve Mulloy,person,dick-russ-2015,Dick Russ,same_class,Shared source page,shared-page-candidate,0.34,2,shared-source-page,https://clevelandinternationalhalloffame.com/2015/07/cleveland-international-hall-of-fame-at-givecamp/|https://clevelandinternationalhalloffame.com/induction-class-2015/,Original CIHOF source page mentions both people; review before using as a public connection.,candidate-only
relationship-context-review,sudarshan-sathe-2023,Sudarshan Sathe,person,georgine-welo-2023,Georgine Welo,same_class,Shared source page,shared-page-candidate,0.34,2,shared-source-page,https://clevelandinternationalhalloffame.com/2023-induction-ceremony/|https://clevelandinternationalhalloffame.com/2023/04/cleveland-international-hall-of-fame-press-release/,Original CIHOF source page mentions both people; review before using as a public connection.,candidate-only
relationship-context-review,valarie-mccall-2020,Valarie McCall,person,aklilu-demessie-2026,Aklilu Demessie,same_class,Shared source page,shared-page-candidate,0.34,2,shared-source-page,https://clevelandinternationalhalloffame.com/2020-2022-induction-ceremony/|https://clevelandinternationalhalloffame.com/2026-class-and-inductions/,Original CIHOF source page mentions both people; review before using as a public connection.,candidate-only
relationship-context-review,veronica-dahlberg-2024,Veronica Dahlberg,person,dona-brady-2024,Dona Brady,same_class,Shared source page,shared-page-candidate,0.34,2,shared-source-page,https://clevelandinternationalhalloffame.com/2024-inductions/|https://clevelandinternationalhalloffame.com/induction-event-info/,Original CIHOF source page mentions both people; review before using as a public connection.,candidate-only
relationship-context-review,aklilu-demessie-2026,Aklilu Demessie,person,andy-fedynsky-2026,Andy Fedynsky,same_class,Shared source page,shared-page-candidate,0.34,1,shared-source-page,https://clevelandinternationalhalloffame.com/2026-class-and-inductions/,Original CIHOF source page mentions both people; review before using as a public connection.,candidate-only
relationship-context-review,aklilu-demessie-2026,Aklilu Demessie,person,catherine-jorgensen-mccutcheon-2026,Catherine Jorgensen McCutcheon,same_class,Shared source page,shared-page-candidate,0.34,1,shared-source-page,https://clevelandinternationalhalloffame.com/2026-class-and-inductions/,Original CIHOF source page mentions both people; review before using as a public connection.,candidate-only
relationship-context-review,aklilu-demessie-2026,Aklilu Demessie,person,le-nguyen-2026,Le Nguyen,same_class,Shared source page,shared-page-candidate,0.34,1,shared-source-page,https://clevelandinternationalhalloffame.com/2026-class-and-inductions/,Original CIHOF source page mentions both people; review before using as a public connection.,candidate-only
relationship-context-review,aklilu-demessie-2026,Aklilu Demessie,person,lucy-torres-2026,Lucy Torres,same_class,Shared source page,shared-page-candidate,0.34,1,shared-source-page,https://clevelandinternationalhalloffame.com/2026-class-and-inductions/,Original CIHOF source page mentions both people; review before using as a public connection.,candidate-only
relationship-context-review,albert-b-ratner-2011,Albert B. Ratner,person,lucretia-stoica-2011,Lucretia Stoica,same_class,Shared source page,shared-page-candidate,0.34,1,shared-source-page,https://clevelandinternationalhalloffame.com/induction-class-2011/,Original CIHOF source page mentions both people; review before using as a public connection.,candidate-only
relationship-context-review,albert-b-ratner-2011,Albert B. Ratner,person,luis-martinez-2011,Luis Martinez,same_class,Shared source page,shared-page-candidate,0.34,1,shared-source-page,https://clevelandinternationalhalloffame.com/induction-class-2011/,Original CIHOF source page mentions both people; review before using as a public connection.,candidate-only
relationship-context-review,albert-b-ratner-2011,Albert B. Ratner,person,gerald-m-quinn-2011,Gerald M. Quinn,same_class,Shared source page,shared-page-candidate,0.34,1,shared-source-page,https://clevelandinternationalhalloffame.com/induction-class-2011/,Original CIHOF source page mentions both people; review before using as a public connection.,candidate-only
relationship-context-review,albert-b-ratner-2011,Albert B. Ratner,person,giahoa-ryan-2011,Giahoa Ryan,same_class,Shared source page,shared-page-candidate,0.34,1,shared-source-page,https://clevelandinternationalhalloffame.com/induction-class-2011/,Original CIHOF source page mentions both people; review before using as a public connection.,candidate-only
relationship-context-review,albert-b-ratner-2011,Albert B. Ratner,person,ken-kovach-2012,Ken Kovach,same_class,Shared source page,shared-page-candidate,0.34,1,shared-source-page,https://clevelandinternationalhalloffame.com/induction-class-2011/,Original CIHOF source page mentions both people; review before using as a public connection.,candidate-only
relationship-context-review,alex-machaskee-2010,Alex Machaskee,person,aklilu-demessie-2026,Aklilu Demessie,same_class,Shared source page,shared-page-candidate,0.34,1,shared-source-page,https://clevelandinternationalhalloffame.com/2020-2022-induction-ceremony/,Original CIHOF source page mentions both people; review before using as a public connection.,candidate-only
relationship-context-review,alex-machaskee-2010,Alex Machaskee,person,wael-khoury-2017,Wael Khoury,same_class,Shared source page,shared-page-candidate,0.34,1,shared-source-page,https://clevelandinternationalhalloffame.com/induction-class-2012/,Original CIHOF source page mentions both people; review before using as a public connection.,candidate-only
relationship-context-review,alex-machaskee-2010,Alex Machaskee,person,milton-maltz-2012,Milton Maltz,same_class,Shared source page,shared-page-candidate,0.34,1,shared-source-page,https://clevelandinternationalhalloffame.com/induction-class-2012/,Original CIHOF source page mentions both people; review before using as a public connection.,candidate-only
relationship-context-review,alex-machaskee-2010,Alex Machaskee,person,dr-jaya-shah-2012,Dr. Jaya Shah,same_class,Shared source page,shared-page-candidate,0.34,1,shared-source-page,https://clevelandinternationalhalloffame.com/induction-class-2012/,Original CIHOF source page mentions both people; review before using as a public connection.,candidate-only
relationship-context-review,alex-machaskee-2010,Alex Machaskee,person,ken-kovach-2012,Ken Kovach,same_class,Shared source page,shared-page-candidate,0.34,1,shared-source-page,https://clevelandinternationalhalloffame.com/induction-class-2012/,Original CIHOF source page mentions both people; review before using as a public connection.,candidate-only
relationship-context-review,alex-machaskee-2010,Alex Machaskee,person,vladimir-rus-2012,Vladimir Rus,same_class,Shared source page,shared-page-candidate,0.34,1,shared-source-page,https://clevelandinternationalhalloffame.com/induction-class-2012/,Original CIHOF source page mentions both people; review before using as a public connection.,candidate-only
relationship-context-review,alex-machaskee-2010,Alex Machaskee,person,jack-kahl-2016,Jack Kahl,same_class,Shared source page,shared-page-candidate,0.34,1,shared-source-page,https://clevelandinternationalhalloffame.com/induction-class-2012/,Original CIHOF source page mentions both people; review before using as a public connection.,candidate-only
relationship-context-review,alex-machaskee-2010,Alex Machaskee,person,irene-morrow-2010,Irene Morrow,same_class,Shared source page,shared-page-candidate,0.34,1,shared-source-page,https://clevelandinternationalhalloffame.com/induction-class-2010/,Original CIHOF source page mentions both people; review before using as a public connection.,candidate-only
relationship-context-review,alex-machaskee-2010,Alex Machaskee,person,mona-alag-2017,Mona Alag,same_class,Shared source page,shared-page-candidate,0.34,1,shared-source-page,https://clevelandinternationalhalloffame.com/induction-class-2010/,Original CIHOF source page mentions both people; review before using as a public connection.,candidate-only
relationship-context-review,alex-machaskee-2010,Alex Machaskee,person,paul-sciria-2010,Paul Sciria,same_class,Shared source page,shared-page-candidate,0.34,1,shared-source-page,https://clevelandinternationalhalloffame.com/induction-class-2010/,Original CIHOF source page mentions both people; review before using as a public connection.,candidate-only
relationship-context-review,alex-machaskee-2010,Alex Machaskee,person,dr-dieu-thuc-do-2010,Dr. Dieu Thuc Do,same_class,Shared source page,shared-page-candidate,0.34,1,shared-source-page,https://clevelandinternationalhalloffame.com/induction-class-2010/,Original CIHOF source page mentions both people; review before using as a public connection.,candidate-only
relationship-context-review,alex-machaskee-2010,Alex Machaskee,person,lonnie-mccauley-2010,Lonnie McCauley,same_class,Shared source page,shared-page-candidate,0.34,1,shared-source-page,https://clevelandinternationalhalloffame.com/induction-class-2010/,Original CIHOF source page mentions both people; review before using as a public connection.,candidate-only
relationship-context-review,alex-machaskee-2010,Alex Machaskee,person,august-pust-2010,August Pust,same_class,Shared source page,shared-page-candidate,0.34,1,shared-source-page,https://clevelandinternationalhalloffame.com/induction-class-2010/,Original CIHOF source page mentions both people; review before using as a public connection.,candidate-only
relationship-context-review,alex-machaskee-2010,Alex Machaskee,person,paramjit-singh-2010,Paramjit Singh,same_class,Shared source page,shared-page-candidate,0.34,1,shared-source-page,https://clevelandinternationalhalloffame.com/induction-class-2010/,Original CIHOF source page mentions both people; review before using as a public connection.,candidate-only
relationship-context-review,alex-machaskee-2010,Alex Machaskee,person,leo-weidenthal-2010,Leo Weidenthal,same_class,Shared source page,shared-page-candidate,0.34,1,shared-source-page,https://clevelandinternationalhalloffame.com/induction-class-2010/,Original CIHOF source page mentions both people; review before using as a public connection.,candidate-only
relationship-context-review,anda-cook-2022,Anda Cook,person,carl-robson-2022,Carl Robson,same_class,Shared source page,shared-page-candidate,0.34,1,shared-source-page,https://clevelandinternationalhalloffame.com/2020-2022-induction-ceremony/,Original CIHOF source page mentions both people; review before using as a public connection.,candidate-only
relationship-context-review,anda-cook-2022,Anda Cook,person,may-chen-2020,May Chen,same_class,Shared source page,shared-page-candidate,0.34,1,shared-source-page,https://clevelandinternationalhalloffame.com/2020-2022-induction-ceremony/,Original CIHOF source page mentions both people; review before using as a public connection.,candidate-only
relationship-context-review,anda-cook-2022,Anda Cook,person,victor-ruiz-2022,Victor Ruiz,same_class,Shared source page,shared-page-candidate,0.34,1,shared-source-page,https://clevelandinternationalhalloffame.com/2020-2022-induction-ceremony/,Original CIHOF source page mentions both people; review before using as a public connection.,candidate-only
relationship-context-review,anda-cook-2022,Anda Cook,person,taras-szmagala-2022,Taras Szmagala,same_class,Shared source page,shared-page-candidate,0.34,1,shared-source-page,https://clevelandinternationalhalloffame.com/2020-2022-induction-ceremony/,Original CIHOF source page mentions both people; review before using as a public connection.,candidate-only
relationship-context-review,anda-cook-2022,Anda Cook,person,margaret-lynch-2020,Margaret Lynch,same_class,Shared source page,shared-page-candidate,0.34,1,shared-source-page,https://clevelandinternationalhalloffame.com/2020-2022-induction-ceremony/,Original CIHOF source page mentions both people; review before using as a public connection.,candidate-only
relationship-context-review,anda-cook-2022,Anda Cook,person,ramesh-shah-2020,Ramesh Shah,same_class,Shared source page,shared-page-candidate,0.34,1,shared-source-page,https://clevelandinternationalhalloffame.com/2020-2022-induction-ceremony/,Original CIHOF source page mentions both people; review before using as a public connection.,candidate-only
relationship-context-review,anda-cook-2022,Anda Cook,person,berj-shakarian-2020,Berj Shakarian,same_class,Shared source page,shared-page-candidate,0.34,1,shared-source-page,https://clevelandinternationalhalloffame.com/2020-2022-induction-ceremony/,Original CIHOF source page mentions both people; review before using as a public connection.,candidate-only
relationship-context-review,anda-cook-2022,Anda Cook,person,alex-machaskee-2010,Alex Machaskee,same_class,Shared source page,shared-page-candidate,0.34,1,shared-source-page,https://clevelandinternationalhalloffame.com/2020-2022-induction-ceremony/,Original CIHOF source page mentions both people; review before using as a public connection.,candidate-only
relationship-context-review,anda-cook-2022,Anda Cook,person,margaret-w-wong-2010,Margaret W. Wong,same_class,Shared source page,shared-page-candidate,0.34,1,shared-source-page,https://clevelandinternationalhalloffame.com/2020-2022-induction-ceremony/,Original CIHOF source page mentions both people; review before using as a public connection.,candidate-only
relationship-context-review,anda-cook-2022,Anda Cook,person,aklilu-demessie-2026,Aklilu Demessie,same_class,Shared source page,shared-page-candidate,0.34,1,shared-source-page,https://clevelandinternationalhalloffame.com/2020-2022-induction-ceremony/,Original CIHOF source page mentions both people; review before using as a public connection.,candidate-only
relationship-context-review,andy-chakalis-2026,Andy Chakalis,person,aklilu-demessie-2026,Aklilu Demessie,same_class,Shared source page,shared-page-candidate,0.34,1,shared-source-page,https://clevelandinternationalhalloffame.com/2026-class-and-inductions/,Original CIHOF source page mentions both people; review before using as a public connection.,candidate-only
relationship-context-review,andy-chakalis-2026,Andy Chakalis,person,andy-fedynsky-2026,Andy Fedynsky,same_class,Shared source page,shared-page-candidate,0.34,1,shared-source-page,https://clevelandinternationalhalloffame.com/2026-class-and-inductions/,Original CIHOF source page mentions both people; review before using as a public connection.,candidate-only
relationship-context-review,andy-chakalis-2026,Andy Chakalis,person,catherine-jorgensen-mccutcheon-2026,Catherine Jorgensen McCutcheon,same_class,Shared source page,shared-page-candidate,0.34,1,shared-source-page,https://clevelandinternationalhalloffame.com/2026-class-and-inductions/,Original CIHOF source page mentions both people; review before using as a public connection.,candidate-only
relationship-context-review,andy-chakalis-2026,Andy Chakalis,person,le-nguyen-2026,Le Nguyen,same_class,Shared source page,shared-page-candidate,0.34,1,shared-source-page,https://clevelandinternationalhalloffame.com/2026-class-and-inductions/,Original CIHOF source page mentions both people; review before using as a public connection.,candidate-only
relationship-context-review,andy-chakalis-2026,Andy Chakalis,person,lucy-torres-2026,Lucy Torres,same_class,Shared source page,shared-page-candidate,0.34,1,shared-source-page,https://clevelandinternationalhalloffame.com/2026-class-and-inductions/,Original CIHOF source page mentions both people; review before using as a public connection.,candidate-only
relationship-context-review,andy-fedynsky-2026,Andy Fedynsky,person,catherine-jorgensen-mccutcheon-2026,Catherine Jorgensen McCutcheon,same_class,Shared source page,shared-page-candidate,0.34,1,shared-source-page,https://clevelandinternationalhalloffame.com/2026-class-and-inductions/,Original CIHOF source page mentions both people; review before using as a public connection.,candidate-only
relationship-context-review,andy-fedynsky-2026,Andy Fedynsky,person,le-nguyen-2026,Le Nguyen,same_class,Shared source page,shared-page-candidate,0.34,1,shared-source-page,https://clevelandinternationalhalloffame.com/2026-class-and-inductions/,Original CIHOF source page mentions both people; review before using as a public connection.,candidate-only
relationship-context-review,andy-fedynsky-2026,Andy Fedynsky,person,lucy-torres-2026,Lucy Torres,same_class,Shared source page,shared-page-candidate,0.34,1,shared-source-page,https://clevelandinternationalhalloffame.com/2026-class-and-inductions/,Original CIHOF source page mentions both people; review before using as a public connection.,candidate-only
relationship-context-review,august-pust-2010,August Pust,person,paramjit-singh-2010,Paramjit Singh,same_class,Shared source page,shared-page-candidate,0.34,1,shared-source-page,https://clevelandinternationalhalloffame.com/induction-class-2010/,Original CIHOF source page mentions both people; review before using as a public connection.,candidate-only
relationship-context-review,august-pust-2010,August Pust,person,leo-weidenthal-2010,Leo Weidenthal,same_class,Shared source page,shared-page-candidate,0.34,1,shared-source-page,https://clevelandinternationalhalloffame.com/induction-class-2010/,Original CIHOF source page mentions both people; review before using as a public connection.,candidate-only
relationship-context-review,august-pust-2010,August Pust,person,dick-russ-2015,Dick Russ,same_class,Shared source page,shared-page-candidate,0.34,1,shared-source-page,https://clevelandinternationalhalloffame.com/induction-class-2010/,Original CIHOF source page mentions both people; review before using as a public connection.,candidate-only
relationship-context-review,basil-russo-2017,Basil Russo,person,august-pust-2010,August Pust,same_class,Shared source page,shared-page-candidate,0.34,1,shared-source-page,https://clevelandinternationalhalloffame.com/induction-class-2017/,Original CIHOF source page mentions both people; review before using as a public connection.,candidate-only
relationship-context-review,berj-shakarian-2020,Berj Shakarian,person,alex-machaskee-2010,Alex Machaskee,same_class,Shared source page,shared-page-candidate,0.34,1,shared-source-page,https://clevelandinternationalhalloffame.com/2020-2022-induction-ceremony/,Original CIHOF source page mentions both people; review before using as a public connection.,candidate-only
relationship-context-review,berj-shakarian-2020,Berj Shakarian,person,margaret-w-wong-2010,Margaret W. Wong,same_class,Shared source page,shared-page-candidate,0.34,1,shared-source-page,https://clevelandinternationalhalloffame.com/2020-2022-induction-ceremony/,Original CIHOF source page mentions both people; review before using as a public connection.,candidate-only
relationship-context-review,berj-shakarian-2020,Berj Shakarian,person,aklilu-demessie-2026,Aklilu Demessie,same_class,Shared source page,shared-page-candidate,0.34,1,shared-source-page,https://clevelandinternationalhalloffame.com/2020-2022-induction-ceremony/,Original CIHOF source page mentions both people; review before using as a public connection.,candidate-only
relationship-context-review,beverly-kerecman-2025,Beverly Kerecman,person,branka-malinar-2025,Branka Malinar,same_class,Shared source page,shared-page-candidate,0.34,1,shared-source-page,https://clevelandinternationalhalloffame.com/2025-induction-ceremony/,Original CIHOF source page mentions both people; review before using as a public connection.,candidate-only
relationship-context-review,beverly-kerecman-2025,Beverly Kerecman,person,svetlana-stolyarova-2025,Svetlana Stolyarova,same_class,Shared source page,shared-page-candidate,0.34,1,shared-source-page,https://clevelandinternationalhalloffame.com/2025-induction-ceremony/,Original CIHOF source page mentions both people; review before using as a public connection.,candidate-only
relationship-context-review,bishop-a-edward-pevec-2013,Bishop A. Edward Pevec,person,nacy-panzica-2013,Nacy Panzica,same_class,Shared source page,shared-page-candidate,0.34,1,shared-source-page,https://clevelandinternationalhalloffame.com/induction-class-2013/,Original CIHOF source page mentions both people; review before using as a public connection.,candidate-only
relationship-context-review,bishop-anthony-pilla-2015,Bishop Anthony Pilla,person,honorable-jose-a-villanueva-2015,Honorable José A. Villanueva,same_class,Shared source page,shared-page-candidate,0.34,1,shared-source-page,https://clevelandinternationalhalloffame.com/2015/07/cleveland-international-hall-of-fame-at-givecamp/,Original CIHOF source page mentions both people; review before using as a public connection.,candidate-only
relationship-context-review,branka-malinar-2025,Branka Malinar,person,svetlana-stolyarova-2025,Svetlana Stolyarova,same_class,Shared source page,shared-page-candidate,0.34,1,shared-source-page,https://clevelandinternationalhalloffame.com/2025-induction-ceremony/,Original CIHOF source page mentions both people; review before using as a public connection.,candidate-only
relationship-context-review,carl-robson-2022,Carl Robson,person,may-chen-2020,May Chen,same_class,Shared source page,shared-page-candidate,0.34,1,shared-source-page,https://clevelandinternationalhalloffame.com/2020-2022-induction-ceremony/,Original CIHOF source page mentions both people; review before using as a public connection.,candidate-only
relationship-context-review,carl-robson-2022,Carl Robson,person,victor-ruiz-2022,Victor Ruiz,same_class,Shared source page,shared-page-candidate,0.34,1,shared-source-page,https://clevelandinternationalhalloffame.com/2020-2022-induction-ceremony/,Original CIHOF source page mentions both people; review before using as a public connection.,candidate-only
relationship-context-review,carl-robson-2022,Carl Robson,person,taras-szmagala-2022,Taras Szmagala,same_class,Shared source page,shared-page-candidate,0.34,1,shared-source-page,https://clevelandinternationalhalloffame.com/2020-2022-induction-ceremony/,Original CIHOF source page mentions both people; review before using as a public connection.,candidate-only
relationship-context-review,carl-robson-2022,Carl Robson,person,margaret-lynch-2020,Margaret Lynch,same_class,Shared source page,shared-page-candidate,0.34,1,shared-source-page,https://clevelandinternationalhalloffame.com/2020-2022-induction-ceremony/,Original CIHOF source page mentions both people; review before using as a public connection.,candidate-only
relationship-context-review,carl-robson-2022,Carl Robson,person,ramesh-shah-2020,Ramesh Shah,same_class,Shared source page,shared-page-candidate,0.34,1,shared-source-page,https://clevelandinternationalhalloffame.com/2020-2022-induction-ceremony/,Original CIHOF source page mentions both people; review before using as a public connection.,candidate-only
relationship-context-review,carl-robson-2022,Carl Robson,person,berj-shakarian-2020,Berj Shakarian,same_class,Shared source page,shared-page-candidate,0.34,1,shared-source-page,https://clevelandinternationalhalloffame.com/2020-2022-induction-ceremony/,Original CIHOF source page mentions both people; review before using as a public connection.,candidate-only
relationship-context-review,carl-robson-2022,Carl Robson,person,alex-machaskee-2010,Alex Machaskee,same_class,Shared source page,shared-page-candidate,0.34,1,shared-source-page,https://clevelandinternationalhalloffame.com/2020-2022-induction-ceremony/,Original CIHOF source page mentions both people; review before using as a public connection.,candidate-only
relationship-context-review,carl-robson-2022,Carl Robson,person,margaret-w-wong-2010,Margaret W. Wong,same_class,Shared source page,shared-page-candidate,0.34,1,shared-source-page,https://clevelandinternationalhalloffame.com/2020-2022-induction-ceremony/,Original CIHOF source page mentions both people; review before using as a public connection.,candidate-only
relationship-context-review,catherine-jorgensen-mccutcheon-2026,Catherine Jorgensen McCutcheon,person,le-nguyen-2026,Le Nguyen,same_class,Shared source page,shared-page-candidate,0.34,1,shared-source-page,https://clevelandinternationalhalloffame.com/2026-class-and-inductions/,Original CIHOF source page mentions both people; review before using as a public connection.,candidate-only
relationship-context-review,catherine-jorgensen-mccutcheon-2026,Catherine Jorgensen McCutcheon,person,lucy-torres-2026,Lucy Torres,same_class,Shared source page,shared-page-candidate,0.34,1,shared-source-page,https://clevelandinternationalhalloffame.com/2026-class-and-inductions/,Original CIHOF source page mentions both people; review before using as a public connection.,candidate-only
relationship-context-review,david-gilbert-2025,David Gilbert,person,beverly-kerecman-2025,Beverly Kerecman,same_class,Shared source page,shared-page-candidate,0.34,1,shared-source-page,https://clevelandinternationalhalloffame.com/2025-induction-ceremony/,Original CIHOF source page mentions both people; review before using as a public connection.,candidate-only
relationship-context-review,david-gilbert-2025,David Gilbert,person,branka-malinar-2025,Branka Malinar,same_class,Shared source page,shared-page-candidate,0.34,1,shared-source-page,https://clevelandinternationalhalloffame.com/2025-induction-ceremony/,Original CIHOF source page mentions both people; review before using as a public connection.,candidate-only
relationship-context-review,dick-pogue-2015,Dick Pogue,person,dick-russ-2015,Dick Russ,same_class,Shared source page,shared-page-candidate,0.34,1,shared-source-page,https://clevelandinternationalhalloffame.com/2015/07/cleveland-international-hall-of-fame-at-givecamp/,Original CIHOF source page mentions both people; review before using as a public connection.,candidate-only
relationship-context-review,dick-pogue-2015,Dick Pogue,person,honorable-jose-a-villanueva-2015,Honorable José A. Villanueva,same_class,Shared source page,shared-page-candidate,0.34,1,shared-source-page,https://clevelandinternationalhalloffame.com/2015/07/cleveland-international-hall-of-fame-at-givecamp/,Original CIHOF source page mentions both people; review before using as a public connection.,candidate-only
relationship-context-review,dick-russ-2015,Dick Russ,person,honorable-jose-a-villanueva-2015,Honorable José A. Villanueva,same_class,Shared source page,shared-page-candidate,0.34,1,shared-source-page,https://clevelandinternationalhalloffame.com/2015/07/cleveland-international-hall-of-fame-at-givecamp/,Original CIHOF source page mentions both people; review before using as a public connection.,candidate-only
relationship-context-review,dona-brady-2024,Dona Brady,person,johnny-k-wu-2024,Johnny K. Wu,same_class,Shared source page,shared-page-candidate,0.34,1,shared-source-page,https://clevelandinternationalhalloffame.com/2024-inductions/,Original CIHOF source page mentions both people; review before using as a public connection.,candidate-only
relationship-context-review,donna-hom-2014,Donna Hom,person,ernie-mihaly-2014,Ernie Mihaly,same_class,Shared source page,shared-page-candidate,0.34,1,shared-source-page,https://clevelandinternationalhalloffame.com/induction-class-2014/,Original CIHOF source page mentions both people; review before using as a public connection.,candidate-only
relationship-context-review,donna-hom-2014,Donna Hom,person,eugene-bak-2014,Eugene Bak,same_class,Shared source page,shared-page-candidate,0.34,1,shared-source-page,https://clevelandinternationalhalloffame.com/induction-class-2014/,Original CIHOF source page mentions both people; review before using as a public connection.,candidate-only
relationship-context-review,donna-hom-2014,Donna Hom,person,jim-foster-2014,Jim Foster,same_class,Shared source page,shared-page-candidate,0.34,1,shared-source-page,https://clevelandinternationalhalloffame.com/induction-class-2014/,Original CIHOF source page mentions both people; review before using as a public connection.,candidate-only
relationship-context-review,donna-hom-2014,Donna Hom,person,thomas-j-scanlon-2014,Thomas J. Scanlon,same_class,Shared source page,shared-page-candidate,0.34,1,shared-source-page,https://clevelandinternationalhalloffame.com/induction-class-2014/,Original CIHOF source page mentions both people; review before using as a public connection.,candidate-only
relationship-context-review,donna-hom-2014,Donna Hom,person,dick-pogue-2015,Dick Pogue,same_class,Shared source page,shared-page-candidate,0.34,1,shared-source-page,https://clevelandinternationalhalloffame.com/induction-class-2014/,Original CIHOF source page mentions both people; review before using as a public connection.,candidate-only
relationship-context-review,dr-dieu-thuc-do-2010,Dr. Dieu Thuc Do,person,lonnie-mccauley-2010,Lonnie McCauley,same_class,Shared source page,shared-page-candidate,0.34,1,shared-source-page,https://clevelandinternationalhalloffame.com/induction-class-2010/,Original CIHOF source page mentions both people; review before using as a public connection.,candidate-only
relationship-context-review,dr-dieu-thuc-do-2010,Dr. Dieu Thuc Do,person,august-pust-2010,August Pust,same_class,Shared source page,shared-page-candidate,0.34,1,shared-source-page,https://clevelandinternationalhalloffame.com/induction-class-2010/,Original CIHOF source page mentions both people; review before using as a public connection.,candidate-only
relationship-context-review,dr-dieu-thuc-do-2010,Dr. Dieu Thuc Do,person,paramjit-singh-2010,Paramjit Singh,same_class,Shared source page,shared-page-candidate,0.34,1,shared-source-page,https://clevelandinternationalhalloffame.com/induction-class-2010/,Original CIHOF source page mentions both people; review before using as a public connection.,candidate-only
relationship-context-review,dr-dieu-thuc-do-2010,Dr. Dieu Thuc Do,person,leo-weidenthal-2010,Leo Weidenthal,same_class,Shared source page,shared-page-candidate,0.34,1,shared-source-page,https://clevelandinternationalhalloffame.com/induction-class-2010/,Original CIHOF source page mentions both people; review before using as a public connection.,candidate-only
relationship-context-review,dr-dieu-thuc-do-2010,Dr. Dieu Thuc Do,person,dick-russ-2015,Dick Russ,same_class,Shared source page,shared-page-candidate,0.34,1,shared-source-page,https://clevelandinternationalhalloffame.com/induction-class-2010/,Original CIHOF source page mentions both people; review before using as a public connection.,candidate-only
relationship-context-review,dr-eugene-jordan-2024,Dr. Eugene Jordan,person,johnny-k-wu-2024,Johnny K. Wu,same_class,Shared source page,shared-page-candidate,0.34,1,shared-source-page,https://clevelandinternationalhalloffame.com/2024-inductions/,Original CIHOF source page mentions both people; review before using as a public connection.,candidate-only
relationship-context-review,dr-jaya-shah-2012,Dr. Jaya Shah,person,ken-kovach-2012,Ken Kovach,same_class,Shared source page,shared-page-candidate,0.34,1,shared-source-page,https://clevelandinternationalhalloffame.com/induction-class-2012/,Original CIHOF source page mentions both people; review before using as a public connection.,candidate-only
relationship-context-review,dr-jaya-shah-2012,Dr. Jaya Shah,person,vladimir-rus-2012,Vladimir Rus,same_class,Shared source page,shared-page-candidate,0.34,1,shared-source-page,https://clevelandinternationalhalloffame.com/induction-class-2012/,Original CIHOF source page mentions both people; review before using as a public connection.,candidate-only
relationship-context-review,dr-jaya-shah-2012,Dr. Jaya Shah,person,jack-kahl-2016,Jack Kahl,same_class,Shared source page,shared-page-candidate,0.34,1,shared-source-page,https://clevelandinternationalhalloffame.com/induction-class-2012/,Original CIHOF source page mentions both people; review before using as a public connection.,candidate-only
relationship-context-review,dr-jaya-shah-2012,Dr. Jaya Shah,person,dick-russ-2015,Dick Russ,same_class,Shared source page,shared-page-candidate,0.34,1,shared-source-page,https://clevelandinternationalhalloffame.com/induction-class-2012/,Original CIHOF source page mentions both people; review before using as a public connection.,candidate-only
relationship-context-review,dr-maria-pujana-2013,Dr. Maria Pujana,person,jack-kahl-2016,Jack Kahl,same_class,Shared source page,shared-page-candidate,0.34,1,shared-source-page,https://clevelandinternationalhalloffame.com/induction-class-2016/,Original CIHOF source page mentions both people; review before using as a public connection.,candidate-only
relationship-context-review,dr-maria-pujana-2013,Dr. Maria Pujana,person,rev-mikhail-mikhail-2016,Rev. Mikhail Mikhail,same_class,Shared source page,shared-page-candidate,0.34,1,shared-source-page,https://clevelandinternationalhalloffame.com/induction-class-2016/,Original CIHOF source page mentions both people; review before using as a public connection.,candidate-only
relationship-context-review,erika-puussaar-2024,Erika Puussaar,person,johnny-k-wu-2024,Johnny K. Wu,same_class,Shared source page,shared-page-candidate,0.34,1,shared-source-page,https://clevelandinternationalhalloffame.com/2024-inductions/,Original CIHOF source page mentions both people; review before using as a public connection.,candidate-only
relationship-context-review,ernie-mihaly-2014,Ernie Mihaly,person,eugene-bak-2014,Eugene Bak,same_class,Shared source page,shared-page-candidate,0.34,1,shared-source-page,https://clevelandinternationalhalloffame.com/induction-class-2014/,Original CIHOF source page mentions both people; review before using as a public connection.,candidate-only
relationship-context-review,ernie-mihaly-2014,Ernie Mihaly,person,jim-foster-2014,Jim Foster,same_class,Shared source page,shared-page-candidate,0.34,1,shared-source-page,https://clevelandinternationalhalloffame.com/induction-class-2014/,Original CIHOF source page mentions both people; review before using as a public connection.,candidate-only
relationship-context-review,ernie-mihaly-2014,Ernie Mihaly,person,thomas-j-scanlon-2014,Thomas J. Scanlon,same_class,Shared source page,shared-page-candidate,0.34,1,shared-source-page,https://clevelandinternationalhalloffame.com/induction-class-2014/,Original CIHOF source page mentions both people; review before using as a public connection.,candidate-only
relationship-context-review,ernie-mihaly-2014,Ernie Mihaly,person,dick-pogue-2015,Dick Pogue,same_class,Shared source page,shared-page-candidate,0.34,1,shared-source-page,https://clevelandinternationalhalloffame.com/induction-class-2014/,Original CIHOF source page mentions both people; review before using as a public connection.,candidate-only
relationship-context-review,eugene-bak-2014,Eugene Bak,person,jim-foster-2014,Jim Foster,same_class,Shared source page,shared-page-candidate,0.34,1,shared-source-page,https://clevelandinternationalhalloffame.com/induction-class-2014/,Original CIHOF source page mentions both people; review before using as a public connection.,candidate-only
relationship-context-review,eugene-bak-2014,Eugene Bak,person,thomas-j-scanlon-2014,Thomas J. Scanlon,same_class,Shared source page,shared-page-candidate,0.34,1,shared-source-page,https://clevelandinternationalhalloffame.com/induction-class-2014/,Original CIHOF source page mentions both people; review before using as a public connection.,candidate-only
relationship-context-review,eugene-bak-2014,Eugene Bak,person,dick-pogue-2015,Dick Pogue,same_class,Shared source page,shared-page-candidate,0.34,1,shared-source-page,https://clevelandinternationalhalloffame.com/induction-class-2014/,Original CIHOF source page mentions both people; review before using as a public connection.,candidate-only
relationship-context-review,gerald-m-quinn-2011,Gerald M. Quinn,person,giahoa-ryan-2011,Giahoa Ryan,same_class,Shared source page,shared-page-candidate,0.34,1,shared-source-page,https://clevelandinternationalhalloffame.com/induction-class-2011/,Original CIHOF source page mentions both people; review before using as a public connection.,candidate-only
relationship-context-review,gerald-m-quinn-2011,Gerald M. Quinn,person,ken-kovach-2012,Ken Kovach,same_class,Shared source page,shared-page-candidate,0.34,1,shared-source-page,https://clevelandinternationalhalloffame.com/induction-class-2011/,Original CIHOF source page mentions both people; review before using as a public connection.,candidate-only
relationship-context-review,giahoa-ryan-2011,Giahoa Ryan,person,ken-kovach-2012,Ken Kovach,same_class,Shared source page,shared-page-candidate,0.34,1,shared-source-page,https://clevelandinternationalhalloffame.com/induction-class-2011/,Original CIHOF source page mentions both people; review before using as a public connection.,candidate-only
relationship-context-review,ingrida-bublys-2019,Ingrida Bublys,person,mohan-bafna-2016,Mohan Bafna,same_class,Shared source page,shared-page-candidate,0.34,1,shared-source-page,https://clevelandinternationalhalloffame.com/induction-class-2016/,Original CIHOF source page mentions both people; review before using as a public connection.,candidate-only
relationship-context-review,ingrida-bublys-2019,Ingrida Bublys,person,dr-maria-pujana-2013,Dr. Maria Pujana,same_class,Shared source page,shared-page-candidate,0.34,1,shared-source-page,https://clevelandinternationalhalloffame.com/induction-class-2016/,Original CIHOF source page mentions both people; review before using as a public connection.,candidate-only
relationship-context-review,ingrida-bublys-2019,Ingrida Bublys,person,jack-kahl-2016,Jack Kahl,same_class,Shared source page,shared-page-candidate,0.34,1,shared-source-page,https://clevelandinternationalhalloffame.com/induction-class-2016/,Original CIHOF source page mentions both people; review before using as a public connection.,candidate-only
relationship-context-review,ingrida-bublys-2019,Ingrida Bublys,person,rev-mikhail-mikhail-2016,Rev. Mikhail Mikhail,same_class,Shared source page,shared-page-candidate,0.34,1,shared-source-page,https://clevelandinternationalhalloffame.com/induction-class-2016/,Original CIHOF source page mentions both people; review before using as a public connection.,candidate-only
relationship-context-review,ingrida-bublys-2019,Ingrida Bublys,person,paul-burik-2019,Paul Burik,same_class,Shared source page,shared-page-candidate,0.34,1,shared-source-page,https://clevelandinternationalhalloffame.com/induction-class-2010/,Original CIHOF source page mentions both people; review before using as a public connection.,candidate-only
relationship-context-review,ingrida-bublys-2019,Ingrida Bublys,person,irene-morrow-2010,Irene Morrow,same_class,Shared source page,shared-page-candidate,0.34,1,shared-source-page,https://clevelandinternationalhalloffame.com/induction-class-2010/,Original CIHOF source page mentions both people; review before using as a public connection.,candidate-only
relationship-context-review,ingrida-bublys-2019,Ingrida Bublys,person,mona-alag-2017,Mona Alag,same_class,Shared source page,shared-page-candidate,0.34,1,shared-source-page,https://clevelandinternationalhalloffame.com/induction-class-2010/,Original CIHOF source page mentions both people; review before using as a public connection.,candidate-only
relationship-context-review,ingrida-bublys-2019,Ingrida Bublys,person,paul-sciria-2010,Paul Sciria,same_class,Shared source page,shared-page-candidate,0.34,1,shared-source-page,https://clevelandinternationalhalloffame.com/induction-class-2010/,Original CIHOF source page mentions both people; review before using as a public connection.,candidate-only
relationship-context-review,ingrida-bublys-2019,Ingrida Bublys,person,margaret-w-wong-2010,Margaret W. Wong,same_class,Shared source page,shared-page-candidate,0.34,1,shared-source-page,https://clevelandinternationalhalloffame.com/induction-class-2010/,Original CIHOF source page mentions both people; review before using as a public connection.,candidate-only
relationship-context-review,ingrida-bublys-2019,Ingrida Bublys,person,dr-dieu-thuc-do-2010,Dr. Dieu Thuc Do,same_class,Shared source page,shared-page-candidate,0.34,1,shared-source-page,https://clevelandinternationalhalloffame.com/induction-class-2010/,Original CIHOF source page mentions both people; review before using as a public connection.,candidate-only
relationship-context-review,ingrida-bublys-2019,Ingrida Bublys,person,lonnie-mccauley-2010,Lonnie McCauley,same_class,Shared source page,shared-page-candidate,0.34,1,shared-source-page,https://clevelandinternationalhalloffame.com/induction-class-2010/,Original CIHOF source page mentions both people; review before using as a public connection.,candidate-only
relationship-context-review,ingrida-bublys-2019,Ingrida Bublys,person,august-pust-2010,August Pust,same_class,Shared source page,shared-page-candidate,0.34,1,shared-source-page,https://clevelandinternationalhalloffame.com/induction-class-2010/,Original CIHOF source page mentions both people; review before using as a public connection.,candidate-only
relationship-context-review,ingrida-bublys-2019,Ingrida Bublys,person,paramjit-singh-2010,Paramjit Singh,same_class,Shared source page,shared-page-candidate,0.34,1,shared-source-page,https://clevelandinternationalhalloffame.com/induction-class-2010/,Original CIHOF source page mentions both people; review before using as a public connection.,candidate-only
relationship-context-review,ingrida-bublys-2019,Ingrida Bublys,person,leo-weidenthal-2010,Leo Weidenthal,same_class,Shared source page,shared-page-candidate,0.34,1,shared-source-page,https://clevelandinternationalhalloffame.com/induction-class-2010/,Original CIHOF source page mentions both people; review before using as a public connection.,candidate-only
relationship-context-review,ingrida-bublys-2019,Ingrida Bublys,person,dick-russ-2015,Dick Russ,same_class,Shared source page,shared-page-candidate,0.34,1,shared-source-page,https://clevelandinternationalhalloffame.com/induction-class-2010/,Original CIHOF source page mentions both people; review before using as a public connection.,candidate-only
relationship-context-review,irene-morrow-2010,Irene Morrow,person,mona-alag-2017,Mona Alag,same_class,Shared source page,shared-page-candidate,0.34,1,shared-source-page,https://clevelandinternationalhalloffame.com/induction-class-2010/,Original CIHOF source page mentions both people; review before using as a public connection.,candidate-only
relationship-context-review,irene-morrow-2010,Irene Morrow,person,paul-sciria-2010,Paul Sciria,same_class,Shared source page,shared-page-candidate,0.34,1,shared-source-page,https://clevelandinternationalhalloffame.com/induction-class-2010/,Original CIHOF source page mentions both people; review before using as a public connection.,candidate-only
relationship-context-review,irene-morrow-2010,Irene Morrow,person,margaret-w-wong-2010,Margaret W. Wong,same_class,Shared source page,shared-page-candidate,0.34,1,shared-source-page,https://clevelandinternationalhalloffame.com/induction-class-2010/,Original CIHOF source page mentions both people; review before using as a public connection.,candidate-only
relationship-context-review,irene-morrow-2010,Irene Morrow,person,dr-dieu-thuc-do-2010,Dr. Dieu Thuc Do,same_class,Shared source page,shared-page-candidate,0.34,1,shared-source-page,https://clevelandinternationalhalloffame.com/induction-class-2010/,Original CIHOF source page mentions both people; review before using as a public connection.,candidate-only
relationship-context-review,irene-morrow-2010,Irene Morrow,person,lonnie-mccauley-2010,Lonnie McCauley,same_class,Shared source page,shared-page-candidate,0.34,1,shared-source-page,https://clevelandinternationalhalloffame.com/induction-class-2010/,Original CIHOF source page mentions both people; review before using as a public connection.,candidate-only
relationship-context-review,irene-morrow-2010,Irene Morrow,person,august-pust-2010,August Pust,same_class,Shared source page,shared-page-candidate,0.34,1,shared-source-page,https://clevelandinternationalhalloffame.com/induction-class-2010/,Original CIHOF source page mentions both people; review before using as a public connection.,candidate-only
relationship-context-review,irene-morrow-2010,Irene Morrow,person,paramjit-singh-2010,Paramjit Singh,same_class,Shared source page,shared-page-candidate,0.34,1,shared-source-page,https://clevelandinternationalhalloffame.com/induction-class-2010/,Original CIHOF source page mentions both people; review before using as a public connection.,candidate-only
relationship-context-review,irene-morrow-2010,Irene Morrow,person,leo-weidenthal-2010,Leo Weidenthal,same_class,Shared source page,shared-page-candidate,0.34,1,shared-source-page,https://clevelandinternationalhalloffame.com/induction-class-2010/,Original CIHOF source page mentions both people; review before using as a public connection.,candidate-only
relationship-context-review,irene-morrow-2010,Irene Morrow,person,dick-russ-2015,Dick Russ,same_class,Shared source page,shared-page-candidate,0.34,1,shared-source-page,https://clevelandinternationalhalloffame.com/induction-class-2010/,Original CIHOF source page mentions both people; review before using as a public connection.,candidate-only
relationship-context-review,jeanette-grasselli-brown-2010,Jeanette Grasselli Brown,person,robert-j-haas-2010,Robert J. Haas,same_class,Shared source page,shared-page-candidate,0.34,1,shared-source-page,https://clevelandinternationalhalloffame.com/induction-class-2010/,Original CIHOF source page mentions both people; review before using as a public connection.,candidate-only
relationship-context-review,jeanette-grasselli-brown-2010,Jeanette Grasselli Brown,person,pat-dowd-2023,Pat Dowd,same_class,Shared source page,shared-page-candidate,0.34,1,shared-source-page,https://clevelandinternationalhalloffame.com/induction-class-2010/,Original CIHOF source page mentions both people; review before using as a public connection.,candidate-only
relationship-context-review,jeanette-grasselli-brown-2010,Jeanette Grasselli Brown,person,ingrida-bublys-2019,Ingrida Bublys,same_class,Shared source page,shared-page-candidate,0.34,1,shared-source-page,https://clevelandinternationalhalloffame.com/induction-class-2010/,Original CIHOF source page mentions both people; review before using as a public connection.,candidate-only
relationship-context-review,jeanette-grasselli-brown-2010,Jeanette Grasselli Brown,person,paul-burik-2019,Paul Burik,same_class,Shared source page,shared-page-candidate,0.34,1,shared-source-page,https://clevelandinternationalhalloffame.com/induction-class-2010/,Original CIHOF source page mentions both people; review before using as a public connection.,candidate-only
relationship-context-review,jeanette-grasselli-brown-2010,Jeanette Grasselli Brown,person,alex-machaskee-2010,Alex Machaskee,same_class,Shared source page,shared-page-candidate,0.34,1,shared-source-page,https://clevelandinternationalhalloffame.com/induction-class-2010/,Original CIHOF source page mentions both people; review before using as a public connection.,candidate-only
relationship-context-review,jeanette-grasselli-brown-2010,Jeanette Grasselli Brown,person,irene-morrow-2010,Irene Morrow,same_class,Shared source page,shared-page-candidate,0.34,1,shared-source-page,https://clevelandinternationalhalloffame.com/induction-class-2010/,Original CIHOF source page mentions both people; review before using as a public connection.,candidate-only
relationship-context-review,jeanette-grasselli-brown-2010,Jeanette Grasselli Brown,person,mona-alag-2017,Mona Alag,same_class,Shared source page,shared-page-candidate,0.34,1,shared-source-page,https://clevelandinternationalhalloffame.com/induction-class-2010/,Original CIHOF source page mentions both people; review before using as a public connection.,candidate-only
relationship-context-review,jeanette-grasselli-brown-2010,Jeanette Grasselli Brown,person,paul-sciria-2010,Paul Sciria,same_class,Shared source page,shared-page-candidate,0.34,1,shared-source-page,https://clevelandinternationalhalloffame.com/induction-class-2010/,Original CIHOF source page mentions both people; review before using as a public connection.,candidate-only
relationship-context-review,jeanette-grasselli-brown-2010,Jeanette Grasselli Brown,person,margaret-w-wong-2010,Margaret W. Wong,same_class,Shared source page,shared-page-candidate,0.34,1,shared-source-page,https://clevelandinternationalhalloffame.com/induction-class-2010/,Original CIHOF source page mentions both people; review before using as a public connection.,candidate-only
relationship-context-review,jeanette-grasselli-brown-2010,Jeanette Grasselli Brown,person,dr-dieu-thuc-do-2010,Dr. Dieu Thuc Do,same_class,Shared source page,shared-page-candidate,0.34,1,shared-source-page,https://clevelandinternationalhalloffame.com/induction-class-2010/,Original CIHOF source page mentions both people; review before using as a public connection.,candidate-only
relationship-context-review,jeanette-grasselli-brown-2010,Jeanette Grasselli Brown,person,lonnie-mccauley-2010,Lonnie McCauley,same_class,Shared source page,shared-page-candidate,0.34,1,shared-source-page,https://clevelandinternationalhalloffame.com/induction-class-2010/,Original CIHOF source page mentions both people; review before using as a public connection.,candidate-only
relationship-context-review,jeanette-grasselli-brown-2010,Jeanette Grasselli Brown,person,august-pust-2010,August Pust,same_class,Shared source page,shared-page-candidate,0.34,1,shared-source-page,https://clevelandinternationalhalloffame.com/induction-class-2010/,Original CIHOF source page mentions both people; review before using as a public connection.,candidate-only
relationship-context-review,jeanette-grasselli-brown-2010,Jeanette Grasselli Brown,person,paramjit-singh-2010,Paramjit Singh,same_class,Shared source page,shared-page-candidate,0.34,1,shared-source-page,https://clevelandinternationalhalloffame.com/induction-class-2010/,Original CIHOF source page mentions both people; review before using as a public connection.,candidate-only
relationship-context-review,jeanette-grasselli-brown-2010,Jeanette Grasselli Brown,person,leo-weidenthal-2010,Leo Weidenthal,same_class,Shared source page,shared-page-candidate,0.34,1,shared-source-page,https://clevelandinternationalhalloffame.com/induction-class-2010/,Original CIHOF source page mentions both people; review before using as a public connection.,candidate-only
relationship-context-review,jeanette-grasselli-brown-2010,Jeanette Grasselli Brown,person,dick-russ-2015,Dick Russ,same_class,Shared source page,shared-page-candidate,0.34,1,shared-source-page,https://clevelandinternationalhalloffame.com/induction-class-2010/,Original CIHOF source page mentions both people; review before using as a public connection.,candidate-only
relationship-context-review,jim-craciun-2017,Jim Craciun,person,wael-khoury-2017,Wael Khoury,same_class,Shared source page,shared-page-candidate,0.34,1,shared-source-page,https://clevelandinternationalhalloffame.com/induction-class-2017/,Original CIHOF source page mentions both people; review before using as a public connection.,candidate-only
relationship-context-review,jim-craciun-2017,Jim Craciun,person,august-pust-2010,August Pust,same_class,Shared source page,shared-page-candidate,0.34,1,shared-source-page,https://clevelandinternationalhalloffame.com/induction-class-2017/,Original CIHOF source page mentions both people; review before using as a public connection.,candidate-only
relationship-context-review,jim-foster-2014,Jim Foster,person,thomas-j-scanlon-2014,Thomas J. Scanlon,same_class,Shared source page,shared-page-candidate,0.34,1,shared-source-page,https://clevelandinternationalhalloffame.com/induction-class-2014/,Original CIHOF source page mentions both people; review before using as a public connection.,candidate-only
relationship-context-review,jim-foster-2014,Jim Foster,person,dick-pogue-2015,Dick Pogue,same_class,Shared source page,shared-page-candidate,0.34,1,shared-source-page,https://clevelandinternationalhalloffame.com/induction-class-2014/,Original CIHOF source page mentions both people; review before using as a public connection.,candidate-only
relationship-context-review,joe-valencic-2020,Joe Valencic,person,anda-cook-2022,Anda Cook,same_class,Shared source page,shared-page-candidate,0.34,1,shared-source-page,https://clevelandinternationalhalloffame.com/2020-2022-induction-ceremony/,Original CIHOF source page mentions both people; review before using as a public connection.,candidate-only
relationship-context-review,joe-valencic-2020,Joe Valencic,person,carl-robson-2022,Carl Robson,same_class,Shared source page,shared-page-candidate,0.34,1,shared-source-page,https://clevelandinternationalhalloffame.com/2020-2022-induction-ceremony/,Original CIHOF source page mentions both people; review before using as a public connection.,candidate-only
relationship-context-review,joe-valencic-2020,Joe Valencic,person,may-chen-2020,May Chen,same_class,Shared source page,shared-page-candidate,0.34,1,shared-source-page,https://clevelandinternationalhalloffame.com/2020-2022-induction-ceremony/,Original CIHOF source page mentions both people; review before using as a public connection.,candidate-only
relationship-context-review,joe-valencic-2020,Joe Valencic,person,victor-ruiz-2022,Victor Ruiz,same_class,Shared source page,shared-page-candidate,0.34,1,shared-source-page,https://clevelandinternationalhalloffame.com/2020-2022-induction-ceremony/,Original CIHOF source page mentions both people; review before using as a public connection.,candidate-only
relationship-context-review,joe-valencic-2020,Joe Valencic,person,taras-szmagala-2022,Taras Szmagala,same_class,Shared source page,shared-page-candidate,0.34,1,shared-source-page,https://clevelandinternationalhalloffame.com/2020-2022-induction-ceremony/,Original CIHOF source page mentions both people; review before using as a public connection.,candidate-only
relationship-context-review,joe-valencic-2020,Joe Valencic,person,margaret-lynch-2020,Margaret Lynch,same_class,Shared source page,shared-page-candidate,0.34,1,shared-source-page,https://clevelandinternationalhalloffame.com/2020-2022-induction-ceremony/,Original CIHOF source page mentions both people; review before using as a public connection.,candidate-only
relationship-context-review,joe-valencic-2020,Joe Valencic,person,ramesh-shah-2020,Ramesh Shah,same_class,Shared source page,shared-page-candidate,0.34,1,shared-source-page,https://clevelandinternationalhalloffame.com/2020-2022-induction-ceremony/,Original CIHOF source page mentions both people; review before using as a public connection.,candidate-only
relationship-context-review,joe-valencic-2020,Joe Valencic,person,berj-shakarian-2020,Berj Shakarian,same_class,Shared source page,shared-page-candidate,0.34,1,shared-source-page,https://clevelandinternationalhalloffame.com/2020-2022-induction-ceremony/,Original CIHOF source page mentions both people; review before using as a public connection.,candidate-only
relationship-context-review,joe-valencic-2020,Joe Valencic,person,alex-machaskee-2010,Alex Machaskee,same_class,Shared source page,shared-page-candidate,0.34,1,shared-source-page,https://clevelandinternationalhalloffame.com/2020-2022-induction-ceremony/,Original CIHOF source page mentions both people; review before using as a public connection.,candidate-only
relationship-context-review,joe-valencic-2020,Joe Valencic,person,margaret-w-wong-2010,Margaret W. Wong,same_class,Shared source page,shared-page-candidate,0.34,1,shared-source-page,https://clevelandinternationalhalloffame.com/2020-2022-induction-ceremony/,Original CIHOF source page mentions both people; review before using as a public connection.,candidate-only
relationship-context-review,joe-valencic-2020,Joe Valencic,person,aklilu-demessie-2026,Aklilu Demessie,same_class,Shared source page,shared-page-candidate,0.34,1,shared-source-page,https://clevelandinternationalhalloffame.com/2020-2022-induction-ceremony/,Original CIHOF source page mentions both people; review before using as a public connection.,candidate-only
relationship-context-review,ken-kovach-2012,Ken Kovach,person,vladimir-rus-2012,Vladimir Rus,same_class,Shared source page,shared-page-candidate,0.34,1,shared-source-page,https://clevelandinternationalhalloffame.com/induction-class-2012/,Original CIHOF source page mentions both people; review before using as a public connection.,candidate-only
relationship-context-review,ken-kovach-2012,Ken Kovach,person,jack-kahl-2016,Jack Kahl,same_class,Shared source page,shared-page-candidate,0.34,1,shared-source-page,https://clevelandinternationalhalloffame.com/induction-class-2012/,Original CIHOF source page mentions both people; review before using as a public connection.,candidate-only
relationship-context-review,ken-kovach-2012,Ken Kovach,person,dick-russ-2015,Dick Russ,same_class,Shared source page,shared-page-candidate,0.34,1,shared-source-page,https://clevelandinternationalhalloffame.com/induction-class-2012/,Original CIHOF source page mentions both people; review before using as a public connection.,candidate-only
relationship-context-review,le-nguyen-2026,Le Nguyen,person,lucy-torres-2026,Lucy Torres,same_class,Shared source page,shared-page-candidate,0.34,1,shared-source-page,https://clevelandinternationalhalloffame.com/2026-class-and-inductions/,Original CIHOF source page mentions both people; review before using as a public connection.,candidate-only
relationship-context-review,leo-weidenthal-2010,Leo Weidenthal,person,dick-russ-2015,Dick Russ,same_class,Shared source page,shared-page-candidate,0.34,1,shared-source-page,https://clevelandinternationalhalloffame.com/induction-class-2010/,Original CIHOF source page mentions both people; review before using as a public connection.,candidate-only
relationship-context-review,lonnie-mccauley-2010,Lonnie McCauley,person,august-pust-2010,August Pust,same_class,Shared source page,shared-page-candidate,0.34,1,shared-source-page,https://clevelandinternationalhalloffame.com/induction-class-2010/,Original CIHOF source page mentions both people; review before using as a public connection.,candidate-only
relationship-context-review,lonnie-mccauley-2010,Lonnie McCauley,person,paramjit-singh-2010,Paramjit Singh,same_class,Shared source page,shared-page-candidate,0.34,1,shared-source-page,https://clevelandinternationalhalloffame.com/induction-class-2010/,Original CIHOF source page mentions both people; review before using as a public connection.,candidate-only
relationship-context-review,lonnie-mccauley-2010,Lonnie McCauley,person,leo-weidenthal-2010,Leo Weidenthal,same_class,Shared source page,shared-page-candidate,0.34,1,shared-source-page,https://clevelandinternationalhalloffame.com/induction-class-2010/,Original CIHOF source page mentions both people; review before using as a public connection.,candidate-only
relationship-context-review,lonnie-mccauley-2010,Lonnie McCauley,person,dick-russ-2015,Dick Russ,same_class,Shared source page,shared-page-candidate,0.34,1,shared-source-page,https://clevelandinternationalhalloffame.com/induction-class-2010/,Original CIHOF source page mentions both people; review before using as a public connection.,candidate-only
relationship-context-review,lucretia-stoica-2011,Lucretia Stoica,person,luis-martinez-2011,Luis Martinez,same_class,Shared source page,shared-page-candidate,0.34,1,shared-source-page,https://clevelandinternationalhalloffame.com/induction-class-2011/,Original CIHOF source page mentions both people; review before using as a public connection.,candidate-only
relationship-context-review,lucretia-stoica-2011,Lucretia Stoica,person,gerald-m-quinn-2011,Gerald M. Quinn,same_class,Shared source page,shared-page-candidate,0.34,1,shared-source-page,https://clevelandinternationalhalloffame.com/induction-class-2011/,Original CIHOF source page mentions both people; review before using as a public connection.,candidate-only
relationship-context-review,lucretia-stoica-2011,Lucretia Stoica,person,giahoa-ryan-2011,Giahoa Ryan,same_class,Shared source page,shared-page-candidate,0.34,1,shared-source-page,https://clevelandinternationalhalloffame.com/induction-class-2011/,Original CIHOF source page mentions both people; review before using as a public connection.,candidate-only
relationship-context-review,lucretia-stoica-2011,Lucretia Stoica,person,ken-kovach-2012,Ken Kovach,same_class,Shared source page,shared-page-candidate,0.34,1,shared-source-page,https://clevelandinternationalhalloffame.com/induction-class-2011/,Original CIHOF source page mentions both people; review before using as a public connection.,candidate-only
relationship-context-review,luis-martinez-2011,Luis Martinez,person,gerald-m-quinn-2011,Gerald M. Quinn,same_class,Shared source page,shared-page-candidate,0.34,1,shared-source-page,https://clevelandinternationalhalloffame.com/induction-class-2011/,Original CIHOF source page mentions both people; review before using as a public connection.,candidate-only
relationship-context-review,luis-martinez-2011,Luis Martinez,person,giahoa-ryan-2011,Giahoa Ryan,same_class,Shared source page,shared-page-candidate,0.34,1,shared-source-page,https://clevelandinternationalhalloffame.com/induction-class-2011/,Original CIHOF source page mentions both people; review before using as a public connection.,candidate-only
relationship-context-review,luis-martinez-2011,Luis Martinez,person,ken-kovach-2012,Ken Kovach,same_class,Shared source page,shared-page-candidate,0.34,1,shared-source-page,https://clevelandinternationalhalloffame.com/induction-class-2011/,Original CIHOF source page mentions both people; review before using as a public connection.,candidate-only
relationship-context-review,margaret-callander-2014,Margaret Callander,person,donna-hom-2014,Donna Hom,same_class,Shared source page,shared-page-candidate,0.34,1,shared-source-page,https://clevelandinternationalhalloffame.com/induction-class-2014/,Original CIHOF source page mentions both people; review before using as a public connection.,candidate-only
relationship-context-review,margaret-callander-2014,Margaret Callander,person,ernie-mihaly-2014,Ernie Mihaly,same_class,Shared source page,shared-page-candidate,0.34,1,shared-source-page,https://clevelandinternationalhalloffame.com/induction-class-2014/,Original CIHOF source page mentions both people; review before using as a public connection.,candidate-only
relationship-context-review,margaret-callander-2014,Margaret Callander,person,eugene-bak-2014,Eugene Bak,same_class,Shared source page,shared-page-candidate,0.34,1,shared-source-page,https://clevelandinternationalhalloffame.com/induction-class-2014/,Original CIHOF source page mentions both people; review before using as a public connection.,candidate-only
relationship-context-review,margaret-callander-2014,Margaret Callander,person,jim-foster-2014,Jim Foster,same_class,Shared source page,shared-page-candidate,0.34,1,shared-source-page,https://clevelandinternationalhalloffame.com/induction-class-2014/,Original CIHOF source page mentions both people; review before using as a public connection.,candidate-only
relationship-context-review,margaret-callander-2014,Margaret Callander,person,thomas-j-scanlon-2014,Thomas J. Scanlon,same_class,Shared source page,shared-page-candidate,0.34,1,shared-source-page,https://clevelandinternationalhalloffame.com/induction-class-2014/,Original CIHOF source page mentions both people; review before using as a public connection.,candidate-only
relationship-context-review,margaret-callander-2014,Margaret Callander,person,dick-pogue-2015,Dick Pogue,same_class,Shared source page,shared-page-candidate,0.34,1,shared-source-page,https://clevelandinternationalhalloffame.com/induction-class-2014/,Original CIHOF source page mentions both people; review before using as a public connection.,candidate-only
relationship-context-review,margaret-lynch-2020,Margaret Lynch,person,ramesh-shah-2020,Ramesh Shah,same_class,Shared source page,shared-page-candidate,0.34,1,shared-source-page,https://clevelandinternationalhalloffame.com/2020-2022-induction-ceremony/,Original CIHOF source page mentions both people; review before using as a public connection.,candidate-only
relationship-context-review,margaret-lynch-2020,Margaret Lynch,person,berj-shakarian-2020,Berj Shakarian,same_class,Shared source page,shared-page-candidate,0.34,1,shared-source-page,https://clevelandinternationalhalloffame.com/2020-2022-induction-ceremony/,Original CIHOF source page mentions both people; review before using as a public connection.,candidate-only
relationship-context-review,margaret-lynch-2020,Margaret Lynch,person,alex-machaskee-2010,Alex Machaskee,same_class,Shared source page,shared-page-candidate,0.34,1,shared-source-page,https://clevelandinternationalhalloffame.com/2020-2022-induction-ceremony/,Original CIHOF source page mentions both people; review before using as a public connection.,candidate-only
relationship-context-review,margaret-lynch-2020,Margaret Lynch,person,margaret-w-wong-2010,Margaret W. Wong,same_class,Shared source page,shared-page-candidate,0.34,1,shared-source-page,https://clevelandinternationalhalloffame.com/2020-2022-induction-ceremony/,Original CIHOF source page mentions both people; review before using as a public connection.,candidate-only
relationship-context-review,margaret-lynch-2020,Margaret Lynch,person,aklilu-demessie-2026,Aklilu Demessie,same_class,Shared source page,shared-page-candidate,0.34,1,shared-source-page,https://clevelandinternationalhalloffame.com/2020-2022-induction-ceremony/,Original CIHOF source page mentions both people; review before using as a public connection.,candidate-only
relationship-context-review,margaret-w-wong-2010,Margaret W. Wong,person,aklilu-demessie-2026,Aklilu Demessie,same_class,Shared source page,shared-page-candidate,0.34,1,shared-source-page,https://clevelandinternationalhalloffame.com/2020-2022-induction-ceremony/,Original CIHOF source page mentions both people; review before using as a public connection.,candidate-only
relationship-context-review,margaret-w-wong-2010,Margaret W. Wong,person,dr-dieu-thuc-do-2010,Dr. Dieu Thuc Do,same_class,Shared source page,shared-page-candidate,0.34,1,shared-source-page,https://clevelandinternationalhalloffame.com/induction-class-2010/,Original CIHOF source page mentions both people; review before using as a public connection.,candidate-only
relationship-context-review,margaret-w-wong-2010,Margaret W. Wong,person,lonnie-mccauley-2010,Lonnie McCauley,same_class,Shared source page,shared-page-candidate,0.34,1,shared-source-page,https://clevelandinternationalhalloffame.com/induction-class-2010/,Original CIHOF source page mentions both people; review before using as a public connection.,candidate-only
relationship-context-review,margaret-w-wong-2010,Margaret W. Wong,person,august-pust-2010,August Pust,same_class,Shared source page,shared-page-candidate,0.34,1,shared-source-page,https://clevelandinternationalhalloffame.com/induction-class-2010/,Original CIHOF source page mentions both people; review before using as a public connection.,candidate-only
relationship-context-review,margaret-w-wong-2010,Margaret W. Wong,person,paramjit-singh-2010,Paramjit Singh,same_class,Shared source page,shared-page-candidate,0.34,1,shared-source-page,https://clevelandinternationalhalloffame.com/induction-class-2010/,Original CIHOF source page mentions both people; review before using as a public connection.,candidate-only
relationship-context-review,margaret-w-wong-2010,Margaret W. Wong,person,leo-weidenthal-2010,Leo Weidenthal,same_class,Shared source page,shared-page-candidate,0.34,1,shared-source-page,https://clevelandinternationalhalloffame.com/induction-class-2010/,Original CIHOF source page mentions both people; review before using as a public connection.,candidate-only
relationship-context-review,margaret-w-wong-2010,Margaret W. Wong,person,dick-russ-2015,Dick Russ,same_class,Shared source page,shared-page-candidate,0.34,1,shared-source-page,https://clevelandinternationalhalloffame.com/induction-class-2010/,Original CIHOF source page mentions both people; review before using as a public connection.,candidate-only
relationship-context-review,may-chen-2020,May Chen,person,victor-ruiz-2022,Victor Ruiz,same_class,Shared source page,shared-page-candidate,0.34,1,shared-source-page,https://clevelandinternationalhalloffame.com/2020-2022-induction-ceremony/,Original CIHOF source page mentions both people; review before using as a public connection.,candidate-only
relationship-context-review,may-chen-2020,May Chen,person,taras-szmagala-2022,Taras Szmagala,same_class,Shared source page,shared-page-candidate,0.34,1,shared-source-page,https://clevelandinternationalhalloffame.com/2020-2022-induction-ceremony/,Original CIHOF source page mentions both people; review before using as a public connection.,candidate-only
relationship-context-review,may-chen-2020,May Chen,person,margaret-lynch-2020,Margaret Lynch,same_class,Shared source page,shared-page-candidate,0.34,1,shared-source-page,https://clevelandinternationalhalloffame.com/2020-2022-induction-ceremony/,Original CIHOF source page mentions both people; review before using as a public connection.,candidate-only
relationship-context-review,may-chen-2020,May Chen,person,ramesh-shah-2020,Ramesh Shah,same_class,Shared source page,shared-page-candidate,0.34,1,shared-source-page,https://clevelandinternationalhalloffame.com/2020-2022-induction-ceremony/,Original CIHOF source page mentions both people; review before using as a public connection.,candidate-only
relationship-context-review,may-chen-2020,May Chen,person,berj-shakarian-2020,Berj Shakarian,same_class,Shared source page,shared-page-candidate,0.34,1,shared-source-page,https://clevelandinternationalhalloffame.com/2020-2022-induction-ceremony/,Original CIHOF source page mentions both people; review before using as a public connection.,candidate-only
relationship-context-review,may-chen-2020,May Chen,person,alex-machaskee-2010,Alex Machaskee,same_class,Shared source page,shared-page-candidate,0.34,1,shared-source-page,https://clevelandinternationalhalloffame.com/2020-2022-induction-ceremony/,Original CIHOF source page mentions both people; review before using as a public connection.,candidate-only
relationship-context-review,may-chen-2020,May Chen,person,margaret-w-wong-2010,Margaret W. Wong,same_class,Shared source page,shared-page-candidate,0.34,1,shared-source-page,https://clevelandinternationalhalloffame.com/2020-2022-induction-ceremony/,Original CIHOF source page mentions both people; review before using as a public connection.,candidate-only
relationship-context-review,may-chen-2020,May Chen,person,aklilu-demessie-2026,Aklilu Demessie,same_class,Shared source page,shared-page-candidate,0.34,1,shared-source-page,https://clevelandinternationalhalloffame.com/2020-2022-induction-ceremony/,Original CIHOF source page mentions both people; review before using as a public connection.,candidate-only
relationship-context-review,milton-maltz-2012,Milton Maltz,person,dr-jaya-shah-2012,Dr. Jaya Shah,same_class,Shared source page,shared-page-candidate,0.34,1,shared-source-page,https://clevelandinternationalhalloffame.com/induction-class-2012/,Original CIHOF source page mentions both people; review before using as a public connection.,candidate-only
relationship-context-review,milton-maltz-2012,Milton Maltz,person,ken-kovach-2012,Ken Kovach,same_class,Shared source page,shared-page-candidate,0.34,1,shared-source-page,https://clevelandinternationalhalloffame.com/induction-class-2012/,Original CIHOF source page mentions both people; review before using as a public connection.,candidate-only
relationship-context-review,milton-maltz-2012,Milton Maltz,person,vladimir-rus-2012,Vladimir Rus,same_class,Shared source page,shared-page-candidate,0.34,1,shared-source-page,https://clevelandinternationalhalloffame.com/induction-class-2012/,Original CIHOF source page mentions both people; review before using as a public connection.,candidate-only
relationship-context-review,milton-maltz-2012,Milton Maltz,person,jack-kahl-2016,Jack Kahl,same_class,Shared source page,shared-page-candidate,0.34,1,shared-source-page,https://clevelandinternationalhalloffame.com/induction-class-2012/,Original CIHOF source page mentions both people; review before using as a public connection.,candidate-only
relationship-context-review,milton-maltz-2012,Milton Maltz,person,dick-russ-2015,Dick Russ,same_class,Shared source page,shared-page-candidate,0.34,1,shared-source-page,https://clevelandinternationalhalloffame.com/induction-class-2012/,Original CIHOF source page mentions both people; review before using as a public connection.,candidate-only
relationship-context-review,mohan-bafna-2016,Mohan Bafna,person,dr-maria-pujana-2013,Dr. Maria Pujana,same_class,Shared source page,shared-page-candidate,0.34,1,shared-source-page,https://clevelandinternationalhalloffame.com/induction-class-2016/,Original CIHOF source page mentions both people; review before using as a public connection.,candidate-only
relationship-context-review,mohan-bafna-2016,Mohan Bafna,person,jack-kahl-2016,Jack Kahl,same_class,Shared source page,shared-page-candidate,0.34,1,shared-source-page,https://clevelandinternationalhalloffame.com/induction-class-2016/,Original CIHOF source page mentions both people; review before using as a public connection.,candidate-only
relationship-context-review,mohan-bafna-2016,Mohan Bafna,person,rev-mikhail-mikhail-2016,Rev. Mikhail Mikhail,same_class,Shared source page,shared-page-candidate,0.34,1,shared-source-page,https://clevelandinternationalhalloffame.com/induction-class-2016/,Original CIHOF source page mentions both people; review before using as a public connection.,candidate-only
relationship-context-review,mona-alag-2017,Mona Alag,person,wael-khoury-2017,Wael Khoury,same_class,Shared source page,shared-page-candidate,0.34,1,shared-source-page,https://clevelandinternationalhalloffame.com/induction-class-2017/,Original CIHOF source page mentions both people; review before using as a public connection.,candidate-only
relationship-context-review,mona-alag-2017,Mona Alag,person,paul-sciria-2010,Paul Sciria,same_class,Shared source page,shared-page-candidate,0.34,1,shared-source-page,https://clevelandinternationalhalloffame.com/induction-class-2010/,Original CIHOF source page mentions both people; review before using as a public connection.,candidate-only
relationship-context-review,mona-alag-2017,Mona Alag,person,margaret-w-wong-2010,Margaret W. Wong,same_class,Shared source page,shared-page-candidate,0.34,1,shared-source-page,https://clevelandinternationalhalloffame.com/induction-class-2010/,Original CIHOF source page mentions both people; review before using as a public connection.,candidate-only
relationship-context-review,mona-alag-2017,Mona Alag,person,dr-dieu-thuc-do-2010,Dr. Dieu Thuc Do,same_class,Shared source page,shared-page-candidate,0.34,1,shared-source-page,https://clevelandinternationalhalloffame.com/induction-class-2010/,Original CIHOF source page mentions both people; review before using as a public connection.,candidate-only
relationship-context-review,mona-alag-2017,Mona Alag,person,lonnie-mccauley-2010,Lonnie McCauley,same_class,Shared source page,shared-page-candidate,0.34,1,shared-source-page,https://clevelandinternationalhalloffame.com/induction-class-2010/,Original CIHOF source page mentions both people; review before using as a public connection.,candidate-only
relationship-context-review,mona-alag-2017,Mona Alag,person,paramjit-singh-2010,Paramjit Singh,same_class,Shared source page,shared-page-candidate,0.34,1,shared-source-page,https://clevelandinternationalhalloffame.com/induction-class-2010/,Original CIHOF source page mentions both people; review before using as a public connection.,candidate-only
relationship-context-review,mona-alag-2017,Mona Alag,person,leo-weidenthal-2010,Leo Weidenthal,same_class,Shared source page,shared-page-candidate,0.34,1,shared-source-page,https://clevelandinternationalhalloffame.com/induction-class-2010/,Original CIHOF source page mentions both people; review before using as a public connection.,candidate-only
relationship-context-review,monte-ahuja-2014,Monte Ahuja,person,margaret-callander-2014,Margaret Callander,same_class,Shared source page,shared-page-candidate,0.34,1,shared-source-page,https://clevelandinternationalhalloffame.com/induction-class-2014/,Original CIHOF source page mentions both people; review before using as a public connection.,candidate-only
relationship-context-review,monte-ahuja-2014,Monte Ahuja,person,donna-hom-2014,Donna Hom,same_class,Shared source page,shared-page-candidate,0.34,1,shared-source-page,https://clevelandinternationalhalloffame.com/induction-class-2014/,Original CIHOF source page mentions both people; review before using as a public connection.,candidate-only
relationship-context-review,monte-ahuja-2014,Monte Ahuja,person,ernie-mihaly-2014,Ernie Mihaly,same_class,Shared source page,shared-page-candidate,0.34,1,shared-source-page,https://clevelandinternationalhalloffame.com/induction-class-2014/,Original CIHOF source page mentions both people; review before using as a public connection.,candidate-only
relationship-context-review,monte-ahuja-2014,Monte Ahuja,person,eugene-bak-2014,Eugene Bak,same_class,Shared source page,shared-page-candidate,0.34,1,shared-source-page,https://clevelandinternationalhalloffame.com/induction-class-2014/,Original CIHOF source page mentions both people; review before using as a public connection.,candidate-only
relationship-context-review,monte-ahuja-2014,Monte Ahuja,person,jim-foster-2014,Jim Foster,same_class,Shared source page,shared-page-candidate,0.34,1,shared-source-page,https://clevelandinternationalhalloffame.com/induction-class-2014/,Original CIHOF source page mentions both people; review before using as a public connection.,candidate-only
relationship-context-review,monte-ahuja-2014,Monte Ahuja,person,thomas-j-scanlon-2014,Thomas J. Scanlon,same_class,Shared source page,shared-page-candidate,0.34,1,shared-source-page,https://clevelandinternationalhalloffame.com/induction-class-2014/,Original CIHOF source page mentions both people; review before using as a public connection.,candidate-only
relationship-context-review,monte-ahuja-2014,Monte Ahuja,person,dick-pogue-2015,Dick Pogue,same_class,Shared source page,shared-page-candidate,0.34,1,shared-source-page,https://clevelandinternationalhalloffame.com/induction-class-2014/,Original CIHOF source page mentions both people; review before using as a public connection.,candidate-only
relationship-context-review,paramjit-singh-2010,Paramjit Singh,person,leo-weidenthal-2010,Leo Weidenthal,same_class,Shared source page,shared-page-candidate,0.34,1,shared-source-page,https://clevelandinternationalhalloffame.com/induction-class-2010/,Original CIHOF source page mentions both people; review before using as a public connection.,candidate-only
relationship-context-review,paramjit-singh-2010,Paramjit Singh,person,dick-russ-2015,Dick Russ,same_class,Shared source page,shared-page-candidate,0.34,1,shared-source-page,https://clevelandinternationalhalloffame.com/induction-class-2010/,Original CIHOF source page mentions both people; review before using as a public connection.,candidate-only
relationship-context-review,pat-dowd-2023,Pat Dowd,person,ingrida-bublys-2019,Ingrida Bublys,same_class,Shared source page,shared-page-candidate,0.34,1,shared-source-page,https://clevelandinternationalhalloffame.com/induction-class-2010/,Original CIHOF source page mentions both people; review before using as a public connection.,candidate-only
relationship-context-review,pat-dowd-2023,Pat Dowd,person,paul-burik-2019,Paul Burik,same_class,Shared source page,shared-page-candidate,0.34,1,shared-source-page,https://clevelandinternationalhalloffame.com/induction-class-2010/,Original CIHOF source page mentions both people; review before using as a public connection.,candidate-only
relationship-context-review,pat-dowd-2023,Pat Dowd,person,alex-machaskee-2010,Alex Machaskee,same_class,Shared source page,shared-page-candidate,0.34,1,shared-source-page,https://clevelandinternationalhalloffame.com/induction-class-2010/,Original CIHOF source page mentions both people; review before using as a public connection.,candidate-only
relationship-context-review,pat-dowd-2023,Pat Dowd,person,irene-morrow-2010,Irene Morrow,same_class,Shared source page,shared-page-candidate,0.34,1,shared-source-page,https://clevelandinternationalhalloffame.com/induction-class-2010/,Original CIHOF source page mentions both people; review before using as a public connection.,candidate-only
relationship-context-review,pat-dowd-2023,Pat Dowd,person,mona-alag-2017,Mona Alag,same_class,Shared source page,shared-page-candidate,0.34,1,shared-source-page,https://clevelandinternationalhalloffame.com/induction-class-2010/,Original CIHOF source page mentions both people; review before using as a public connection.,candidate-only
relationship-context-review,pat-dowd-2023,Pat Dowd,person,paul-sciria-2010,Paul Sciria,same_class,Shared source page,shared-page-candidate,0.34,1,shared-source-page,https://clevelandinternationalhalloffame.com/induction-class-2010/,Original CIHOF source page mentions both people; review before using as a public connection.,candidate-only
relationship-context-review,pat-dowd-2023,Pat Dowd,person,margaret-w-wong-2010,Margaret W. Wong,same_class,Shared source page,shared-page-candidate,0.34,1,shared-source-page,https://clevelandinternationalhalloffame.com/induction-class-2010/,Original CIHOF source page mentions both people; review before using as a public connection.,candidate-only
relationship-context-review,pat-dowd-2023,Pat Dowd,person,dr-dieu-thuc-do-2010,Dr. Dieu Thuc Do,same_class,Shared source page,shared-page-candidate,0.34,1,shared-source-page,https://clevelandinternationalhalloffame.com/induction-class-2010/,Original CIHOF source page mentions both people; review before using as a public connection.,candidate-only
relationship-context-review,pat-dowd-2023,Pat Dowd,person,lonnie-mccauley-2010,Lonnie McCauley,same_class,Shared source page,shared-page-candidate,0.34,1,shared-source-page,https://clevelandinternationalhalloffame.com/induction-class-2010/,Original CIHOF source page mentions both people; review before using as a public connection.,candidate-only
relationship-context-review,pat-dowd-2023,Pat Dowd,person,august-pust-2010,August Pust,same_class,Shared source page,shared-page-candidate,0.34,1,shared-source-page,https://clevelandinternationalhalloffame.com/induction-class-2010/,Original CIHOF source page mentions both people; review before using as a public connection.,candidate-only
relationship-context-review,pat-dowd-2023,Pat Dowd,person,paramjit-singh-2010,Paramjit Singh,same_class,Shared source page,shared-page-candidate,0.34,1,shared-source-page,https://clevelandinternationalhalloffame.com/induction-class-2010/,Original CIHOF source page mentions both people; review before using as a public connection.,candidate-only
relationship-context-review,pat-dowd-2023,Pat Dowd,person,leo-weidenthal-2010,Leo Weidenthal,same_class,Shared source page,shared-page-candidate,0.34,1,shared-source-page,https://clevelandinternationalhalloffame.com/induction-class-2010/,Original CIHOF source page mentions both people; review before using as a public connection.,candidate-only
relationship-context-review,pat-dowd-2023,Pat Dowd,person,dick-russ-2015,Dick Russ,same_class,Shared source page,shared-page-candidate,0.34,1,shared-source-page,https://clevelandinternationalhalloffame.com/induction-class-2010/,Original CIHOF source page mentions both people; review before using as a public connection.,candidate-only
relationship-context-review,paul-burik-2019,Paul Burik,person,valarie-mccall-2020,Valarie McCall,same_class,Shared source page,shared-page-candidate,0.34,1,shared-source-page,https://clevelandinternationalhalloffame.com/2020-2022-induction-ceremony/,Original CIHOF source page mentions both people; review before using as a public connection.,candidate-only
relationship-context-review,paul-burik-2019,Paul Burik,person,joe-valencic-2020,Joe Valencic,same_class,Shared source page,shared-page-candidate,0.34,1,shared-source-page,https://clevelandinternationalhalloffame.com/2020-2022-induction-ceremony/,Original CIHOF source page mentions both people; review before using as a public connection.,candidate-only
relationship-context-review,paul-burik-2019,Paul Burik,person,anda-cook-2022,Anda Cook,same_class,Shared source page,shared-page-candidate,0.34,1,shared-source-page,https://clevelandinternationalhalloffame.com/2020-2022-induction-ceremony/,Original CIHOF source page mentions both people; review before using as a public connection.,candidate-only
relationship-context-review,paul-burik-2019,Paul Burik,person,carl-robson-2022,Carl Robson,same_class,Shared source page,shared-page-candidate,0.34,1,shared-source-page,https://clevelandinternationalhalloffame.com/2020-2022-induction-ceremony/,Original CIHOF source page mentions both people; review before using as a public connection.,candidate-only
relationship-context-review,paul-burik-2019,Paul Burik,person,may-chen-2020,May Chen,same_class,Shared source page,shared-page-candidate,0.34,1,shared-source-page,https://clevelandinternationalhalloffame.com/2020-2022-induction-ceremony/,Original CIHOF source page mentions both people; review before using as a public connection.,candidate-only
relationship-context-review,paul-burik-2019,Paul Burik,person,victor-ruiz-2022,Victor Ruiz,same_class,Shared source page,shared-page-candidate,0.34,1,shared-source-page,https://clevelandinternationalhalloffame.com/2020-2022-induction-ceremony/,Original CIHOF source page mentions both people; review before using as a public connection.,candidate-only
relationship-context-review,paul-burik-2019,Paul Burik,person,taras-szmagala-2022,Taras Szmagala,same_class,Shared source page,shared-page-candidate,0.34,1,shared-source-page,https://clevelandinternationalhalloffame.com/2020-2022-induction-ceremony/,Original CIHOF source page mentions both people; review before using as a public connection.,candidate-only
relationship-context-review,paul-burik-2019,Paul Burik,person,margaret-lynch-2020,Margaret Lynch,same_class,Shared source page,shared-page-candidate,0.34,1,shared-source-page,https://clevelandinternationalhalloffame.com/2020-2022-induction-ceremony/,Original CIHOF source page mentions both people; review before using as a public connection.,candidate-only
relationship-context-review,paul-burik-2019,Paul Burik,person,ramesh-shah-2020,Ramesh Shah,same_class,Shared source page,shared-page-candidate,0.34,1,shared-source-page,https://clevelandinternationalhalloffame.com/2020-2022-induction-ceremony/,Original CIHOF source page mentions both people; review before using as a public connection.,candidate-only
relationship-context-review,paul-burik-2019,Paul Burik,person,aklilu-demessie-2026,Aklilu Demessie,same_class,Shared source page,shared-page-candidate,0.34,1,shared-source-page,https://clevelandinternationalhalloffame.com/2020-2022-induction-ceremony/,Original CIHOF source page mentions both people; review before using as a public connection.,candidate-only
relationship-context-review,paul-burik-2019,Paul Burik,person,irene-morrow-2010,Irene Morrow,same_class,Shared source page,shared-page-candidate,0.34,1,shared-source-page,https://clevelandinternationalhalloffame.com/induction-class-2010/,Original CIHOF source page mentions both people; review before using as a public connection.,candidate-only
relationship-context-review,paul-burik-2019,Paul Burik,person,mona-alag-2017,Mona Alag,same_class,Shared source page,shared-page-candidate,0.34,1,shared-source-page,https://clevelandinternationalhalloffame.com/induction-class-2010/,Original CIHOF source page mentions both people; review before using as a public connection.,candidate-only
relationship-context-review,paul-burik-2019,Paul Burik,person,paul-sciria-2010,Paul Sciria,same_class,Shared source page,shared-page-candidate,0.34,1,shared-source-page,https://clevelandinternationalhalloffame.com/induction-class-2010/,Original CIHOF source page mentions both people; review before using as a public connection.,candidate-only
relationship-context-review,paul-burik-2019,Paul Burik,person,dr-dieu-thuc-do-2010,Dr. Dieu Thuc Do,same_class,Shared source page,shared-page-candidate,0.34,1,shared-source-page,https://clevelandinternationalhalloffame.com/induction-class-2010/,Original CIHOF source page mentions both people; review before using as a public connection.,candidate-only
relationship-context-review,paul-burik-2019,Paul Burik,person,lonnie-mccauley-2010,Lonnie McCauley,same_class,Shared source page,shared-page-candidate,0.34,1,shared-source-page,https://clevelandinternationalhalloffame.com/induction-class-2010/,Original CIHOF source page mentions both people; review before using as a public connection.,candidate-only
relationship-context-review,paul-burik-2019,Paul Burik,person,august-pust-2010,August Pust,same_class,Shared source page,shared-page-candidate,0.34,1,shared-source-page,https://clevelandinternationalhalloffame.com/induction-class-2010/,Original CIHOF source page mentions both people; review before using as a public connection.,candidate-only
relationship-context-review,paul-burik-2019,Paul Burik,person,paramjit-singh-2010,Paramjit Singh,same_class,Shared source page,shared-page-candidate,0.34,1,shared-source-page,https://clevelandinternationalhalloffame.com/induction-class-2010/,Original CIHOF source page mentions both people; review before using as a public connection.,candidate-only
relationship-context-review,paul-burik-2019,Paul Burik,person,leo-weidenthal-2010,Leo Weidenthal,same_class,Shared source page,shared-page-candidate,0.34,1,shared-source-page,https://clevelandinternationalhalloffame.com/induction-class-2010/,Original CIHOF source page mentions both people; review before using as a public connection.,candidate-only
relationship-context-review,paul-burik-2019,Paul Burik,person,dick-russ-2015,Dick Russ,same_class,Shared source page,shared-page-candidate,0.34,1,shared-source-page,https://clevelandinternationalhalloffame.com/induction-class-2010/,Original CIHOF source page mentions both people; review before using as a public connection.,candidate-only
relationship-context-review,paul-sciria-2010,Paul Sciria,person,margaret-w-wong-2010,Margaret W. Wong,same_class,Shared source page,shared-page-candidate,0.34,1,shared-source-page,https://clevelandinternationalhalloffame.com/induction-class-2010/,Original CIHOF source page mentions both people; review before using as a public connection.,candidate-only
relationship-context-review,paul-sciria-2010,Paul Sciria,person,dr-dieu-thuc-do-2010,Dr. Dieu Thuc Do,same_class,Shared source page,shared-page-candidate,0.34,1,shared-source-page,https://clevelandinternationalhalloffame.com/induction-class-2010/,Original CIHOF source page mentions both people; review before using as a public connection.,candidate-only
relationship-context-review,paul-sciria-2010,Paul Sciria,person,lonnie-mccauley-2010,Lonnie McCauley,same_class,Shared source page,shared-page-candidate,0.34,1,shared-source-page,https://clevelandinternationalhalloffame.com/induction-class-2010/,Original CIHOF source page mentions both people; review before using as a public connection.,candidate-only
relationship-context-review,paul-sciria-2010,Paul Sciria,person,august-pust-2010,August Pust,same_class,Shared source page,shared-page-candidate,0.34,1,shared-source-page,https://clevelandinternationalhalloffame.com/induction-class-2010/,Original CIHOF source page mentions both people; review before using as a public connection.,candidate-only
relationship-context-review,paul-sciria-2010,Paul Sciria,person,paramjit-singh-2010,Paramjit Singh,same_class,Shared source page,shared-page-candidate,0.34,1,shared-source-page,https://clevelandinternationalhalloffame.com/induction-class-2010/,Original CIHOF source page mentions both people; review before using as a public connection.,candidate-only
relationship-context-review,paul-sciria-2010,Paul Sciria,person,leo-weidenthal-2010,Leo Weidenthal,same_class,Shared source page,shared-page-candidate,0.34,1,shared-source-page,https://clevelandinternationalhalloffame.com/induction-class-2010/,Original CIHOF source page mentions both people; review before using as a public connection.,candidate-only
relationship-context-review,paul-sciria-2010,Paul Sciria,person,dick-russ-2015,Dick Russ,same_class,Shared source page,shared-page-candidate,0.34,1,shared-source-page,https://clevelandinternationalhalloffame.com/induction-class-2010/,Original CIHOF source page mentions both people; review before using as a public connection.,candidate-only
relationship-context-review,pierre-bejjani-2023,Pierre Bejjani,person,ray-pianka-2018,Ray Pianka,same_class,Shared source page,shared-page-candidate,0.34,1,shared-source-page,https://clevelandinternationalhalloffame.com/induction-class-2018/,Original CIHOF source page mentions both people; review before using as a public connection.,candidate-only
relationship-context-review,pierre-bejjani-2023,Pierre Bejjani,person,atul-mehta-2018,Atul Mehta,same_class,Shared source page,shared-page-candidate,0.34,1,shared-source-page,https://clevelandinternationalhalloffame.com/induction-class-2018/,Original CIHOF source page mentions both people; review before using as a public connection.,candidate-only
relationship-context-review,pierre-bejjani-2023,Pierre Bejjani,person,sheila-murphy-crawford-2018,Sheila Murphy Crawford,same_class,Shared source page,shared-page-candidate,0.34,1,shared-source-page,https://clevelandinternationalhalloffame.com/induction-class-2018/,Original CIHOF source page mentions both people; review before using as a public connection.,candidate-only
relationship-context-review,pierre-bejjani-2023,Pierre Bejjani,person,sister-alicia-alvarado-2018,Sister Alicia Alvarado,same_class,Shared source page,shared-page-candidate,0.34,1,shared-source-page,https://clevelandinternationalhalloffame.com/induction-class-2018/,Original CIHOF source page mentions both people; review before using as a public connection.,candidate-only
relationship-context-review,pierre-bejjani-2023,Pierre Bejjani,person,shiv-k-aggarwal-2015,Shiv K. Aggarwal,same_class,Shared source page,shared-page-candidate,0.34,1,shared-source-page,https://clevelandinternationalhalloffame.com/induction-class-2015/,Original CIHOF source page mentions both people; review before using as a public connection.,candidate-only
relationship-context-review,pierre-bejjani-2023,Pierre Bejjani,person,steve-mulloy-2015,Steve Mulloy,same_class,Shared source page,shared-page-candidate,0.34,1,shared-source-page,https://clevelandinternationalhalloffame.com/induction-class-2015/,Original CIHOF source page mentions both people; review before using as a public connection.,candidate-only
relationship-context-review,pierre-bejjani-2023,Pierre Bejjani,person,bishop-anthony-pilla-2015,Bishop Anthony Pilla,same_class,Shared source page,shared-page-candidate,0.34,1,shared-source-page,https://clevelandinternationalhalloffame.com/induction-class-2015/,Original CIHOF source page mentions both people; review before using as a public connection.,candidate-only
relationship-context-review,pierre-bejjani-2023,Pierre Bejjani,person,dick-russ-2015,Dick Russ,same_class,Shared source page,shared-page-candidate,0.34,1,shared-source-page,https://clevelandinternationalhalloffame.com/induction-class-2015/,Original CIHOF source page mentions both people; review before using as a public connection.,candidate-only
relationship-context-review,raj-aggarwal-2025,Raj Aggarwal,person,david-gilbert-2025,David Gilbert,same_class,Shared source page,shared-page-candidate,0.34,1,shared-source-page,https://clevelandinternationalhalloffame.com/2025-induction-ceremony/,Original CIHOF source page mentions both people; review before using as a public connection.,candidate-only
relationship-context-review,raj-aggarwal-2025,Raj Aggarwal,person,beverly-kerecman-2025,Beverly Kerecman,same_class,Shared source page,shared-page-candidate,0.34,1,shared-source-page,https://clevelandinternationalhalloffame.com/2025-induction-ceremony/,Original CIHOF source page mentions both people; review before using as a public connection.,candidate-only
relationship-context-review,ramesh-shah-2020,Ramesh Shah,person,berj-shakarian-2020,Berj Shakarian,same_class,Shared source page,shared-page-candidate,0.34,1,shared-source-page,https://clevelandinternationalhalloffame.com/2020-2022-induction-ceremony/,Original CIHOF source page mentions both people; review before using as a public connection.,candidate-only
relationship-context-review,ramesh-shah-2020,Ramesh Shah,person,alex-machaskee-2010,Alex Machaskee,same_class,Shared source page,shared-page-candidate,0.34,1,shared-source-page,https://clevelandinternationalhalloffame.com/2020-2022-induction-ceremony/,Original CIHOF source page mentions both people; review before using as a public connection.,candidate-only
relationship-context-review,ramesh-shah-2020,Ramesh Shah,person,margaret-w-wong-2010,Margaret W. Wong,same_class,Shared source page,shared-page-candidate,0.34,1,shared-source-page,https://clevelandinternationalhalloffame.com/2020-2022-induction-ceremony/,Original CIHOF source page mentions both people; review before using as a public connection.,candidate-only
relationship-context-review,ramesh-shah-2020,Ramesh Shah,person,aklilu-demessie-2026,Aklilu Demessie,same_class,Shared source page,shared-page-candidate,0.34,1,shared-source-page,https://clevelandinternationalhalloffame.com/2020-2022-induction-ceremony/,Original CIHOF source page mentions both people; review before using as a public connection.,candidate-only
relationship-context-review,richard-a-ganim-2015,Richard A. Ganim,person,steve-mulloy-2015,Steve Mulloy,same_class,Shared source page,shared-page-candidate,0.34,1,shared-source-page,https://clevelandinternationalhalloffame.com/induction-class-2015/,Original CIHOF source page mentions both people; review before using as a public connection.,candidate-only
relationship-context-review,richard-a-ganim-2015,Richard A. Ganim,person,bishop-anthony-pilla-2015,Bishop Anthony Pilla,same_class,Shared source page,shared-page-candidate,0.34,1,shared-source-page,https://clevelandinternationalhalloffame.com/induction-class-2015/,Original CIHOF source page mentions both people; review before using as a public connection.,candidate-only
relationship-context-review,richard-a-ganim-2015,Richard A. Ganim,person,dick-russ-2015,Dick Russ,same_class,Shared source page,shared-page-candidate,0.34,1,shared-source-page,https://clevelandinternationalhalloffame.com/induction-class-2015/,Original CIHOF source page mentions both people; review before using as a public connection.,candidate-only
relationship-context-review,richard-fleischman-2019,Richard Fleischman,person,monte-ahuja-2014,Monte Ahuja,same_class,Shared source page,shared-page-candidate,0.34,1,shared-source-page,https://clevelandinternationalhalloffame.com/induction-class-2014/,Original CIHOF source page mentions both people; review before using as a public connection.,candidate-only
relationship-context-review,richard-fleischman-2019,Richard Fleischman,person,margaret-callander-2014,Margaret Callander,same_class,Shared source page,shared-page-candidate,0.34,1,shared-source-page,https://clevelandinternationalhalloffame.com/induction-class-2014/,Original CIHOF source page mentions both people; review before using as a public connection.,candidate-only
relationship-context-review,richard-fleischman-2019,Richard Fleischman,person,donna-hom-2014,Donna Hom,same_class,Shared source page,shared-page-candidate,0.34,1,shared-source-page,https://clevelandinternationalhalloffame.com/induction-class-2014/,Original CIHOF source page mentions both people; review before using as a public connection.,candidate-only
relationship-context-review,richard-fleischman-2019,Richard Fleischman,person,eugene-bak-2014,Eugene Bak,same_class,Shared source page,shared-page-candidate,0.34,1,shared-source-page,https://clevelandinternationalhalloffame.com/induction-class-2014/,Original CIHOF source page mentions both people; review before using as a public connection.,candidate-only
relationship-context-review,richard-fleischman-2019,Richard Fleischman,person,jim-foster-2014,Jim Foster,same_class,Shared source page,shared-page-candidate,0.34,1,shared-source-page,https://clevelandinternationalhalloffame.com/induction-class-2014/,Original CIHOF source page mentions both people; review before using as a public connection.,candidate-only
relationship-context-review,richard-fleischman-2019,Richard Fleischman,person,thomas-j-scanlon-2014,Thomas J. Scanlon,same_class,Shared source page,shared-page-candidate,0.34,1,shared-source-page,https://clevelandinternationalhalloffame.com/induction-class-2014/,Original CIHOF source page mentions both people; review before using as a public connection.,candidate-only
relationship-context-review,richard-fleischman-2019,Richard Fleischman,person,dick-pogue-2015,Dick Pogue,same_class,Shared source page,shared-page-candidate,0.34,1,shared-source-page,https://clevelandinternationalhalloffame.com/induction-class-2014/,Original CIHOF source page mentions both people; review before using as a public connection.,candidate-only
relationship-context-review,robert-j-haas-2010,Robert J. Haas,person,pat-dowd-2023,Pat Dowd,same_class,Shared source page,shared-page-candidate,0.34,1,shared-source-page,https://clevelandinternationalhalloffame.com/induction-class-2010/,Original CIHOF source page mentions both people; review before using as a public connection.,candidate-only
relationship-context-review,robert-j-haas-2010,Robert J. Haas,person,ingrida-bublys-2019,Ingrida Bublys,same_class,Shared source page,shared-page-candidate,0.34,1,shared-source-page,https://clevelandinternationalhalloffame.com/induction-class-2010/,Original CIHOF source page mentions both people; review before using as a public connection.,candidate-only
relationship-context-review,robert-j-haas-2010,Robert J. Haas,person,paul-burik-2019,Paul Burik,same_class,Shared source page,shared-page-candidate,0.34,1,shared-source-page,https://clevelandinternationalhalloffame.com/induction-class-2010/,Original CIHOF source page mentions both people; review before using as a public connection.,candidate-only
relationship-context-review,robert-j-haas-2010,Robert J. Haas,person,alex-machaskee-2010,Alex Machaskee,same_class,Shared source page,shared-page-candidate,0.34,1,shared-source-page,https://clevelandinternationalhalloffame.com/induction-class-2010/,Original CIHOF source page mentions both people; review before using as a public connection.,candidate-only
relationship-context-review,robert-j-haas-2010,Robert J. Haas,person,irene-morrow-2010,Irene Morrow,same_class,Shared source page,shared-page-candidate,0.34,1,shared-source-page,https://clevelandinternationalhalloffame.com/induction-class-2010/,Original CIHOF source page mentions both people; review before using as a public connection.,candidate-only
relationship-context-review,robert-j-haas-2010,Robert J. Haas,person,mona-alag-2017,Mona Alag,same_class,Shared source page,shared-page-candidate,0.34,1,shared-source-page,https://clevelandinternationalhalloffame.com/induction-class-2010/,Original CIHOF source page mentions both people; review before using as a public connection.,candidate-only
relationship-context-review,robert-j-haas-2010,Robert J. Haas,person,paul-sciria-2010,Paul Sciria,same_class,Shared source page,shared-page-candidate,0.34,1,shared-source-page,https://clevelandinternationalhalloffame.com/induction-class-2010/,Original CIHOF source page mentions both people; review before using as a public connection.,candidate-only
relationship-context-review,robert-j-haas-2010,Robert J. Haas,person,margaret-w-wong-2010,Margaret W. Wong,same_class,Shared source page,shared-page-candidate,0.34,1,shared-source-page,https://clevelandinternationalhalloffame.com/induction-class-2010/,Original CIHOF source page mentions both people; review before using as a public connection.,candidate-only
relationship-context-review,robert-j-haas-2010,Robert J. Haas,person,dr-dieu-thuc-do-2010,Dr. Dieu Thuc Do,same_class,Shared source page,shared-page-candidate,0.34,1,shared-source-page,https://clevelandinternationalhalloffame.com/induction-class-2010/,Original CIHOF source page mentions both people; review before using as a public connection.,candidate-only
relationship-context-review,robert-j-haas-2010,Robert J. Haas,person,lonnie-mccauley-2010,Lonnie McCauley,same_class,Shared source page,shared-page-candidate,0.34,1,shared-source-page,https://clevelandinternationalhalloffame.com/induction-class-2010/,Original CIHOF source page mentions both people; review before using as a public connection.,candidate-only
relationship-context-review,robert-j-haas-2010,Robert J. Haas,person,august-pust-2010,August Pust,same_class,Shared source page,shared-page-candidate,0.34,1,shared-source-page,https://clevelandinternationalhalloffame.com/induction-class-2010/,Original CIHOF source page mentions both people; review before using as a public connection.,candidate-only
relationship-context-review,robert-j-haas-2010,Robert J. Haas,person,paramjit-singh-2010,Paramjit Singh,same_class,Shared source page,shared-page-candidate,0.34,1,shared-source-page,https://clevelandinternationalhalloffame.com/induction-class-2010/,Original CIHOF source page mentions both people; review before using as a public connection.,candidate-only
relationship-context-review,robert-j-haas-2010,Robert J. Haas,person,leo-weidenthal-2010,Leo Weidenthal,same_class,Shared source page,shared-page-candidate,0.34,1,shared-source-page,https://clevelandinternationalhalloffame.com/induction-class-2010/,Original CIHOF source page mentions both people; review before using as a public connection.,candidate-only
relationship-context-review,robert-j-haas-2010,Robert J. Haas,person,dick-russ-2015,Dick Russ,same_class,Shared source page,shared-page-candidate,0.34,1,shared-source-page,https://clevelandinternationalhalloffame.com/induction-class-2010/,Original CIHOF source page mentions both people; review before using as a public connection.,candidate-only
relationship-context-review,shiv-k-aggarwal-2015,Shiv K. Aggarwal,person,richard-a-ganim-2015,Richard A. Ganim,same_class,Shared source page,shared-page-candidate,0.34,1,shared-source-page,https://clevelandinternationalhalloffame.com/induction-class-2015/,Original CIHOF source page mentions both people; review before using as a public connection.,candidate-only
relationship-context-review,shiv-k-aggarwal-2015,Shiv K. Aggarwal,person,steve-mulloy-2015,Steve Mulloy,same_class,Shared source page,shared-page-candidate,0.34,1,shared-source-page,https://clevelandinternationalhalloffame.com/induction-class-2015/,Original CIHOF source page mentions both people; review before using as a public connection.,candidate-only
relationship-context-review,shiv-k-aggarwal-2015,Shiv K. Aggarwal,person,bishop-anthony-pilla-2015,Bishop Anthony Pilla,same_class,Shared source page,shared-page-candidate,0.34,1,shared-source-page,https://clevelandinternationalhalloffame.com/induction-class-2015/,Original CIHOF source page mentions both people; review before using as a public connection.,candidate-only
relationship-context-review,shiv-k-aggarwal-2015,Shiv K. Aggarwal,person,dick-russ-2015,Dick Russ,same_class,Shared source page,shared-page-candidate,0.34,1,shared-source-page,https://clevelandinternationalhalloffame.com/induction-class-2015/,Original CIHOF source page mentions both people; review before using as a public connection.,candidate-only
relationship-context-review,steve-mulloy-2015,Steve Mulloy,person,dick-pogue-2015,Dick Pogue,same_class,Shared source page,shared-page-candidate,0.34,1,shared-source-page,https://clevelandinternationalhalloffame.com/2015/07/cleveland-international-hall-of-fame-at-givecamp/,Original CIHOF source page mentions both people; review before using as a public connection.,candidate-only
relationship-context-review,steve-mulloy-2015,Steve Mulloy,person,honorable-jose-a-villanueva-2015,Honorable José A. Villanueva,same_class,Shared source page,shared-page-candidate,0.34,1,shared-source-page,https://clevelandinternationalhalloffame.com/2015/07/cleveland-international-hall-of-fame-at-givecamp/,Original CIHOF source page mentions both people; review before using as a public connection.,candidate-only
relationship-context-review,sudarshan-sathe-2023,Sudarshan Sathe,person,paul-burik-2019,Paul Burik,same_class,Shared source page,shared-page-candidate,0.34,1,shared-source-page,https://clevelandinternationalhalloffame.com/2020-2022-induction-ceremony/,Original CIHOF source page mentions both people; review before using as a public connection.,candidate-only
relationship-context-review,sudarshan-sathe-2023,Sudarshan Sathe,person,valarie-mccall-2020,Valarie McCall,same_class,Shared source page,shared-page-candidate,0.34,1,shared-source-page,https://clevelandinternationalhalloffame.com/2020-2022-induction-ceremony/,Original CIHOF source page mentions both people; review before using as a public connection.,candidate-only
relationship-context-review,sudarshan-sathe-2023,Sudarshan Sathe,person,joe-valencic-2020,Joe Valencic,same_class,Shared source page,shared-page-candidate,0.34,1,shared-source-page,https://clevelandinternationalhalloffame.com/2020-2022-induction-ceremony/,Original CIHOF source page mentions both people; review before using as a public connection.,candidate-only
relationship-context-review,sudarshan-sathe-2023,Sudarshan Sathe,person,anda-cook-2022,Anda Cook,same_class,Shared source page,shared-page-candidate,0.34,1,shared-source-page,https://clevelandinternationalhalloffame.com/2020-2022-induction-ceremony/,Original CIHOF source page mentions both people; review before using as a public connection.,candidate-only
relationship-context-review,sudarshan-sathe-2023,Sudarshan Sathe,person,carl-robson-2022,Carl Robson,same_class,Shared source page,shared-page-candidate,0.34,1,shared-source-page,https://clevelandinternationalhalloffame.com/2020-2022-induction-ceremony/,Original CIHOF source page mentions both people; review before using as a public connection.,candidate-only
relationship-context-review,sudarshan-sathe-2023,Sudarshan Sathe,person,may-chen-2020,May Chen,same_class,Shared source page,shared-page-candidate,0.34,1,shared-source-page,https://clevelandinternationalhalloffame.com/2020-2022-induction-ceremony/,Original CIHOF source page mentions both people; review before using as a public connection.,candidate-only
relationship-context-review,sudarshan-sathe-2023,Sudarshan Sathe,person,victor-ruiz-2022,Victor Ruiz,same_class,Shared source page,shared-page-candidate,0.34,1,shared-source-page,https://clevelandinternationalhalloffame.com/2020-2022-induction-ceremony/,Original CIHOF source page mentions both people; review before using as a public connection.,candidate-only
relationship-context-review,sudarshan-sathe-2023,Sudarshan Sathe,person,taras-szmagala-2022,Taras Szmagala,same_class,Shared source page,shared-page-candidate,0.34,1,shared-source-page,https://clevelandinternationalhalloffame.com/2020-2022-induction-ceremony/,Original CIHOF source page mentions both people; review before using as a public connection.,candidate-only
relationship-context-review,sudarshan-sathe-2023,Sudarshan Sathe,person,margaret-lynch-2020,Margaret Lynch,same_class,Shared source page,shared-page-candidate,0.34,1,shared-source-page,https://clevelandinternationalhalloffame.com/2020-2022-induction-ceremony/,Original CIHOF source page mentions both people; review before using as a public connection.,candidate-only
relationship-context-review,sudarshan-sathe-2023,Sudarshan Sathe,person,berj-shakarian-2020,Berj Shakarian,same_class,Shared source page,shared-page-candidate,0.34,1,shared-source-page,https://clevelandinternationalhalloffame.com/2020-2022-induction-ceremony/,Original CIHOF source page mentions both people; review before using as a public connection.,candidate-only
relationship-context-review,sudarshan-sathe-2023,Sudarshan Sathe,person,margaret-w-wong-2010,Margaret W. Wong,same_class,Shared source page,shared-page-candidate,0.34,1,shared-source-page,https://clevelandinternationalhalloffame.com/2020-2022-induction-ceremony/,Original CIHOF source page mentions both people; review before using as a public connection.,candidate-only
relationship-context-review,sudarshan-sathe-2023,Sudarshan Sathe,person,aklilu-demessie-2026,Aklilu Demessie,same_class,Shared source page,shared-page-candidate,0.34,1,shared-source-page,https://clevelandinternationalhalloffame.com/2020-2022-induction-ceremony/,Original CIHOF source page mentions both people; review before using as a public connection.,candidate-only
relationship-context-review,sudarshan-sathe-2023,Sudarshan Sathe,person,jim-craciun-2017,Jim Craciun,same_class,Shared source page,shared-page-candidate,0.34,1,shared-source-page,https://clevelandinternationalhalloffame.com/induction-class-2017/,Original CIHOF source page mentions both people; review before using as a public connection.,candidate-only
relationship-context-review,sudarshan-sathe-2023,Sudarshan Sathe,person,wael-khoury-2017,Wael Khoury,same_class,Shared source page,shared-page-candidate,0.34,1,shared-source-page,https://clevelandinternationalhalloffame.com/induction-class-2017/,Original CIHOF source page mentions both people; review before using as a public connection.,candidate-only
relationship-context-review,sudarshan-sathe-2023,Sudarshan Sathe,person,august-pust-2010,August Pust,same_class,Shared source page,shared-page-candidate,0.34,1,shared-source-page,https://clevelandinternationalhalloffame.com/induction-class-2017/,Original CIHOF source page mentions both people; review before using as a public connection.,candidate-only
relationship-context-review,taras-szmagala-2022,Taras Szmagala,person,margaret-lynch-2020,Margaret Lynch,same_class,Shared source page,shared-page-candidate,0.34,1,shared-source-page,https://clevelandinternationalhalloffame.com/2020-2022-induction-ceremony/,Original CIHOF source page mentions both people; review before using as a public connection.,candidate-only
relationship-context-review,taras-szmagala-2022,Taras Szmagala,person,ramesh-shah-2020,Ramesh Shah,same_class,Shared source page,shared-page-candidate,0.34,1,shared-source-page,https://clevelandinternationalhalloffame.com/2020-2022-induction-ceremony/,Original CIHOF source page mentions both people; review before using as a public connection.,candidate-only
relationship-context-review,taras-szmagala-2022,Taras Szmagala,person,berj-shakarian-2020,Berj Shakarian,same_class,Shared source page,shared-page-candidate,0.34,1,shared-source-page,https://clevelandinternationalhalloffame.com/2020-2022-induction-ceremony/,Original CIHOF source page mentions both people; review before using as a public connection.,candidate-only
relationship-context-review,taras-szmagala-2022,Taras Szmagala,person,alex-machaskee-2010,Alex Machaskee,same_class,Shared source page,shared-page-candidate,0.34,1,shared-source-page,https://clevelandinternationalhalloffame.com/2020-2022-induction-ceremony/,Original CIHOF source page mentions both people; review before using as a public connection.,candidate-only
relationship-context-review,taras-szmagala-2022,Taras Szmagala,person,margaret-w-wong-2010,Margaret W. Wong,same_class,Shared source page,shared-page-candidate,0.34,1,shared-source-page,https://clevelandinternationalhalloffame.com/2020-2022-induction-ceremony/,Original CIHOF source page mentions both people; review before using as a public connection.,candidate-only
relationship-context-review,taras-szmagala-2022,Taras Szmagala,person,aklilu-demessie-2026,Aklilu Demessie,same_class,Shared source page,shared-page-candidate,0.34,1,shared-source-page,https://clevelandinternationalhalloffame.com/2020-2022-induction-ceremony/,Original CIHOF source page mentions both people; review before using as a public connection.,candidate-only
relationship-context-review,thomas-j-scanlon-2014,Thomas J. Scanlon,person,dick-pogue-2015,Dick Pogue,same_class,Shared source page,shared-page-candidate,0.34,1,shared-source-page,https://clevelandinternationalhalloffame.com/induction-class-2014/,Original CIHOF source page mentions both people; review before using as a public connection.,candidate-only
relationship-context-review,tony-petkovsek-2011,Tony Petkovsek,person,albert-b-ratner-2011,Albert B. Ratner,same_class,Shared source page,shared-page-candidate,0.34,1,shared-source-page,https://clevelandinternationalhalloffame.com/induction-class-2011/,Original CIHOF source page mentions both people; review before using as a public connection.,candidate-only
relationship-context-review,tony-petkovsek-2011,Tony Petkovsek,person,lucretia-stoica-2011,Lucretia Stoica,same_class,Shared source page,shared-page-candidate,0.34,1,shared-source-page,https://clevelandinternationalhalloffame.com/induction-class-2011/,Original CIHOF source page mentions both people; review before using as a public connection.,candidate-only
relationship-context-review,tony-petkovsek-2011,Tony Petkovsek,person,luis-martinez-2011,Luis Martinez,same_class,Shared source page,shared-page-candidate,0.34,1,shared-source-page,https://clevelandinternationalhalloffame.com/induction-class-2011/,Original CIHOF source page mentions both people; review before using as a public connection.,candidate-only
relationship-context-review,tony-petkovsek-2011,Tony Petkovsek,person,gerald-m-quinn-2011,Gerald M. Quinn,same_class,Shared source page,shared-page-candidate,0.34,1,shared-source-page,https://clevelandinternationalhalloffame.com/induction-class-2011/,Original CIHOF source page mentions both people; review before using as a public connection.,candidate-only
relationship-context-review,tony-petkovsek-2011,Tony Petkovsek,person,giahoa-ryan-2011,Giahoa Ryan,same_class,Shared source page,shared-page-candidate,0.34,1,shared-source-page,https://clevelandinternationalhalloffame.com/induction-class-2011/,Original CIHOF source page mentions both people; review before using as a public connection.,candidate-only
relationship-context-review,tony-petkovsek-2011,Tony Petkovsek,person,ken-kovach-2012,Ken Kovach,same_class,Shared source page,shared-page-candidate,0.34,1,shared-source-page,https://clevelandinternationalhalloffame.com/induction-class-2011/,Original CIHOF source page mentions both people; review before using as a public connection.,candidate-only
relationship-context-review,valarie-mccall-2020,Valarie McCall,person,andy-chakalis-2026,Andy Chakalis,same_class,Shared source page,shared-page-candidate,0.34,1,shared-source-page,https://clevelandinternationalhalloffame.com/2026-class-and-inductions/,Original CIHOF source page mentions both people; review before using as a public connection.,candidate-only
relationship-context-review,valarie-mccall-2020,Valarie McCall,person,andy-fedynsky-2026,Andy Fedynsky,same_class,Shared source page,shared-page-candidate,0.34,1,shared-source-page,https://clevelandinternationalhalloffame.com/2026-class-and-inductions/,Original CIHOF source page mentions both people; review before using as a public connection.,candidate-only
relationship-context-review,valarie-mccall-2020,Valarie McCall,person,catherine-jorgensen-mccutcheon-2026,Catherine Jorgensen McCutcheon,same_class,Shared source page,shared-page-candidate,0.34,1,shared-source-page,https://clevelandinternationalhalloffame.com/2026-class-and-inductions/,Original CIHOF source page mentions both people; review before using as a public connection.,candidate-only
relationship-context-review,valarie-mccall-2020,Valarie McCall,person,lucy-torres-2026,Lucy Torres,same_class,Shared source page,shared-page-candidate,0.34,1,shared-source-page,https://clevelandinternationalhalloffame.com/2026-class-and-inductions/,Original CIHOF source page mentions both people; review before using as a public connection.,candidate-only
relationship-context-review,valarie-mccall-2020,Valarie McCall,person,joe-valencic-2020,Joe Valencic,same_class,Shared source page,shared-page-candidate,0.34,1,shared-source-page,https://clevelandinternationalhalloffame.com/2020-2022-induction-ceremony/,Original CIHOF source page mentions both people; review before using as a public connection.,candidate-only
relationship-context-review,valarie-mccall-2020,Valarie McCall,person,anda-cook-2022,Anda Cook,same_class,Shared source page,shared-page-candidate,0.34,1,shared-source-page,https://clevelandinternationalhalloffame.com/2020-2022-induction-ceremony/,Original CIHOF source page mentions both people; review before using as a public connection.,candidate-only
relationship-context-review,valarie-mccall-2020,Valarie McCall,person,carl-robson-2022,Carl Robson,same_class,Shared source page,shared-page-candidate,0.34,1,shared-source-page,https://clevelandinternationalhalloffame.com/2020-2022-induction-ceremony/,Original CIHOF source page mentions both people; review before using as a public connection.,candidate-only
relationship-context-review,valarie-mccall-2020,Valarie McCall,person,may-chen-2020,May Chen,same_class,Shared source page,shared-page-candidate,0.34,1,shared-source-page,https://clevelandinternationalhalloffame.com/2020-2022-induction-ceremony/,Original CIHOF source page mentions both people; review before using as a public connection.,candidate-only
relationship-context-review,valarie-mccall-2020,Valarie McCall,person,victor-ruiz-2022,Victor Ruiz,same_class,Shared source page,shared-page-candidate,0.34,1,shared-source-page,https://clevelandinternationalhalloffame.com/2020-2022-induction-ceremony/,Original CIHOF source page mentions both people; review before using as a public connection.,candidate-only
relationship-context-review,valarie-mccall-2020,Valarie McCall,person,taras-szmagala-2022,Taras Szmagala,same_class,Shared source page,shared-page-candidate,0.34,1,shared-source-page,https://clevelandinternationalhalloffame.com/2020-2022-induction-ceremony/,Original CIHOF source page mentions both people; review before using as a public connection.,candidate-only
relationship-context-review,valarie-mccall-2020,Valarie McCall,person,margaret-lynch-2020,Margaret Lynch,same_class,Shared source page,shared-page-candidate,0.34,1,shared-source-page,https://clevelandinternationalhalloffame.com/2020-2022-induction-ceremony/,Original CIHOF source page mentions both people; review before using as a public connection.,candidate-only
relationship-context-review,valarie-mccall-2020,Valarie McCall,person,ramesh-shah-2020,Ramesh Shah,same_class,Shared source page,shared-page-candidate,0.34,1,shared-source-page,https://clevelandinternationalhalloffame.com/2020-2022-induction-ceremony/,Original CIHOF source page mentions both people; review before using as a public connection.,candidate-only
relationship-context-review,valarie-mccall-2020,Valarie McCall,person,berj-shakarian-2020,Berj Shakarian,same_class,Shared source page,shared-page-candidate,0.34,1,shared-source-page,https://clevelandinternationalhalloffame.com/2020-2022-induction-ceremony/,Original CIHOF source page mentions both people; review before using as a public connection.,candidate-only
relationship-context-review,valarie-mccall-2020,Valarie McCall,person,alex-machaskee-2010,Alex Machaskee,same_class,Shared source page,shared-page-candidate,0.34,1,shared-source-page,https://clevelandinternationalhalloffame.com/2020-2022-induction-ceremony/,Original CIHOF source page mentions both people; review before using as a public connection.,candidate-only
relationship-context-review,valarie-mccall-2020,Valarie McCall,person,margaret-w-wong-2010,Margaret W. Wong,same_class,Shared source page,shared-page-candidate,0.34,1,shared-source-page,https://clevelandinternationalhalloffame.com/2020-2022-induction-ceremony/,Original CIHOF source page mentions both people; review before using as a public connection.,candidate-only
relationship-context-review,veronica-dahlberg-2024,Veronica Dahlberg,person,johnny-k-wu-2024,Johnny K. Wu,same_class,Shared source page,shared-page-candidate,0.34,1,shared-source-page,https://clevelandinternationalhalloffame.com/2024-inductions/,Original CIHOF source page mentions both people; review before using as a public connection.,candidate-only
relationship-context-review,victor-ruiz-2022,Victor Ruiz,person,taras-szmagala-2022,Taras Szmagala,same_class,Shared source page,shared-page-candidate,0.34,1,shared-source-page,https://clevelandinternationalhalloffame.com/2020-2022-induction-ceremony/,Original CIHOF source page mentions both people; review before using as a public connection.,candidate-only
relationship-context-review,victor-ruiz-2022,Victor Ruiz,person,margaret-lynch-2020,Margaret Lynch,same_class,Shared source page,shared-page-candidate,0.34,1,shared-source-page,https://clevelandinternationalhalloffame.com/2020-2022-induction-ceremony/,Original CIHOF source page mentions both people; review before using as a public connection.,candidate-only
relationship-context-review,victor-ruiz-2022,Victor Ruiz,person,ramesh-shah-2020,Ramesh Shah,same_class,Shared source page,shared-page-candidate,0.34,1,shared-source-page,https://clevelandinternationalhalloffame.com/2020-2022-induction-ceremony/,Original CIHOF source page mentions both people; review before using as a public connection.,candidate-only
relationship-context-review,victor-ruiz-2022,Victor Ruiz,person,berj-shakarian-2020,Berj Shakarian,same_class,Shared source page,shared-page-candidate,0.34,1,shared-source-page,https://clevelandinternationalhalloffame.com/2020-2022-induction-ceremony/,Original CIHOF source page mentions both people; review before using as a public connection.,candidate-only
relationship-context-review,victor-ruiz-2022,Victor Ruiz,person,alex-machaskee-2010,Alex Machaskee,same_class,Shared source page,shared-page-candidate,0.34,1,shared-source-page,https://clevelandinternationalhalloffame.com/2020-2022-induction-ceremony/,Original CIHOF source page mentions both people; review before using as a public connection.,candidate-only
relationship-context-review,victor-ruiz-2022,Victor Ruiz,person,margaret-w-wong-2010,Margaret W. Wong,same_class,Shared source page,shared-page-candidate,0.34,1,shared-source-page,https://clevelandinternationalhalloffame.com/2020-2022-induction-ceremony/,Original CIHOF source page mentions both people; review before using as a public connection.,candidate-only
relationship-context-review,victor-ruiz-2022,Victor Ruiz,person,aklilu-demessie-2026,Aklilu Demessie,same_class,Shared source page,shared-page-candidate,0.34,1,shared-source-page,https://clevelandinternationalhalloffame.com/2020-2022-induction-ceremony/,Original CIHOF source page mentions both people; review before using as a public connection.,candidate-only
relationship-context-review,vijaya-l-emani-2011,Vijaya L. Emani,person,tony-petkovsek-2011,Tony Petkovsek,same_class,Shared source page,shared-page-candidate,0.34,1,shared-source-page,https://clevelandinternationalhalloffame.com/induction-class-2011/,Original CIHOF source page mentions both people; review before using as a public connection.,candidate-only
relationship-context-review,vijaya-l-emani-2011,Vijaya L. Emani,person,albert-b-ratner-2011,Albert B. Ratner,same_class,Shared source page,shared-page-candidate,0.34,1,shared-source-page,https://clevelandinternationalhalloffame.com/induction-class-2011/,Original CIHOF source page mentions both people; review before using as a public connection.,candidate-only
relationship-context-review,vijaya-l-emani-2011,Vijaya L. Emani,person,lucretia-stoica-2011,Lucretia Stoica,same_class,Shared source page,shared-page-candidate,0.34,1,shared-source-page,https://clevelandinternationalhalloffame.com/induction-class-2011/,Original CIHOF source page mentions both people; review before using as a public connection.,candidate-only
relationship-context-review,vijaya-l-emani-2011,Vijaya L. Emani,person,luis-martinez-2011,Luis Martinez,same_class,Shared source page,shared-page-candidate,0.34,1,shared-source-page,https://clevelandinternationalhalloffame.com/induction-class-2011/,Original CIHOF source page mentions both people; review before using as a public connection.,candidate-only
relationship-context-review,vijaya-l-emani-2011,Vijaya L. Emani,person,gerald-m-quinn-2011,Gerald M. Quinn,same_class,Shared source page,shared-page-candidate,0.34,1,shared-source-page,https://clevelandinternationalhalloffame.com/induction-class-2011/,Original CIHOF source page mentions both people; review before using as a public connection.,candidate-only
relationship-context-review,vijaya-l-emani-2011,Vijaya L. Emani,person,giahoa-ryan-2011,Giahoa Ryan,same_class,Shared source page,shared-page-candidate,0.34,1,shared-source-page,https://clevelandinternationalhalloffame.com/induction-class-2011/,Original CIHOF source page mentions both people; review before using as a public connection.,candidate-only
relationship-context-review,vijaya-l-emani-2011,Vijaya L. Emani,person,ken-kovach-2012,Ken Kovach,same_class,Shared source page,shared-page-candidate,0.34,1,shared-source-page,https://clevelandinternationalhalloffame.com/induction-class-2011/,Original CIHOF source page mentions both people; review before using as a public connection.,candidate-only
relationship-context-review,vladimir-rus-2012,Vladimir Rus,person,jack-kahl-2016,Jack Kahl,same_class,Shared source page,shared-page-candidate,0.34,1,shared-source-page,https://clevelandinternationalhalloffame.com/induction-class-2012/,Original CIHOF source page mentions both people; review before using as a public connection.,candidate-only
relationship-context-review,vladimir-rus-2012,Vladimir Rus,person,dick-russ-2015,Dick Russ,same_class,Shared source page,shared-page-candidate,0.34,1,shared-source-page,https://clevelandinternationalhalloffame.com/induction-class-2012/,Original CIHOF source page mentions both people; review before using as a public connection.,candidate-only
relationship-context-review,wael-khoury-2017,Wael Khoury,person,basil-russo-2017,Basil Russo,same_class,Shared source page,shared-page-candidate,0.34,1,shared-source-page,https://clevelandinternationalhalloffame.com/induction-class-2017/,Original CIHOF source page mentions both people; review before using as a public connection.,candidate-only
relationship-context-review,wael-khoury-2017,Wael Khoury,person,august-pust-2010,August Pust,same_class,Shared source page,shared-page-candidate,0.34,1,shared-source-page,https://clevelandinternationalhalloffame.com/induction-class-2017/,Original CIHOF source page mentions both people; review before using as a public connection.,candidate-only
relationship-context-review,wael-khoury-2017,Wael Khoury,person,milton-maltz-2012,Milton Maltz,same_class,Shared source page,shared-page-candidate,0.34,1,shared-source-page,https://clevelandinternationalhalloffame.com/induction-class-2012/,Original CIHOF source page mentions both people; review before using as a public connection.,candidate-only
relationship-context-review,wael-khoury-2017,Wael Khoury,person,dr-jaya-shah-2012,Dr. Jaya Shah,same_class,Shared source page,shared-page-candidate,0.34,1,shared-source-page,https://clevelandinternationalhalloffame.com/induction-class-2012/,Original CIHOF source page mentions both people; review before using as a public connection.,candidate-only
relationship-context-review,wael-khoury-2017,Wael Khoury,person,ken-kovach-2012,Ken Kovach,same_class,Shared source page,shared-page-candidate,0.34,1,shared-source-page,https://clevelandinternationalhalloffame.com/induction-class-2012/,Original CIHOF source page mentions both people; review before using as a public connection.,candidate-only
relationship-context-review,wael-khoury-2017,Wael Khoury,person,vladimir-rus-2012,Vladimir Rus,same_class,Shared source page,shared-page-candidate,0.34,1,shared-source-page,https://clevelandinternationalhalloffame.com/induction-class-2012/,Original CIHOF source page mentions both people; review before using as a public connection.,candidate-only
relationship-context-review,wael-khoury-2017,Wael Khoury,person,jack-kahl-2016,Jack Kahl,same_class,Shared source page,shared-page-candidate,0.34,1,shared-source-page,https://clevelandinternationalhalloffame.com/induction-class-2012/,Original CIHOF source page mentions both people; review before using as a public connection.,candidate-only
relationship-context-review,wael-khoury-2017,Wael Khoury,person,dick-russ-2015,Dick Russ,same_class,Shared source page,shared-page-candidate,0.34,1,shared-source-page,https://clevelandinternationalhalloffame.com/induction-class-2012/,Original CIHOF source page mentions both people; review before using as a public connection.,candidate-only
