reviewAction,inducteeId,inducteeName,classYear,youtubeVideoId,sourceUrl,assignment,confidence,alreadyInMediaManifest,rightsStatus,sourcePageUrl
review-video-context-before-assignment,rev-mikhail-mikhail-2016,Rev. Mikhail Mikhail,2016,qCjr03YRJR0,https://www.youtube.com/watch?v=qCjr03YRJR0,profile-page-embed,0.72,false,needs-rights-caption-transcript-review,https://clevelandinternationalhalloffame.com/reverend-mikhail-mikhail-2016/
review-video-context-before-assignment,rev-mikhail-mikhail-2016,Rev. Mikhail Mikhail,2016,kBr4SVfZ_Ec,https://www.youtube.com/watch?v=kBr4SVfZ_Ec,profile-page-embed,0.72,false,needs-rights-caption-transcript-review,https://clevelandinternationalhalloffame.com/reverend-mikhail-mikhail-2016/
review-video-context-before-assignment,rev-mikhail-mikhail-2016,Rev. Mikhail Mikhail,2016,ix03H0nVr4g,https://www.youtube.com/watch?v=ix03H0nVr4g,profile-page-embed,0.72,false,needs-rights-caption-transcript-review,https://clevelandinternationalhalloffame.com/reverend-mikhail-mikhail-2016/
review-video-context-before-assignment,rev-mikhail-mikhail-2016,Rev. Mikhail Mikhail,2016,OBuRGUXC-Cw,https://www.youtube.com/watch?v=OBuRGUXC-Cw,profile-page-embed,0.72,false,needs-rights-caption-transcript-review,https://clevelandinternationalhalloffame.com/reverend-mikhail-mikhail-2016/
review-video-context-before-assignment,ramesh-shah-2020,Ramesh Shah,2020,0voVPcRDeyU,https://www.youtube.com/watch?v=0voVPcRDeyU,profile-page-embed,0.72,false,needs-rights-caption-transcript-review,https://clevelandinternationalhalloffame.com/inductees/ramesh-shah/
review-video-context-before-assignment,alex-machaskee-2010,Alex Machaskee,2010,I133bhcNqgo,https://www.youtube.com/watch?v=I133bhcNqgo,class-or-ceremony-page-mention,0.32,false,needs-rights-caption-transcript-review,https://clevelandinternationalhalloffame.com/2024-details/
review-video-context-before-assignment,alex-machaskee-2010,Alex Machaskee,2010,P34omi5XUiY,https://www.youtube.com/watch?v=P34omi5XUiY,class-or-ceremony-page-mention,0.32,false,needs-rights-caption-transcript-review,https://clevelandinternationalhalloffame.com/2024-details/
review-video-context-before-assignment,alex-machaskee-2010,Alex Machaskee,2010,yR18WkgJ_tQ,https://www.youtube.com/watch?v=yR18WkgJ_tQ,class-or-ceremony-page-mention,0.32,false,needs-rights-caption-transcript-review,https://clevelandinternationalhalloffame.com/2023-induction-ceremony/
review-video-context-before-assignment,alex-machaskee-2010,Alex Machaskee,2010,7im99WF6Sfw,https://www.youtube.com/watch?v=7im99WF6Sfw,class-or-ceremony-page-mention,0.32,false,needs-rights-caption-transcript-review,https://clevelandinternationalhalloffame.com/2023-induction-ceremony/
review-video-context-before-assignment,alex-machaskee-2010,Alex Machaskee,2010,DhCiFpCsGFk,https://www.youtube.com/watch?v=DhCiFpCsGFk,class-or-ceremony-page-mention,0.32,false,needs-rights-caption-transcript-review,https://clevelandinternationalhalloffame.com/2023-induction-ceremony/
review-video-context-before-assignment,alex-machaskee-2010,Alex Machaskee,2010,RImDK_lpjFM,https://www.youtube.com/watch?v=RImDK_lpjFM,class-or-ceremony-page-mention,0.32,false,needs-rights-caption-transcript-review,https://clevelandinternationalhalloffame.com/2023-induction-ceremony/
review-video-context-before-assignment,alex-machaskee-2010,Alex Machaskee,2010,EtHbvT_s4NY,https://www.youtube.com/watch?v=EtHbvT_s4NY,class-or-ceremony-page-mention,0.32,false,needs-rights-caption-transcript-review,https://clevelandinternationalhalloffame.com/2023-induction-ceremony/
review-video-context-before-assignment,alex-machaskee-2010,Alex Machaskee,2010,ynzDfs0graM,https://www.youtube.com/watch?v=ynzDfs0graM,class-or-ceremony-page-mention,0.32,false,needs-rights-caption-transcript-review,https://clevelandinternationalhalloffame.com/2023-induction-ceremony/
review-video-context-before-assignment,alex-machaskee-2010,Alex Machaskee,2010,lF42eHsGdFc,https://www.youtube.com/watch?v=lF42eHsGdFc,class-or-ceremony-page-mention,0.32,false,needs-rights-caption-transcript-review,https://clevelandinternationalhalloffame.com/2023-induction-ceremony/
review-video-context-before-assignment,alex-machaskee-2010,Alex Machaskee,2010,_JXBIYSnWB0,https://www.youtube.com/watch?v=_JXBIYSnWB0,class-or-ceremony-page-mention,0.32,false,needs-rights-caption-transcript-review,https://clevelandinternationalhalloffame.com/2020-2022-induction-ceremony/
review-video-context-before-assignment,alex-machaskee-2010,Alex Machaskee,2010,YDThFb2kPdA,https://www.youtube.com/watch?v=YDThFb2kPdA,class-or-ceremony-page-mention,0.32,false,needs-rights-caption-transcript-review,https://clevelandinternationalhalloffame.com/2020-2022-induction-ceremony/
review-video-context-before-assignment,alex-machaskee-2010,Alex Machaskee,2010,zWJEroGvQUg,https://www.youtube.com/watch?v=zWJEroGvQUg,class-or-ceremony-page-mention,0.32,false,needs-rights-caption-transcript-review,https://clevelandinternationalhalloffame.com/2020-2022-induction-ceremony/
review-video-context-before-assignment,alex-machaskee-2010,Alex Machaskee,2010,EfAP31kBlsM,https://www.youtube.com/watch?v=EfAP31kBlsM,class-or-ceremony-page-mention,0.32,false,needs-rights-caption-transcript-review,https://clevelandinternationalhalloffame.com/2020-2022-induction-ceremony/
review-video-context-before-assignment,alex-machaskee-2010,Alex Machaskee,2010,XrKxMkfQALI,https://www.youtube.com/watch?v=XrKxMkfQALI,class-or-ceremony-page-mention,0.32,false,needs-rights-caption-transcript-review,https://clevelandinternationalhalloffame.com/2020-2022-induction-ceremony/
review-video-context-before-assignment,alex-machaskee-2010,Alex Machaskee,2010,ovFsNwqqQNc,https://www.youtube.com/watch?v=ovFsNwqqQNc,class-or-ceremony-page-mention,0.32,false,needs-rights-caption-transcript-review,https://clevelandinternationalhalloffame.com/2020-2022-induction-ceremony/
review-video-context-before-assignment,alex-machaskee-2010,Alex Machaskee,2010,36YHkoqo-Fk,https://www.youtube.com/watch?v=36YHkoqo-Fk,class-or-ceremony-page-mention,0.32,false,needs-rights-caption-transcript-review,https://clevelandinternationalhalloffame.com/2020-2022-induction-ceremony/
review-video-context-before-assignment,alex-machaskee-2010,Alex Machaskee,2010,EZ92Q341gm4,https://www.youtube.com/watch?v=EZ92Q341gm4,class-or-ceremony-page-mention,0.32,false,needs-rights-caption-transcript-review,https://clevelandinternationalhalloffame.com/2020-2022-induction-ceremony/
review-video-context-before-assignment,alex-machaskee-2010,Alex Machaskee,2010,MzvxeSsag0w,https://www.youtube.com/watch?v=MzvxeSsag0w,class-or-ceremony-page-mention,0.32,false,needs-rights-caption-transcript-review,https://clevelandinternationalhalloffame.com/2020-2022-induction-ceremony/
review-video-context-before-assignment,alex-machaskee-2010,Alex Machaskee,2010,Ssb2SQ6HPoo,https://www.youtube.com/watch?v=Ssb2SQ6HPoo,class-or-ceremony-page-mention,0.32,false,needs-rights-caption-transcript-review,https://clevelandinternationalhalloffame.com/2019-induction-ceremony/
review-video-context-before-assignment,alex-machaskee-2010,Alex Machaskee,2010,vwTIgQpdBEo,https://www.youtube.com/watch?v=vwTIgQpdBEo,class-or-ceremony-page-mention,0.32,false,needs-rights-caption-transcript-review,https://clevelandinternationalhalloffame.com/2019-induction-ceremony/
review-video-context-before-assignment,alex-machaskee-2010,Alex Machaskee,2010,w2Xq5luKGCU,https://www.youtube.com/watch?v=w2Xq5luKGCU,class-or-ceremony-page-mention,0.32,false,needs-rights-caption-transcript-review,https://clevelandinternationalhalloffame.com/2019-induction-ceremony/
review-video-context-before-assignment,alex-machaskee-2010,Alex Machaskee,2010,lHHN_zd8O8k,https://www.youtube.com/watch?v=lHHN_zd8O8k,class-or-ceremony-page-mention,0.32,false,needs-rights-caption-transcript-review,https://clevelandinternationalhalloffame.com/2019-induction-ceremony/
review-video-context-before-assignment,alex-machaskee-2010,Alex Machaskee,2010,_ifygk1bw5Q,https://www.youtube.com/watch?v=_ifygk1bw5Q,class-or-ceremony-page-mention,0.32,false,needs-rights-caption-transcript-review,https://clevelandinternationalhalloffame.com/2019-induction-ceremony/
review-video-context-before-assignment,alex-machaskee-2010,Alex Machaskee,2010,eCOSePkWnFY,https://www.youtube.com/watch?v=eCOSePkWnFY,class-or-ceremony-page-mention,0.32,false,needs-rights-caption-transcript-review,https://clevelandinternationalhalloffame.com/2019-induction-ceremony/
review-video-context-before-assignment,alex-machaskee-2010,Alex Machaskee,2010,b3EUjRTsbQI,https://www.youtube.com/watch?v=b3EUjRTsbQI,class-or-ceremony-page-mention,0.32,false,needs-rights-caption-transcript-review,https://clevelandinternationalhalloffame.com/induction-class-2012/
review-video-context-before-assignment,alex-machaskee-2010,Alex Machaskee,2010,a0gi3EmNU00,https://www.youtube.com/watch?v=a0gi3EmNU00,class-or-ceremony-page-mention,0.32,false,needs-rights-caption-transcript-review,https://clevelandinternationalhalloffame.com/induction-class-2012/
review-video-context-before-assignment,alex-machaskee-2010,Alex Machaskee,2010,Do7atH9353s,https://www.youtube.com/watch?v=Do7atH9353s,class-or-ceremony-page-mention,0.32,false,needs-rights-caption-transcript-review,https://clevelandinternationalhalloffame.com/induction-class-2010/
review-video-context-before-assignment,alex-machaskee-2010,Alex Machaskee,2010,jE7WSnYhKN0,https://www.youtube.com/watch?v=jE7WSnYhKN0,class-or-ceremony-page-mention,0.32,false,needs-rights-caption-transcript-review,https://clevelandinternationalhalloffame.com/induction-class-2010/
review-video-context-before-assignment,august-pust-2010,August Pust,2010,I133bhcNqgo,https://www.youtube.com/watch?v=I133bhcNqgo,class-or-ceremony-page-mention,0.32,false,needs-rights-caption-transcript-review,https://clevelandinternationalhalloffame.com/2024-details/
review-video-context-before-assignment,august-pust-2010,August Pust,2010,P34omi5XUiY,https://www.youtube.com/watch?v=P34omi5XUiY,class-or-ceremony-page-mention,0.32,false,needs-rights-caption-transcript-review,https://clevelandinternationalhalloffame.com/2024-details/
review-video-context-before-assignment,august-pust-2010,August Pust,2010,Ssb2SQ6HPoo,https://www.youtube.com/watch?v=Ssb2SQ6HPoo,class-or-ceremony-page-mention,0.32,false,needs-rights-caption-transcript-review,https://clevelandinternationalhalloffame.com/2019-induction-ceremony/
review-video-context-before-assignment,august-pust-2010,August Pust,2010,vwTIgQpdBEo,https://www.youtube.com/watch?v=vwTIgQpdBEo,class-or-ceremony-page-mention,0.32,false,needs-rights-caption-transcript-review,https://clevelandinternationalhalloffame.com/2019-induction-ceremony/
review-video-context-before-assignment,august-pust-2010,August Pust,2010,w2Xq5luKGCU,https://www.youtube.com/watch?v=w2Xq5luKGCU,class-or-ceremony-page-mention,0.32,false,needs-rights-caption-transcript-review,https://clevelandinternationalhalloffame.com/2019-induction-ceremony/
review-video-context-before-assignment,august-pust-2010,August Pust,2010,lHHN_zd8O8k,https://www.youtube.com/watch?v=lHHN_zd8O8k,class-or-ceremony-page-mention,0.32,false,needs-rights-caption-transcript-review,https://clevelandinternationalhalloffame.com/2019-induction-ceremony/
review-video-context-before-assignment,august-pust-2010,August Pust,2010,_ifygk1bw5Q,https://www.youtube.com/watch?v=_ifygk1bw5Q,class-or-ceremony-page-mention,0.32,false,needs-rights-caption-transcript-review,https://clevelandinternationalhalloffame.com/2019-induction-ceremony/
review-video-context-before-assignment,august-pust-2010,August Pust,2010,eCOSePkWnFY,https://www.youtube.com/watch?v=eCOSePkWnFY,class-or-ceremony-page-mention,0.32,false,needs-rights-caption-transcript-review,https://clevelandinternationalhalloffame.com/2019-induction-ceremony/
review-video-context-before-assignment,august-pust-2010,August Pust,2010,NcCM_1SAQek,https://www.youtube.com/watch?v=NcCM_1SAQek,class-or-ceremony-page-mention,0.32,false,needs-rights-caption-transcript-review,https://clevelandinternationalhalloffame.com/induction-class-2017/
review-video-context-before-assignment,august-pust-2010,August Pust,2010,wBzBVH4kBkg,https://www.youtube.com/watch?v=wBzBVH4kBkg,class-or-ceremony-page-mention,0.32,false,needs-rights-caption-transcript-review,https://clevelandinternationalhalloffame.com/induction-class-2017/
review-video-context-before-assignment,august-pust-2010,August Pust,2010,14YLHrGlU-4,https://www.youtube.com/watch?v=14YLHrGlU-4,class-or-ceremony-page-mention,0.32,false,needs-rights-caption-transcript-review,https://clevelandinternationalhalloffame.com/induction-class-2017/
review-video-context-before-assignment,august-pust-2010,August Pust,2010,IblVlQoTrtc,https://www.youtube.com/watch?v=IblVlQoTrtc,class-or-ceremony-page-mention,0.32,false,needs-rights-caption-transcript-review,https://clevelandinternationalhalloffame.com/induction-class-2017/
review-video-context-before-assignment,august-pust-2010,August Pust,2010,Do7atH9353s,https://www.youtube.com/watch?v=Do7atH9353s,class-or-ceremony-page-mention,0.32,false,needs-rights-caption-transcript-review,https://clevelandinternationalhalloffame.com/induction-class-2010/
review-video-context-before-assignment,august-pust-2010,August Pust,2010,jE7WSnYhKN0,https://www.youtube.com/watch?v=jE7WSnYhKN0,class-or-ceremony-page-mention,0.32,false,needs-rights-caption-transcript-review,https://clevelandinternationalhalloffame.com/induction-class-2010/
review-video-context-before-assignment,dr-dieu-thuc-do-2010,Dr. Dieu Thuc Do,2010,I133bhcNqgo,https://www.youtube.com/watch?v=I133bhcNqgo,class-or-ceremony-page-mention,0.32,false,needs-rights-caption-transcript-review,https://clevelandinternationalhalloffame.com/2024-details/
review-video-context-before-assignment,dr-dieu-thuc-do-2010,Dr. Dieu Thuc Do,2010,P34omi5XUiY,https://www.youtube.com/watch?v=P34omi5XUiY,class-or-ceremony-page-mention,0.32,false,needs-rights-caption-transcript-review,https://clevelandinternationalhalloffame.com/2024-details/
review-video-context-before-assignment,dr-dieu-thuc-do-2010,Dr. Dieu Thuc Do,2010,Ssb2SQ6HPoo,https://www.youtube.com/watch?v=Ssb2SQ6HPoo,class-or-ceremony-page-mention,0.32,false,needs-rights-caption-transcript-review,https://clevelandinternationalhalloffame.com/2019-induction-ceremony/
review-video-context-before-assignment,dr-dieu-thuc-do-2010,Dr. Dieu Thuc Do,2010,vwTIgQpdBEo,https://www.youtube.com/watch?v=vwTIgQpdBEo,class-or-ceremony-page-mention,0.32,false,needs-rights-caption-transcript-review,https://clevelandinternationalhalloffame.com/2019-induction-ceremony/
review-video-context-before-assignment,dr-dieu-thuc-do-2010,Dr. Dieu Thuc Do,2010,w2Xq5luKGCU,https://www.youtube.com/watch?v=w2Xq5luKGCU,class-or-ceremony-page-mention,0.32,false,needs-rights-caption-transcript-review,https://clevelandinternationalhalloffame.com/2019-induction-ceremony/
review-video-context-before-assignment,dr-dieu-thuc-do-2010,Dr. Dieu Thuc Do,2010,lHHN_zd8O8k,https://www.youtube.com/watch?v=lHHN_zd8O8k,class-or-ceremony-page-mention,0.32,false,needs-rights-caption-transcript-review,https://clevelandinternationalhalloffame.com/2019-induction-ceremony/
review-video-context-before-assignment,dr-dieu-thuc-do-2010,Dr. Dieu Thuc Do,2010,_ifygk1bw5Q,https://www.youtube.com/watch?v=_ifygk1bw5Q,class-or-ceremony-page-mention,0.32,false,needs-rights-caption-transcript-review,https://clevelandinternationalhalloffame.com/2019-induction-ceremony/
review-video-context-before-assignment,dr-dieu-thuc-do-2010,Dr. Dieu Thuc Do,2010,eCOSePkWnFY,https://www.youtube.com/watch?v=eCOSePkWnFY,class-or-ceremony-page-mention,0.32,false,needs-rights-caption-transcript-review,https://clevelandinternationalhalloffame.com/2019-induction-ceremony/
review-video-context-before-assignment,dr-dieu-thuc-do-2010,Dr. Dieu Thuc Do,2010,Do7atH9353s,https://www.youtube.com/watch?v=Do7atH9353s,class-or-ceremony-page-mention,0.32,false,needs-rights-caption-transcript-review,https://clevelandinternationalhalloffame.com/induction-class-2010/
review-video-context-before-assignment,dr-dieu-thuc-do-2010,Dr. Dieu Thuc Do,2010,jE7WSnYhKN0,https://www.youtube.com/watch?v=jE7WSnYhKN0,class-or-ceremony-page-mention,0.32,false,needs-rights-caption-transcript-review,https://clevelandinternationalhalloffame.com/induction-class-2010/
review-video-context-before-assignment,irene-morrow-2010,Irene Morrow,2010,I133bhcNqgo,https://www.youtube.com/watch?v=I133bhcNqgo,class-or-ceremony-page-mention,0.32,false,needs-rights-caption-transcript-review,https://clevelandinternationalhalloffame.com/2024-details/
review-video-context-before-assignment,irene-morrow-2010,Irene Morrow,2010,P34omi5XUiY,https://www.youtube.com/watch?v=P34omi5XUiY,class-or-ceremony-page-mention,0.32,false,needs-rights-caption-transcript-review,https://clevelandinternationalhalloffame.com/2024-details/
review-video-context-before-assignment,irene-morrow-2010,Irene Morrow,2010,Ssb2SQ6HPoo,https://www.youtube.com/watch?v=Ssb2SQ6HPoo,class-or-ceremony-page-mention,0.32,false,needs-rights-caption-transcript-review,https://clevelandinternationalhalloffame.com/2019-induction-ceremony/
review-video-context-before-assignment,irene-morrow-2010,Irene Morrow,2010,vwTIgQpdBEo,https://www.youtube.com/watch?v=vwTIgQpdBEo,class-or-ceremony-page-mention,0.32,false,needs-rights-caption-transcript-review,https://clevelandinternationalhalloffame.com/2019-induction-ceremony/
review-video-context-before-assignment,irene-morrow-2010,Irene Morrow,2010,w2Xq5luKGCU,https://www.youtube.com/watch?v=w2Xq5luKGCU,class-or-ceremony-page-mention,0.32,false,needs-rights-caption-transcript-review,https://clevelandinternationalhalloffame.com/2019-induction-ceremony/
review-video-context-before-assignment,irene-morrow-2010,Irene Morrow,2010,lHHN_zd8O8k,https://www.youtube.com/watch?v=lHHN_zd8O8k,class-or-ceremony-page-mention,0.32,false,needs-rights-caption-transcript-review,https://clevelandinternationalhalloffame.com/2019-induction-ceremony/
review-video-context-before-assignment,irene-morrow-2010,Irene Morrow,2010,_ifygk1bw5Q,https://www.youtube.com/watch?v=_ifygk1bw5Q,class-or-ceremony-page-mention,0.32,false,needs-rights-caption-transcript-review,https://clevelandinternationalhalloffame.com/2019-induction-ceremony/
review-video-context-before-assignment,irene-morrow-2010,Irene Morrow,2010,eCOSePkWnFY,https://www.youtube.com/watch?v=eCOSePkWnFY,class-or-ceremony-page-mention,0.32,false,needs-rights-caption-transcript-review,https://clevelandinternationalhalloffame.com/2019-induction-ceremony/
review-video-context-before-assignment,irene-morrow-2010,Irene Morrow,2010,Do7atH9353s,https://www.youtube.com/watch?v=Do7atH9353s,class-or-ceremony-page-mention,0.32,false,needs-rights-caption-transcript-review,https://clevelandinternationalhalloffame.com/induction-class-2010/
review-video-context-before-assignment,irene-morrow-2010,Irene Morrow,2010,jE7WSnYhKN0,https://www.youtube.com/watch?v=jE7WSnYhKN0,class-or-ceremony-page-mention,0.32,false,needs-rights-caption-transcript-review,https://clevelandinternationalhalloffame.com/induction-class-2010/
review-video-context-before-assignment,jeanette-grasselli-brown-2010,Jeanette Grasselli Brown,2010,Do7atH9353s,https://www.youtube.com/watch?v=Do7atH9353s,class-or-ceremony-page-mention,0.32,false,needs-rights-caption-transcript-review,https://clevelandinternationalhalloffame.com/induction-class-2010/
review-video-context-before-assignment,jeanette-grasselli-brown-2010,Jeanette Grasselli Brown,2010,jE7WSnYhKN0,https://www.youtube.com/watch?v=jE7WSnYhKN0,class-or-ceremony-page-mention,0.32,false,needs-rights-caption-transcript-review,https://clevelandinternationalhalloffame.com/induction-class-2010/
review-video-context-before-assignment,leo-weidenthal-2010,Leo Weidenthal,2010,I133bhcNqgo,https://www.youtube.com/watch?v=I133bhcNqgo,class-or-ceremony-page-mention,0.32,false,needs-rights-caption-transcript-review,https://clevelandinternationalhalloffame.com/2024-details/
review-video-context-before-assignment,leo-weidenthal-2010,Leo Weidenthal,2010,P34omi5XUiY,https://www.youtube.com/watch?v=P34omi5XUiY,class-or-ceremony-page-mention,0.32,false,needs-rights-caption-transcript-review,https://clevelandinternationalhalloffame.com/2024-details/
review-video-context-before-assignment,leo-weidenthal-2010,Leo Weidenthal,2010,Ssb2SQ6HPoo,https://www.youtube.com/watch?v=Ssb2SQ6HPoo,class-or-ceremony-page-mention,0.32,false,needs-rights-caption-transcript-review,https://clevelandinternationalhalloffame.com/2019-induction-ceremony/
review-video-context-before-assignment,leo-weidenthal-2010,Leo Weidenthal,2010,vwTIgQpdBEo,https://www.youtube.com/watch?v=vwTIgQpdBEo,class-or-ceremony-page-mention,0.32,false,needs-rights-caption-transcript-review,https://clevelandinternationalhalloffame.com/2019-induction-ceremony/
review-video-context-before-assignment,leo-weidenthal-2010,Leo Weidenthal,2010,w2Xq5luKGCU,https://www.youtube.com/watch?v=w2Xq5luKGCU,class-or-ceremony-page-mention,0.32,false,needs-rights-caption-transcript-review,https://clevelandinternationalhalloffame.com/2019-induction-ceremony/
review-video-context-before-assignment,leo-weidenthal-2010,Leo Weidenthal,2010,lHHN_zd8O8k,https://www.youtube.com/watch?v=lHHN_zd8O8k,class-or-ceremony-page-mention,0.32,false,needs-rights-caption-transcript-review,https://clevelandinternationalhalloffame.com/2019-induction-ceremony/
review-video-context-before-assignment,leo-weidenthal-2010,Leo Weidenthal,2010,_ifygk1bw5Q,https://www.youtube.com/watch?v=_ifygk1bw5Q,class-or-ceremony-page-mention,0.32,false,needs-rights-caption-transcript-review,https://clevelandinternationalhalloffame.com/2019-induction-ceremony/
review-video-context-before-assignment,leo-weidenthal-2010,Leo Weidenthal,2010,eCOSePkWnFY,https://www.youtube.com/watch?v=eCOSePkWnFY,class-or-ceremony-page-mention,0.32,false,needs-rights-caption-transcript-review,https://clevelandinternationalhalloffame.com/2019-induction-ceremony/
review-video-context-before-assignment,leo-weidenthal-2010,Leo Weidenthal,2010,Do7atH9353s,https://www.youtube.com/watch?v=Do7atH9353s,class-or-ceremony-page-mention,0.32,false,needs-rights-caption-transcript-review,https://clevelandinternationalhalloffame.com/induction-class-2010/
review-video-context-before-assignment,leo-weidenthal-2010,Leo Weidenthal,2010,jE7WSnYhKN0,https://www.youtube.com/watch?v=jE7WSnYhKN0,class-or-ceremony-page-mention,0.32,false,needs-rights-caption-transcript-review,https://clevelandinternationalhalloffame.com/induction-class-2010/
review-video-context-before-assignment,lonnie-mccauley-2010,Lonnie McCauley,2010,I133bhcNqgo,https://www.youtube.com/watch?v=I133bhcNqgo,class-or-ceremony-page-mention,0.32,false,needs-rights-caption-transcript-review,https://clevelandinternationalhalloffame.com/2024-details/
review-video-context-before-assignment,lonnie-mccauley-2010,Lonnie McCauley,2010,P34omi5XUiY,https://www.youtube.com/watch?v=P34omi5XUiY,class-or-ceremony-page-mention,0.32,false,needs-rights-caption-transcript-review,https://clevelandinternationalhalloffame.com/2024-details/
review-video-context-before-assignment,lonnie-mccauley-2010,Lonnie McCauley,2010,Ssb2SQ6HPoo,https://www.youtube.com/watch?v=Ssb2SQ6HPoo,class-or-ceremony-page-mention,0.32,false,needs-rights-caption-transcript-review,https://clevelandinternationalhalloffame.com/2019-induction-ceremony/
review-video-context-before-assignment,lonnie-mccauley-2010,Lonnie McCauley,2010,vwTIgQpdBEo,https://www.youtube.com/watch?v=vwTIgQpdBEo,class-or-ceremony-page-mention,0.32,false,needs-rights-caption-transcript-review,https://clevelandinternationalhalloffame.com/2019-induction-ceremony/
review-video-context-before-assignment,lonnie-mccauley-2010,Lonnie McCauley,2010,w2Xq5luKGCU,https://www.youtube.com/watch?v=w2Xq5luKGCU,class-or-ceremony-page-mention,0.32,false,needs-rights-caption-transcript-review,https://clevelandinternationalhalloffame.com/2019-induction-ceremony/
review-video-context-before-assignment,lonnie-mccauley-2010,Lonnie McCauley,2010,lHHN_zd8O8k,https://www.youtube.com/watch?v=lHHN_zd8O8k,class-or-ceremony-page-mention,0.32,false,needs-rights-caption-transcript-review,https://clevelandinternationalhalloffame.com/2019-induction-ceremony/
review-video-context-before-assignment,lonnie-mccauley-2010,Lonnie McCauley,2010,_ifygk1bw5Q,https://www.youtube.com/watch?v=_ifygk1bw5Q,class-or-ceremony-page-mention,0.32,false,needs-rights-caption-transcript-review,https://clevelandinternationalhalloffame.com/2019-induction-ceremony/
review-video-context-before-assignment,lonnie-mccauley-2010,Lonnie McCauley,2010,eCOSePkWnFY,https://www.youtube.com/watch?v=eCOSePkWnFY,class-or-ceremony-page-mention,0.32,false,needs-rights-caption-transcript-review,https://clevelandinternationalhalloffame.com/2019-induction-ceremony/
review-video-context-before-assignment,lonnie-mccauley-2010,Lonnie McCauley,2010,Do7atH9353s,https://www.youtube.com/watch?v=Do7atH9353s,class-or-ceremony-page-mention,0.32,false,needs-rights-caption-transcript-review,https://clevelandinternationalhalloffame.com/induction-class-2010/
review-video-context-before-assignment,lonnie-mccauley-2010,Lonnie McCauley,2010,jE7WSnYhKN0,https://www.youtube.com/watch?v=jE7WSnYhKN0,class-or-ceremony-page-mention,0.32,false,needs-rights-caption-transcript-review,https://clevelandinternationalhalloffame.com/induction-class-2010/
review-video-context-before-assignment,margaret-w-wong-2010,Margaret W. Wong,2010,I133bhcNqgo,https://www.youtube.com/watch?v=I133bhcNqgo,class-or-ceremony-page-mention,0.32,false,needs-rights-caption-transcript-review,https://clevelandinternationalhalloffame.com/2024-details/
review-video-context-before-assignment,margaret-w-wong-2010,Margaret W. Wong,2010,P34omi5XUiY,https://www.youtube.com/watch?v=P34omi5XUiY,class-or-ceremony-page-mention,0.32,false,needs-rights-caption-transcript-review,https://clevelandinternationalhalloffame.com/2024-details/
review-video-context-before-assignment,margaret-w-wong-2010,Margaret W. Wong,2010,_JXBIYSnWB0,https://www.youtube.com/watch?v=_JXBIYSnWB0,class-or-ceremony-page-mention,0.32,false,needs-rights-caption-transcript-review,https://clevelandinternationalhalloffame.com/2020-2022-induction-ceremony/
review-video-context-before-assignment,margaret-w-wong-2010,Margaret W. Wong,2010,YDThFb2kPdA,https://www.youtube.com/watch?v=YDThFb2kPdA,class-or-ceremony-page-mention,0.32,false,needs-rights-caption-transcript-review,https://clevelandinternationalhalloffame.com/2020-2022-induction-ceremony/
review-video-context-before-assignment,margaret-w-wong-2010,Margaret W. Wong,2010,zWJEroGvQUg,https://www.youtube.com/watch?v=zWJEroGvQUg,class-or-ceremony-page-mention,0.32,false,needs-rights-caption-transcript-review,https://clevelandinternationalhalloffame.com/2020-2022-induction-ceremony/
review-video-context-before-assignment,margaret-w-wong-2010,Margaret W. Wong,2010,EfAP31kBlsM,https://www.youtube.com/watch?v=EfAP31kBlsM,class-or-ceremony-page-mention,0.32,false,needs-rights-caption-transcript-review,https://clevelandinternationalhalloffame.com/2020-2022-induction-ceremony/
review-video-context-before-assignment,margaret-w-wong-2010,Margaret W. Wong,2010,XrKxMkfQALI,https://www.youtube.com/watch?v=XrKxMkfQALI,class-or-ceremony-page-mention,0.32,false,needs-rights-caption-transcript-review,https://clevelandinternationalhalloffame.com/2020-2022-induction-ceremony/
review-video-context-before-assignment,margaret-w-wong-2010,Margaret W. Wong,2010,ovFsNwqqQNc,https://www.youtube.com/watch?v=ovFsNwqqQNc,class-or-ceremony-page-mention,0.32,false,needs-rights-caption-transcript-review,https://clevelandinternationalhalloffame.com/2020-2022-induction-ceremony/
review-video-context-before-assignment,margaret-w-wong-2010,Margaret W. Wong,2010,36YHkoqo-Fk,https://www.youtube.com/watch?v=36YHkoqo-Fk,class-or-ceremony-page-mention,0.32,false,needs-rights-caption-transcript-review,https://clevelandinternationalhalloffame.com/2020-2022-induction-ceremony/
review-video-context-before-assignment,margaret-w-wong-2010,Margaret W. Wong,2010,EZ92Q341gm4,https://www.youtube.com/watch?v=EZ92Q341gm4,class-or-ceremony-page-mention,0.32,false,needs-rights-caption-transcript-review,https://clevelandinternationalhalloffame.com/2020-2022-induction-ceremony/
review-video-context-before-assignment,margaret-w-wong-2010,Margaret W. Wong,2010,MzvxeSsag0w,https://www.youtube.com/watch?v=MzvxeSsag0w,class-or-ceremony-page-mention,0.32,false,needs-rights-caption-transcript-review,https://clevelandinternationalhalloffame.com/2020-2022-induction-ceremony/
review-video-context-before-assignment,margaret-w-wong-2010,Margaret W. Wong,2010,Do7atH9353s,https://www.youtube.com/watch?v=Do7atH9353s,class-or-ceremony-page-mention,0.32,false,needs-rights-caption-transcript-review,https://clevelandinternationalhalloffame.com/induction-class-2010/
review-video-context-before-assignment,margaret-w-wong-2010,Margaret W. Wong,2010,jE7WSnYhKN0,https://www.youtube.com/watch?v=jE7WSnYhKN0,class-or-ceremony-page-mention,0.32,false,needs-rights-caption-transcript-review,https://clevelandinternationalhalloffame.com/induction-class-2010/
review-video-context-before-assignment,paramjit-singh-2010,Paramjit Singh,2010,I133bhcNqgo,https://www.youtube.com/watch?v=I133bhcNqgo,class-or-ceremony-page-mention,0.32,false,needs-rights-caption-transcript-review,https://clevelandinternationalhalloffame.com/2024-details/
review-video-context-before-assignment,paramjit-singh-2010,Paramjit Singh,2010,P34omi5XUiY,https://www.youtube.com/watch?v=P34omi5XUiY,class-or-ceremony-page-mention,0.32,false,needs-rights-caption-transcript-review,https://clevelandinternationalhalloffame.com/2024-details/
review-video-context-before-assignment,paramjit-singh-2010,Paramjit Singh,2010,Ssb2SQ6HPoo,https://www.youtube.com/watch?v=Ssb2SQ6HPoo,class-or-ceremony-page-mention,0.32,false,needs-rights-caption-transcript-review,https://clevelandinternationalhalloffame.com/2019-induction-ceremony/
review-video-context-before-assignment,paramjit-singh-2010,Paramjit Singh,2010,vwTIgQpdBEo,https://www.youtube.com/watch?v=vwTIgQpdBEo,class-or-ceremony-page-mention,0.32,false,needs-rights-caption-transcript-review,https://clevelandinternationalhalloffame.com/2019-induction-ceremony/
review-video-context-before-assignment,paramjit-singh-2010,Paramjit Singh,2010,w2Xq5luKGCU,https://www.youtube.com/watch?v=w2Xq5luKGCU,class-or-ceremony-page-mention,0.32,false,needs-rights-caption-transcript-review,https://clevelandinternationalhalloffame.com/2019-induction-ceremony/
review-video-context-before-assignment,paramjit-singh-2010,Paramjit Singh,2010,lHHN_zd8O8k,https://www.youtube.com/watch?v=lHHN_zd8O8k,class-or-ceremony-page-mention,0.32,false,needs-rights-caption-transcript-review,https://clevelandinternationalhalloffame.com/2019-induction-ceremony/
review-video-context-before-assignment,paramjit-singh-2010,Paramjit Singh,2010,_ifygk1bw5Q,https://www.youtube.com/watch?v=_ifygk1bw5Q,class-or-ceremony-page-mention,0.32,false,needs-rights-caption-transcript-review,https://clevelandinternationalhalloffame.com/2019-induction-ceremony/
review-video-context-before-assignment,paramjit-singh-2010,Paramjit Singh,2010,eCOSePkWnFY,https://www.youtube.com/watch?v=eCOSePkWnFY,class-or-ceremony-page-mention,0.32,false,needs-rights-caption-transcript-review,https://clevelandinternationalhalloffame.com/2019-induction-ceremony/
review-video-context-before-assignment,paramjit-singh-2010,Paramjit Singh,2010,Do7atH9353s,https://www.youtube.com/watch?v=Do7atH9353s,class-or-ceremony-page-mention,0.32,false,needs-rights-caption-transcript-review,https://clevelandinternationalhalloffame.com/induction-class-2010/
review-video-context-before-assignment,paramjit-singh-2010,Paramjit Singh,2010,jE7WSnYhKN0,https://www.youtube.com/watch?v=jE7WSnYhKN0,class-or-ceremony-page-mention,0.32,false,needs-rights-caption-transcript-review,https://clevelandinternationalhalloffame.com/induction-class-2010/
review-video-context-before-assignment,paul-sciria-2010,Paul Sciria,2010,I133bhcNqgo,https://www.youtube.com/watch?v=I133bhcNqgo,class-or-ceremony-page-mention,0.32,false,needs-rights-caption-transcript-review,https://clevelandinternationalhalloffame.com/2024-details/
review-video-context-before-assignment,paul-sciria-2010,Paul Sciria,2010,P34omi5XUiY,https://www.youtube.com/watch?v=P34omi5XUiY,class-or-ceremony-page-mention,0.32,false,needs-rights-caption-transcript-review,https://clevelandinternationalhalloffame.com/2024-details/
review-video-context-before-assignment,paul-sciria-2010,Paul Sciria,2010,Ssb2SQ6HPoo,https://www.youtube.com/watch?v=Ssb2SQ6HPoo,class-or-ceremony-page-mention,0.32,false,needs-rights-caption-transcript-review,https://clevelandinternationalhalloffame.com/2019-induction-ceremony/
review-video-context-before-assignment,paul-sciria-2010,Paul Sciria,2010,vwTIgQpdBEo,https://www.youtube.com/watch?v=vwTIgQpdBEo,class-or-ceremony-page-mention,0.32,false,needs-rights-caption-transcript-review,https://clevelandinternationalhalloffame.com/2019-induction-ceremony/
review-video-context-before-assignment,paul-sciria-2010,Paul Sciria,2010,w2Xq5luKGCU,https://www.youtube.com/watch?v=w2Xq5luKGCU,class-or-ceremony-page-mention,0.32,false,needs-rights-caption-transcript-review,https://clevelandinternationalhalloffame.com/2019-induction-ceremony/
review-video-context-before-assignment,paul-sciria-2010,Paul Sciria,2010,lHHN_zd8O8k,https://www.youtube.com/watch?v=lHHN_zd8O8k,class-or-ceremony-page-mention,0.32,false,needs-rights-caption-transcript-review,https://clevelandinternationalhalloffame.com/2019-induction-ceremony/
review-video-context-before-assignment,paul-sciria-2010,Paul Sciria,2010,_ifygk1bw5Q,https://www.youtube.com/watch?v=_ifygk1bw5Q,class-or-ceremony-page-mention,0.32,false,needs-rights-caption-transcript-review,https://clevelandinternationalhalloffame.com/2019-induction-ceremony/
review-video-context-before-assignment,paul-sciria-2010,Paul Sciria,2010,eCOSePkWnFY,https://www.youtube.com/watch?v=eCOSePkWnFY,class-or-ceremony-page-mention,0.32,false,needs-rights-caption-transcript-review,https://clevelandinternationalhalloffame.com/2019-induction-ceremony/
review-video-context-before-assignment,paul-sciria-2010,Paul Sciria,2010,Do7atH9353s,https://www.youtube.com/watch?v=Do7atH9353s,class-or-ceremony-page-mention,0.32,false,needs-rights-caption-transcript-review,https://clevelandinternationalhalloffame.com/induction-class-2010/
review-video-context-before-assignment,paul-sciria-2010,Paul Sciria,2010,jE7WSnYhKN0,https://www.youtube.com/watch?v=jE7WSnYhKN0,class-or-ceremony-page-mention,0.32,false,needs-rights-caption-transcript-review,https://clevelandinternationalhalloffame.com/induction-class-2010/
review-video-context-before-assignment,robert-j-haas-2010,Robert J. Haas,2010,Do7atH9353s,https://www.youtube.com/watch?v=Do7atH9353s,class-or-ceremony-page-mention,0.32,false,needs-rights-caption-transcript-review,https://clevelandinternationalhalloffame.com/induction-class-2010/
review-video-context-before-assignment,robert-j-haas-2010,Robert J. Haas,2010,jE7WSnYhKN0,https://www.youtube.com/watch?v=jE7WSnYhKN0,class-or-ceremony-page-mention,0.32,false,needs-rights-caption-transcript-review,https://clevelandinternationalhalloffame.com/induction-class-2010/
review-video-context-before-assignment,senator-george-voinovich-2010,Senator George Voinovich,2010,I133bhcNqgo,https://www.youtube.com/watch?v=I133bhcNqgo,class-or-ceremony-page-mention,0.32,false,needs-rights-caption-transcript-review,https://clevelandinternationalhalloffame.com/2024-details/
review-video-context-before-assignment,senator-george-voinovich-2010,Senator George Voinovich,2010,P34omi5XUiY,https://www.youtube.com/watch?v=P34omi5XUiY,class-or-ceremony-page-mention,0.32,false,needs-rights-caption-transcript-review,https://clevelandinternationalhalloffame.com/2024-details/
review-video-context-before-assignment,senator-george-voinovich-2010,Senator George Voinovich,2010,Ssb2SQ6HPoo,https://www.youtube.com/watch?v=Ssb2SQ6HPoo,class-or-ceremony-page-mention,0.32,false,needs-rights-caption-transcript-review,https://clevelandinternationalhalloffame.com/2019-induction-ceremony/
review-video-context-before-assignment,senator-george-voinovich-2010,Senator George Voinovich,2010,vwTIgQpdBEo,https://www.youtube.com/watch?v=vwTIgQpdBEo,class-or-ceremony-page-mention,0.32,false,needs-rights-caption-transcript-review,https://clevelandinternationalhalloffame.com/2019-induction-ceremony/
review-video-context-before-assignment,senator-george-voinovich-2010,Senator George Voinovich,2010,w2Xq5luKGCU,https://www.youtube.com/watch?v=w2Xq5luKGCU,class-or-ceremony-page-mention,0.32,false,needs-rights-caption-transcript-review,https://clevelandinternationalhalloffame.com/2019-induction-ceremony/
review-video-context-before-assignment,senator-george-voinovich-2010,Senator George Voinovich,2010,lHHN_zd8O8k,https://www.youtube.com/watch?v=lHHN_zd8O8k,class-or-ceremony-page-mention,0.32,false,needs-rights-caption-transcript-review,https://clevelandinternationalhalloffame.com/2019-induction-ceremony/
review-video-context-before-assignment,senator-george-voinovich-2010,Senator George Voinovich,2010,_ifygk1bw5Q,https://www.youtube.com/watch?v=_ifygk1bw5Q,class-or-ceremony-page-mention,0.32,false,needs-rights-caption-transcript-review,https://clevelandinternationalhalloffame.com/2019-induction-ceremony/
review-video-context-before-assignment,senator-george-voinovich-2010,Senator George Voinovich,2010,eCOSePkWnFY,https://www.youtube.com/watch?v=eCOSePkWnFY,class-or-ceremony-page-mention,0.32,false,needs-rights-caption-transcript-review,https://clevelandinternationalhalloffame.com/2019-induction-ceremony/
review-video-context-before-assignment,albert-b-ratner-2011,Albert B. Ratner,2011,A_IJEnnuyYg,https://www.youtube.com/watch?v=A_IJEnnuyYg,class-or-ceremony-page-mention,0.32,false,needs-rights-caption-transcript-review,https://clevelandinternationalhalloffame.com/induction-class-2011/
review-video-context-before-assignment,albert-b-ratner-2011,Albert B. Ratner,2011,rlg546_0pC4,https://www.youtube.com/watch?v=rlg546_0pC4,class-or-ceremony-page-mention,0.32,false,needs-rights-caption-transcript-review,https://clevelandinternationalhalloffame.com/induction-class-2011/
review-video-context-before-assignment,gerald-m-quinn-2011,Gerald M. Quinn,2011,A_IJEnnuyYg,https://www.youtube.com/watch?v=A_IJEnnuyYg,class-or-ceremony-page-mention,0.32,false,needs-rights-caption-transcript-review,https://clevelandinternationalhalloffame.com/induction-class-2011/
review-video-context-before-assignment,gerald-m-quinn-2011,Gerald M. Quinn,2011,rlg546_0pC4,https://www.youtube.com/watch?v=rlg546_0pC4,class-or-ceremony-page-mention,0.32,false,needs-rights-caption-transcript-review,https://clevelandinternationalhalloffame.com/induction-class-2011/
review-video-context-before-assignment,giahoa-ryan-2011,Giahoa Ryan,2011,A_IJEnnuyYg,https://www.youtube.com/watch?v=A_IJEnnuyYg,class-or-ceremony-page-mention,0.32,false,needs-rights-caption-transcript-review,https://clevelandinternationalhalloffame.com/induction-class-2011/
review-video-context-before-assignment,giahoa-ryan-2011,Giahoa Ryan,2011,rlg546_0pC4,https://www.youtube.com/watch?v=rlg546_0pC4,class-or-ceremony-page-mention,0.32,false,needs-rights-caption-transcript-review,https://clevelandinternationalhalloffame.com/induction-class-2011/
review-video-context-before-assignment,lucretia-stoica-2011,Lucretia Stoica,2011,I133bhcNqgo,https://www.youtube.com/watch?v=I133bhcNqgo,class-or-ceremony-page-mention,0.32,false,needs-rights-caption-transcript-review,https://clevelandinternationalhalloffame.com/2024-details/
review-video-context-before-assignment,lucretia-stoica-2011,Lucretia Stoica,2011,P34omi5XUiY,https://www.youtube.com/watch?v=P34omi5XUiY,class-or-ceremony-page-mention,0.32,false,needs-rights-caption-transcript-review,https://clevelandinternationalhalloffame.com/2024-details/
review-video-context-before-assignment,lucretia-stoica-2011,Lucretia Stoica,2011,A_IJEnnuyYg,https://www.youtube.com/watch?v=A_IJEnnuyYg,class-or-ceremony-page-mention,0.32,false,needs-rights-caption-transcript-review,https://clevelandinternationalhalloffame.com/induction-class-2011/
review-video-context-before-assignment,lucretia-stoica-2011,Lucretia Stoica,2011,rlg546_0pC4,https://www.youtube.com/watch?v=rlg546_0pC4,class-or-ceremony-page-mention,0.32,false,needs-rights-caption-transcript-review,https://clevelandinternationalhalloffame.com/induction-class-2011/
review-video-context-before-assignment,luis-martinez-2011,Luis Martinez,2011,A_IJEnnuyYg,https://www.youtube.com/watch?v=A_IJEnnuyYg,class-or-ceremony-page-mention,0.32,false,needs-rights-caption-transcript-review,https://clevelandinternationalhalloffame.com/induction-class-2011/
review-video-context-before-assignment,luis-martinez-2011,Luis Martinez,2011,rlg546_0pC4,https://www.youtube.com/watch?v=rlg546_0pC4,class-or-ceremony-page-mention,0.32,false,needs-rights-caption-transcript-review,https://clevelandinternationalhalloffame.com/induction-class-2011/
review-video-context-before-assignment,tony-petkovsek-2011,Tony Petkovsek,2011,I133bhcNqgo,https://www.youtube.com/watch?v=I133bhcNqgo,class-or-ceremony-page-mention,0.32,false,needs-rights-caption-transcript-review,https://clevelandinternationalhalloffame.com/2024-details/
review-video-context-before-assignment,tony-petkovsek-2011,Tony Petkovsek,2011,P34omi5XUiY,https://www.youtube.com/watch?v=P34omi5XUiY,class-or-ceremony-page-mention,0.32,false,needs-rights-caption-transcript-review,https://clevelandinternationalhalloffame.com/2024-details/
review-video-context-before-assignment,tony-petkovsek-2011,Tony Petkovsek,2011,A_IJEnnuyYg,https://www.youtube.com/watch?v=A_IJEnnuyYg,class-or-ceremony-page-mention,0.32,false,needs-rights-caption-transcript-review,https://clevelandinternationalhalloffame.com/induction-class-2011/
review-video-context-before-assignment,tony-petkovsek-2011,Tony Petkovsek,2011,rlg546_0pC4,https://www.youtube.com/watch?v=rlg546_0pC4,class-or-ceremony-page-mention,0.32,false,needs-rights-caption-transcript-review,https://clevelandinternationalhalloffame.com/induction-class-2011/
review-video-context-before-assignment,vijaya-l-emani-2011,Vijaya L. Emani,2011,I133bhcNqgo,https://www.youtube.com/watch?v=I133bhcNqgo,class-or-ceremony-page-mention,0.32,false,needs-rights-caption-transcript-review,https://clevelandinternationalhalloffame.com/2024-details/
review-video-context-before-assignment,vijaya-l-emani-2011,Vijaya L. Emani,2011,P34omi5XUiY,https://www.youtube.com/watch?v=P34omi5XUiY,class-or-ceremony-page-mention,0.32,false,needs-rights-caption-transcript-review,https://clevelandinternationalhalloffame.com/2024-details/
review-video-context-before-assignment,vijaya-l-emani-2011,Vijaya L. Emani,2011,A_IJEnnuyYg,https://www.youtube.com/watch?v=A_IJEnnuyYg,class-or-ceremony-page-mention,0.32,false,needs-rights-caption-transcript-review,https://clevelandinternationalhalloffame.com/induction-class-2011/
review-video-context-before-assignment,vijaya-l-emani-2011,Vijaya L. Emani,2011,rlg546_0pC4,https://www.youtube.com/watch?v=rlg546_0pC4,class-or-ceremony-page-mention,0.32,false,needs-rights-caption-transcript-review,https://clevelandinternationalhalloffame.com/induction-class-2011/
review-video-context-before-assignment,dr-jaya-shah-2012,Dr. Jaya Shah,2012,b3EUjRTsbQI,https://www.youtube.com/watch?v=b3EUjRTsbQI,class-or-ceremony-page-mention,0.32,false,needs-rights-caption-transcript-review,https://clevelandinternationalhalloffame.com/induction-class-2012/
review-video-context-before-assignment,dr-jaya-shah-2012,Dr. Jaya Shah,2012,a0gi3EmNU00,https://www.youtube.com/watch?v=a0gi3EmNU00,class-or-ceremony-page-mention,0.32,false,needs-rights-caption-transcript-review,https://clevelandinternationalhalloffame.com/induction-class-2012/
review-video-context-before-assignment,ken-kovach-2012,Ken Kovach,2012,I133bhcNqgo,https://www.youtube.com/watch?v=I133bhcNqgo,class-or-ceremony-page-mention,0.32,false,needs-rights-caption-transcript-review,https://clevelandinternationalhalloffame.com/2024-details/
review-video-context-before-assignment,ken-kovach-2012,Ken Kovach,2012,P34omi5XUiY,https://www.youtube.com/watch?v=P34omi5XUiY,class-or-ceremony-page-mention,0.32,false,needs-rights-caption-transcript-review,https://clevelandinternationalhalloffame.com/2024-details/
review-video-context-before-assignment,ken-kovach-2012,Ken Kovach,2012,Ssb2SQ6HPoo,https://www.youtube.com/watch?v=Ssb2SQ6HPoo,class-or-ceremony-page-mention,0.32,false,needs-rights-caption-transcript-review,https://clevelandinternationalhalloffame.com/2019-induction-ceremony/
review-video-context-before-assignment,ken-kovach-2012,Ken Kovach,2012,vwTIgQpdBEo,https://www.youtube.com/watch?v=vwTIgQpdBEo,class-or-ceremony-page-mention,0.32,false,needs-rights-caption-transcript-review,https://clevelandinternationalhalloffame.com/2019-induction-ceremony/
review-video-context-before-assignment,ken-kovach-2012,Ken Kovach,2012,w2Xq5luKGCU,https://www.youtube.com/watch?v=w2Xq5luKGCU,class-or-ceremony-page-mention,0.32,false,needs-rights-caption-transcript-review,https://clevelandinternationalhalloffame.com/2019-induction-ceremony/
review-video-context-before-assignment,ken-kovach-2012,Ken Kovach,2012,lHHN_zd8O8k,https://www.youtube.com/watch?v=lHHN_zd8O8k,class-or-ceremony-page-mention,0.32,false,needs-rights-caption-transcript-review,https://clevelandinternationalhalloffame.com/2019-induction-ceremony/
review-video-context-before-assignment,ken-kovach-2012,Ken Kovach,2012,_ifygk1bw5Q,https://www.youtube.com/watch?v=_ifygk1bw5Q,class-or-ceremony-page-mention,0.32,false,needs-rights-caption-transcript-review,https://clevelandinternationalhalloffame.com/2019-induction-ceremony/
review-video-context-before-assignment,ken-kovach-2012,Ken Kovach,2012,eCOSePkWnFY,https://www.youtube.com/watch?v=eCOSePkWnFY,class-or-ceremony-page-mention,0.32,false,needs-rights-caption-transcript-review,https://clevelandinternationalhalloffame.com/2019-induction-ceremony/
review-video-context-before-assignment,ken-kovach-2012,Ken Kovach,2012,b3EUjRTsbQI,https://www.youtube.com/watch?v=b3EUjRTsbQI,class-or-ceremony-page-mention,0.32,false,needs-rights-caption-transcript-review,https://clevelandinternationalhalloffame.com/induction-class-2012/
review-video-context-before-assignment,ken-kovach-2012,Ken Kovach,2012,a0gi3EmNU00,https://www.youtube.com/watch?v=a0gi3EmNU00,class-or-ceremony-page-mention,0.32,false,needs-rights-caption-transcript-review,https://clevelandinternationalhalloffame.com/induction-class-2012/
review-video-context-before-assignment,ken-kovach-2012,Ken Kovach,2012,A_IJEnnuyYg,https://www.youtube.com/watch?v=A_IJEnnuyYg,class-or-ceremony-page-mention,0.32,false,needs-rights-caption-transcript-review,https://clevelandinternationalhalloffame.com/induction-class-2011/
review-video-context-before-assignment,ken-kovach-2012,Ken Kovach,2012,rlg546_0pC4,https://www.youtube.com/watch?v=rlg546_0pC4,class-or-ceremony-page-mention,0.32,false,needs-rights-caption-transcript-review,https://clevelandinternationalhalloffame.com/induction-class-2011/
review-video-context-before-assignment,milton-maltz-2012,Milton Maltz,2012,b3EUjRTsbQI,https://www.youtube.com/watch?v=b3EUjRTsbQI,class-or-ceremony-page-mention,0.32,false,needs-rights-caption-transcript-review,https://clevelandinternationalhalloffame.com/induction-class-2012/
review-video-context-before-assignment,milton-maltz-2012,Milton Maltz,2012,a0gi3EmNU00,https://www.youtube.com/watch?v=a0gi3EmNU00,class-or-ceremony-page-mention,0.32,false,needs-rights-caption-transcript-review,https://clevelandinternationalhalloffame.com/induction-class-2012/
review-video-context-before-assignment,vladimir-rus-2012,Vladimir Rus,2012,I133bhcNqgo,https://www.youtube.com/watch?v=I133bhcNqgo,class-or-ceremony-page-mention,0.32,false,needs-rights-caption-transcript-review,https://clevelandinternationalhalloffame.com/2024-details/
review-video-context-before-assignment,vladimir-rus-2012,Vladimir Rus,2012,P34omi5XUiY,https://www.youtube.com/watch?v=P34omi5XUiY,class-or-ceremony-page-mention,0.32,false,needs-rights-caption-transcript-review,https://clevelandinternationalhalloffame.com/2024-details/
review-video-context-before-assignment,vladimir-rus-2012,Vladimir Rus,2012,b3EUjRTsbQI,https://www.youtube.com/watch?v=b3EUjRTsbQI,class-or-ceremony-page-mention,0.32,false,needs-rights-caption-transcript-review,https://clevelandinternationalhalloffame.com/induction-class-2012/
review-video-context-before-assignment,vladimir-rus-2012,Vladimir Rus,2012,a0gi3EmNU00,https://www.youtube.com/watch?v=a0gi3EmNU00,class-or-ceremony-page-mention,0.32,false,needs-rights-caption-transcript-review,https://clevelandinternationalhalloffame.com/induction-class-2012/
review-video-context-before-assignment,bishop-a-edward-pevec-2013,Bishop A. Edward Pevec,2013,mrnRSQgQi1k,https://www.youtube.com/watch?v=mrnRSQgQi1k,class-or-ceremony-page-mention,0.32,false,needs-rights-caption-transcript-review,https://clevelandinternationalhalloffame.com/induction-class-2013/
review-video-context-before-assignment,bishop-a-edward-pevec-2013,Bishop A. Edward Pevec,2013,LLkc_JGAW6M,https://www.youtube.com/watch?v=LLkc_JGAW6M,class-or-ceremony-page-mention,0.32,false,needs-rights-caption-transcript-review,https://clevelandinternationalhalloffame.com/induction-class-2013/
review-video-context-before-assignment,nacy-panzica-2013,Nacy Panzica,2013,I133bhcNqgo,https://www.youtube.com/watch?v=I133bhcNqgo,class-or-ceremony-page-mention,0.32,false,needs-rights-caption-transcript-review,https://clevelandinternationalhalloffame.com/2024-details/
review-video-context-before-assignment,nacy-panzica-2013,Nacy Panzica,2013,P34omi5XUiY,https://www.youtube.com/watch?v=P34omi5XUiY,class-or-ceremony-page-mention,0.32,false,needs-rights-caption-transcript-review,https://clevelandinternationalhalloffame.com/2024-details/
review-video-context-before-assignment,nacy-panzica-2013,Nacy Panzica,2013,mrnRSQgQi1k,https://www.youtube.com/watch?v=mrnRSQgQi1k,class-or-ceremony-page-mention,0.32,false,needs-rights-caption-transcript-review,https://clevelandinternationalhalloffame.com/induction-class-2013/
review-video-context-before-assignment,nacy-panzica-2013,Nacy Panzica,2013,LLkc_JGAW6M,https://www.youtube.com/watch?v=LLkc_JGAW6M,class-or-ceremony-page-mention,0.32,false,needs-rights-caption-transcript-review,https://clevelandinternationalhalloffame.com/induction-class-2013/
review-video-context-before-assignment,donna-hom-2014,Donna Hom,2014,I133bhcNqgo,https://www.youtube.com/watch?v=I133bhcNqgo,class-or-ceremony-page-mention,0.32,false,needs-rights-caption-transcript-review,https://clevelandinternationalhalloffame.com/2024-details/
review-video-context-before-assignment,donna-hom-2014,Donna Hom,2014,P34omi5XUiY,https://www.youtube.com/watch?v=P34omi5XUiY,class-or-ceremony-page-mention,0.32,false,needs-rights-caption-transcript-review,https://clevelandinternationalhalloffame.com/2024-details/
review-video-context-before-assignment,ernie-mihaly-2014,Ernie Mihaly,2014,I133bhcNqgo,https://www.youtube.com/watch?v=I133bhcNqgo,class-or-ceremony-page-mention,0.32,false,needs-rights-caption-transcript-review,https://clevelandinternationalhalloffame.com/2024-details/
review-video-context-before-assignment,ernie-mihaly-2014,Ernie Mihaly,2014,P34omi5XUiY,https://www.youtube.com/watch?v=P34omi5XUiY,class-or-ceremony-page-mention,0.32,false,needs-rights-caption-transcript-review,https://clevelandinternationalhalloffame.com/2024-details/
review-video-context-before-assignment,ernie-mihaly-2014,Ernie Mihaly,2014,Ssb2SQ6HPoo,https://www.youtube.com/watch?v=Ssb2SQ6HPoo,class-or-ceremony-page-mention,0.32,false,needs-rights-caption-transcript-review,https://clevelandinternationalhalloffame.com/2019-induction-ceremony/
review-video-context-before-assignment,ernie-mihaly-2014,Ernie Mihaly,2014,vwTIgQpdBEo,https://www.youtube.com/watch?v=vwTIgQpdBEo,class-or-ceremony-page-mention,0.32,false,needs-rights-caption-transcript-review,https://clevelandinternationalhalloffame.com/2019-induction-ceremony/
review-video-context-before-assignment,ernie-mihaly-2014,Ernie Mihaly,2014,w2Xq5luKGCU,https://www.youtube.com/watch?v=w2Xq5luKGCU,class-or-ceremony-page-mention,0.32,false,needs-rights-caption-transcript-review,https://clevelandinternationalhalloffame.com/2019-induction-ceremony/
review-video-context-before-assignment,ernie-mihaly-2014,Ernie Mihaly,2014,lHHN_zd8O8k,https://www.youtube.com/watch?v=lHHN_zd8O8k,class-or-ceremony-page-mention,0.32,false,needs-rights-caption-transcript-review,https://clevelandinternationalhalloffame.com/2019-induction-ceremony/
review-video-context-before-assignment,ernie-mihaly-2014,Ernie Mihaly,2014,_ifygk1bw5Q,https://www.youtube.com/watch?v=_ifygk1bw5Q,class-or-ceremony-page-mention,0.32,false,needs-rights-caption-transcript-review,https://clevelandinternationalhalloffame.com/2019-induction-ceremony/
review-video-context-before-assignment,ernie-mihaly-2014,Ernie Mihaly,2014,eCOSePkWnFY,https://www.youtube.com/watch?v=eCOSePkWnFY,class-or-ceremony-page-mention,0.32,false,needs-rights-caption-transcript-review,https://clevelandinternationalhalloffame.com/2019-induction-ceremony/
review-video-context-before-assignment,margaret-callander-2014,Margaret Callander,2014,I133bhcNqgo,https://www.youtube.com/watch?v=I133bhcNqgo,class-or-ceremony-page-mention,0.32,false,needs-rights-caption-transcript-review,https://clevelandinternationalhalloffame.com/2024-details/
review-video-context-before-assignment,margaret-callander-2014,Margaret Callander,2014,P34omi5XUiY,https://www.youtube.com/watch?v=P34omi5XUiY,class-or-ceremony-page-mention,0.32,false,needs-rights-caption-transcript-review,https://clevelandinternationalhalloffame.com/2024-details/
review-video-context-before-assignment,bishop-anthony-pilla-2015,Bishop Anthony Pilla,2015,I133bhcNqgo,https://www.youtube.com/watch?v=I133bhcNqgo,class-or-ceremony-page-mention,0.32,false,needs-rights-caption-transcript-review,https://clevelandinternationalhalloffame.com/2024-details/
review-video-context-before-assignment,bishop-anthony-pilla-2015,Bishop Anthony Pilla,2015,P34omi5XUiY,https://www.youtube.com/watch?v=P34omi5XUiY,class-or-ceremony-page-mention,0.32,false,needs-rights-caption-transcript-review,https://clevelandinternationalhalloffame.com/2024-details/
review-video-context-before-assignment,dick-pogue-2015,Dick Pogue,2015,I133bhcNqgo,https://www.youtube.com/watch?v=I133bhcNqgo,class-or-ceremony-page-mention,0.32,false,needs-rights-caption-transcript-review,https://clevelandinternationalhalloffame.com/2024-details/
review-video-context-before-assignment,dick-pogue-2015,Dick Pogue,2015,P34omi5XUiY,https://www.youtube.com/watch?v=P34omi5XUiY,class-or-ceremony-page-mention,0.32,false,needs-rights-caption-transcript-review,https://clevelandinternationalhalloffame.com/2024-details/
review-video-context-before-assignment,dick-russ-2015,Dick Russ,2015,b3EUjRTsbQI,https://www.youtube.com/watch?v=b3EUjRTsbQI,class-or-ceremony-page-mention,0.32,false,needs-rights-caption-transcript-review,https://clevelandinternationalhalloffame.com/induction-class-2012/
review-video-context-before-assignment,dick-russ-2015,Dick Russ,2015,a0gi3EmNU00,https://www.youtube.com/watch?v=a0gi3EmNU00,class-or-ceremony-page-mention,0.32,false,needs-rights-caption-transcript-review,https://clevelandinternationalhalloffame.com/induction-class-2012/
review-video-context-before-assignment,dick-russ-2015,Dick Russ,2015,Do7atH9353s,https://www.youtube.com/watch?v=Do7atH9353s,class-or-ceremony-page-mention,0.32,false,needs-rights-caption-transcript-review,https://clevelandinternationalhalloffame.com/induction-class-2010/
review-video-context-before-assignment,dick-russ-2015,Dick Russ,2015,jE7WSnYhKN0,https://www.youtube.com/watch?v=jE7WSnYhKN0,class-or-ceremony-page-mention,0.32,false,needs-rights-caption-transcript-review,https://clevelandinternationalhalloffame.com/induction-class-2010/
review-video-context-before-assignment,steve-mulloy-2015,Steve Mulloy,2015,I133bhcNqgo,https://www.youtube.com/watch?v=I133bhcNqgo,class-or-ceremony-page-mention,0.32,false,needs-rights-caption-transcript-review,https://clevelandinternationalhalloffame.com/2024-details/
review-video-context-before-assignment,steve-mulloy-2015,Steve Mulloy,2015,P34omi5XUiY,https://www.youtube.com/watch?v=P34omi5XUiY,class-or-ceremony-page-mention,0.32,false,needs-rights-caption-transcript-review,https://clevelandinternationalhalloffame.com/2024-details/
review-video-context-before-assignment,jack-kahl-2016,Jack Kahl,2016,I133bhcNqgo,https://www.youtube.com/watch?v=I133bhcNqgo,class-or-ceremony-page-mention,0.32,false,needs-rights-caption-transcript-review,https://clevelandinternationalhalloffame.com/2024-details/
review-video-context-before-assignment,jack-kahl-2016,Jack Kahl,2016,P34omi5XUiY,https://www.youtube.com/watch?v=P34omi5XUiY,class-or-ceremony-page-mention,0.32,false,needs-rights-caption-transcript-review,https://clevelandinternationalhalloffame.com/2024-details/
review-video-context-before-assignment,jack-kahl-2016,Jack Kahl,2016,b3EUjRTsbQI,https://www.youtube.com/watch?v=b3EUjRTsbQI,class-or-ceremony-page-mention,0.32,false,needs-rights-caption-transcript-review,https://clevelandinternationalhalloffame.com/induction-class-2012/
review-video-context-before-assignment,jack-kahl-2016,Jack Kahl,2016,a0gi3EmNU00,https://www.youtube.com/watch?v=a0gi3EmNU00,class-or-ceremony-page-mention,0.32,false,needs-rights-caption-transcript-review,https://clevelandinternationalhalloffame.com/induction-class-2012/
review-video-context-before-assignment,mohan-bafna-2016,Mohan Bafna,2016,I133bhcNqgo,https://www.youtube.com/watch?v=I133bhcNqgo,class-or-ceremony-page-mention,0.32,false,needs-rights-caption-transcript-review,https://clevelandinternationalhalloffame.com/2024-details/
review-video-context-before-assignment,mohan-bafna-2016,Mohan Bafna,2016,P34omi5XUiY,https://www.youtube.com/watch?v=P34omi5XUiY,class-or-ceremony-page-mention,0.32,false,needs-rights-caption-transcript-review,https://clevelandinternationalhalloffame.com/2024-details/
review-video-context-before-assignment,basil-russo-2017,Basil Russo,2017,yR18WkgJ_tQ,https://www.youtube.com/watch?v=yR18WkgJ_tQ,class-or-ceremony-page-mention,0.32,false,needs-rights-caption-transcript-review,https://clevelandinternationalhalloffame.com/2023-induction-ceremony/
review-video-context-before-assignment,basil-russo-2017,Basil Russo,2017,7im99WF6Sfw,https://www.youtube.com/watch?v=7im99WF6Sfw,class-or-ceremony-page-mention,0.32,false,needs-rights-caption-transcript-review,https://clevelandinternationalhalloffame.com/2023-induction-ceremony/
review-video-context-before-assignment,basil-russo-2017,Basil Russo,2017,DhCiFpCsGFk,https://www.youtube.com/watch?v=DhCiFpCsGFk,class-or-ceremony-page-mention,0.32,false,needs-rights-caption-transcript-review,https://clevelandinternationalhalloffame.com/2023-induction-ceremony/
review-video-context-before-assignment,basil-russo-2017,Basil Russo,2017,RImDK_lpjFM,https://www.youtube.com/watch?v=RImDK_lpjFM,class-or-ceremony-page-mention,0.32,false,needs-rights-caption-transcript-review,https://clevelandinternationalhalloffame.com/2023-induction-ceremony/
review-video-context-before-assignment,basil-russo-2017,Basil Russo,2017,EtHbvT_s4NY,https://www.youtube.com/watch?v=EtHbvT_s4NY,class-or-ceremony-page-mention,0.32,false,needs-rights-caption-transcript-review,https://clevelandinternationalhalloffame.com/2023-induction-ceremony/
review-video-context-before-assignment,basil-russo-2017,Basil Russo,2017,ynzDfs0graM,https://www.youtube.com/watch?v=ynzDfs0graM,class-or-ceremony-page-mention,0.32,false,needs-rights-caption-transcript-review,https://clevelandinternationalhalloffame.com/2023-induction-ceremony/
review-video-context-before-assignment,basil-russo-2017,Basil Russo,2017,lF42eHsGdFc,https://www.youtube.com/watch?v=lF42eHsGdFc,class-or-ceremony-page-mention,0.32,false,needs-rights-caption-transcript-review,https://clevelandinternationalhalloffame.com/2023-induction-ceremony/
review-video-context-before-assignment,basil-russo-2017,Basil Russo,2017,NcCM_1SAQek,https://www.youtube.com/watch?v=NcCM_1SAQek,class-or-ceremony-page-mention,0.32,false,needs-rights-caption-transcript-review,https://clevelandinternationalhalloffame.com/induction-class-2017/
review-video-context-before-assignment,basil-russo-2017,Basil Russo,2017,wBzBVH4kBkg,https://www.youtube.com/watch?v=wBzBVH4kBkg,class-or-ceremony-page-mention,0.32,false,needs-rights-caption-transcript-review,https://clevelandinternationalhalloffame.com/induction-class-2017/
review-video-context-before-assignment,basil-russo-2017,Basil Russo,2017,14YLHrGlU-4,https://www.youtube.com/watch?v=14YLHrGlU-4,class-or-ceremony-page-mention,0.32,false,needs-rights-caption-transcript-review,https://clevelandinternationalhalloffame.com/induction-class-2017/
review-video-context-before-assignment,basil-russo-2017,Basil Russo,2017,IblVlQoTrtc,https://www.youtube.com/watch?v=IblVlQoTrtc,class-or-ceremony-page-mention,0.32,false,needs-rights-caption-transcript-review,https://clevelandinternationalhalloffame.com/induction-class-2017/
review-video-context-before-assignment,jim-craciun-2017,Jim Craciun,2017,I133bhcNqgo,https://www.youtube.com/watch?v=I133bhcNqgo,class-or-ceremony-page-mention,0.32,false,needs-rights-caption-transcript-review,https://clevelandinternationalhalloffame.com/2024-details/
review-video-context-before-assignment,jim-craciun-2017,Jim Craciun,2017,P34omi5XUiY,https://www.youtube.com/watch?v=P34omi5XUiY,class-or-ceremony-page-mention,0.32,false,needs-rights-caption-transcript-review,https://clevelandinternationalhalloffame.com/2024-details/
review-video-context-before-assignment,jim-craciun-2017,Jim Craciun,2017,NcCM_1SAQek,https://www.youtube.com/watch?v=NcCM_1SAQek,class-or-ceremony-page-mention,0.32,false,needs-rights-caption-transcript-review,https://clevelandinternationalhalloffame.com/induction-class-2017/
review-video-context-before-assignment,jim-craciun-2017,Jim Craciun,2017,wBzBVH4kBkg,https://www.youtube.com/watch?v=wBzBVH4kBkg,class-or-ceremony-page-mention,0.32,false,needs-rights-caption-transcript-review,https://clevelandinternationalhalloffame.com/induction-class-2017/
review-video-context-before-assignment,jim-craciun-2017,Jim Craciun,2017,14YLHrGlU-4,https://www.youtube.com/watch?v=14YLHrGlU-4,class-or-ceremony-page-mention,0.32,false,needs-rights-caption-transcript-review,https://clevelandinternationalhalloffame.com/induction-class-2017/
review-video-context-before-assignment,jim-craciun-2017,Jim Craciun,2017,IblVlQoTrtc,https://www.youtube.com/watch?v=IblVlQoTrtc,class-or-ceremony-page-mention,0.32,false,needs-rights-caption-transcript-review,https://clevelandinternationalhalloffame.com/induction-class-2017/
review-video-context-before-assignment,mona-alag-2017,Mona Alag,2017,NcCM_1SAQek,https://www.youtube.com/watch?v=NcCM_1SAQek,class-or-ceremony-page-mention,0.32,false,needs-rights-caption-transcript-review,https://clevelandinternationalhalloffame.com/induction-class-2017/
review-video-context-before-assignment,mona-alag-2017,Mona Alag,2017,wBzBVH4kBkg,https://www.youtube.com/watch?v=wBzBVH4kBkg,class-or-ceremony-page-mention,0.32,false,needs-rights-caption-transcript-review,https://clevelandinternationalhalloffame.com/induction-class-2017/
review-video-context-before-assignment,mona-alag-2017,Mona Alag,2017,14YLHrGlU-4,https://www.youtube.com/watch?v=14YLHrGlU-4,class-or-ceremony-page-mention,0.32,false,needs-rights-caption-transcript-review,https://clevelandinternationalhalloffame.com/induction-class-2017/
review-video-context-before-assignment,mona-alag-2017,Mona Alag,2017,IblVlQoTrtc,https://www.youtube.com/watch?v=IblVlQoTrtc,class-or-ceremony-page-mention,0.32,false,needs-rights-caption-transcript-review,https://clevelandinternationalhalloffame.com/induction-class-2017/
review-video-context-before-assignment,mona-alag-2017,Mona Alag,2017,Do7atH9353s,https://www.youtube.com/watch?v=Do7atH9353s,class-or-ceremony-page-mention,0.32,false,needs-rights-caption-transcript-review,https://clevelandinternationalhalloffame.com/induction-class-2010/
review-video-context-before-assignment,mona-alag-2017,Mona Alag,2017,jE7WSnYhKN0,https://www.youtube.com/watch?v=jE7WSnYhKN0,class-or-ceremony-page-mention,0.32,false,needs-rights-caption-transcript-review,https://clevelandinternationalhalloffame.com/induction-class-2010/
review-video-context-before-assignment,wael-khoury-2017,Wael Khoury,2017,I133bhcNqgo,https://www.youtube.com/watch?v=I133bhcNqgo,class-or-ceremony-page-mention,0.32,false,needs-rights-caption-transcript-review,https://clevelandinternationalhalloffame.com/2024-details/
review-video-context-before-assignment,wael-khoury-2017,Wael Khoury,2017,P34omi5XUiY,https://www.youtube.com/watch?v=P34omi5XUiY,class-or-ceremony-page-mention,0.32,false,needs-rights-caption-transcript-review,https://clevelandinternationalhalloffame.com/2024-details/
review-video-context-before-assignment,wael-khoury-2017,Wael Khoury,2017,Ssb2SQ6HPoo,https://www.youtube.com/watch?v=Ssb2SQ6HPoo,class-or-ceremony-page-mention,0.32,false,needs-rights-caption-transcript-review,https://clevelandinternationalhalloffame.com/2019-induction-ceremony/
review-video-context-before-assignment,wael-khoury-2017,Wael Khoury,2017,vwTIgQpdBEo,https://www.youtube.com/watch?v=vwTIgQpdBEo,class-or-ceremony-page-mention,0.32,false,needs-rights-caption-transcript-review,https://clevelandinternationalhalloffame.com/2019-induction-ceremony/
review-video-context-before-assignment,wael-khoury-2017,Wael Khoury,2017,w2Xq5luKGCU,https://www.youtube.com/watch?v=w2Xq5luKGCU,class-or-ceremony-page-mention,0.32,false,needs-rights-caption-transcript-review,https://clevelandinternationalhalloffame.com/2019-induction-ceremony/
review-video-context-before-assignment,wael-khoury-2017,Wael Khoury,2017,lHHN_zd8O8k,https://www.youtube.com/watch?v=lHHN_zd8O8k,class-or-ceremony-page-mention,0.32,false,needs-rights-caption-transcript-review,https://clevelandinternationalhalloffame.com/2019-induction-ceremony/
review-video-context-before-assignment,wael-khoury-2017,Wael Khoury,2017,_ifygk1bw5Q,https://www.youtube.com/watch?v=_ifygk1bw5Q,class-or-ceremony-page-mention,0.32,false,needs-rights-caption-transcript-review,https://clevelandinternationalhalloffame.com/2019-induction-ceremony/
review-video-context-before-assignment,wael-khoury-2017,Wael Khoury,2017,eCOSePkWnFY,https://www.youtube.com/watch?v=eCOSePkWnFY,class-or-ceremony-page-mention,0.32,false,needs-rights-caption-transcript-review,https://clevelandinternationalhalloffame.com/2019-induction-ceremony/
review-video-context-before-assignment,wael-khoury-2017,Wael Khoury,2017,NcCM_1SAQek,https://www.youtube.com/watch?v=NcCM_1SAQek,class-or-ceremony-page-mention,0.32,false,needs-rights-caption-transcript-review,https://clevelandinternationalhalloffame.com/induction-class-2017/
review-video-context-before-assignment,wael-khoury-2017,Wael Khoury,2017,wBzBVH4kBkg,https://www.youtube.com/watch?v=wBzBVH4kBkg,class-or-ceremony-page-mention,0.32,false,needs-rights-caption-transcript-review,https://clevelandinternationalhalloffame.com/induction-class-2017/
review-video-context-before-assignment,wael-khoury-2017,Wael Khoury,2017,14YLHrGlU-4,https://www.youtube.com/watch?v=14YLHrGlU-4,class-or-ceremony-page-mention,0.32,false,needs-rights-caption-transcript-review,https://clevelandinternationalhalloffame.com/induction-class-2017/
review-video-context-before-assignment,wael-khoury-2017,Wael Khoury,2017,IblVlQoTrtc,https://www.youtube.com/watch?v=IblVlQoTrtc,class-or-ceremony-page-mention,0.32,false,needs-rights-caption-transcript-review,https://clevelandinternationalhalloffame.com/induction-class-2017/
review-video-context-before-assignment,wael-khoury-2017,Wael Khoury,2017,b3EUjRTsbQI,https://www.youtube.com/watch?v=b3EUjRTsbQI,class-or-ceremony-page-mention,0.32,false,needs-rights-caption-transcript-review,https://clevelandinternationalhalloffame.com/induction-class-2012/
review-video-context-before-assignment,wael-khoury-2017,Wael Khoury,2017,a0gi3EmNU00,https://www.youtube.com/watch?v=a0gi3EmNU00,class-or-ceremony-page-mention,0.32,false,needs-rights-caption-transcript-review,https://clevelandinternationalhalloffame.com/induction-class-2012/
review-video-context-before-assignment,atul-mehta-2018,Atul Mehta,2018,Pg4Uqs_wZRY,https://www.youtube.com/watch?v=Pg4Uqs_wZRY,class-or-ceremony-page-mention,0.32,false,needs-rights-caption-transcript-review,https://clevelandinternationalhalloffame.com/induction-class-2018/
review-video-context-before-assignment,atul-mehta-2018,Atul Mehta,2018,o_9k7ZtTvas,https://www.youtube.com/watch?v=o_9k7ZtTvas,class-or-ceremony-page-mention,0.32,false,needs-rights-caption-transcript-review,https://clevelandinternationalhalloffame.com/induction-class-2018/
review-video-context-before-assignment,atul-mehta-2018,Atul Mehta,2018,_uTf8G8a6b0,https://www.youtube.com/watch?v=_uTf8G8a6b0,class-or-ceremony-page-mention,0.32,false,needs-rights-caption-transcript-review,https://clevelandinternationalhalloffame.com/induction-class-2018/
review-video-context-before-assignment,atul-mehta-2018,Atul Mehta,2018,YCV-PL-GOuk,https://www.youtube.com/watch?v=YCV-PL-GOuk,class-or-ceremony-page-mention,0.32,false,needs-rights-caption-transcript-review,https://clevelandinternationalhalloffame.com/induction-class-2018/
review-video-context-before-assignment,atul-mehta-2018,Atul Mehta,2018,bsoEDM5cG2s,https://www.youtube.com/watch?v=bsoEDM5cG2s,class-or-ceremony-page-mention,0.32,false,needs-rights-caption-transcript-review,https://clevelandinternationalhalloffame.com/induction-class-2018/
review-video-context-before-assignment,atul-mehta-2018,Atul Mehta,2018,Pg4Uqs_wZRY,https://www.youtube.com/watch?v=Pg4Uqs_wZRY,class-or-ceremony-page-mention,0.32,false,needs-rights-caption-transcript-review,https://clevelandinternationalhalloffame.com/2018-induction/
review-video-context-before-assignment,atul-mehta-2018,Atul Mehta,2018,o_9k7ZtTvas,https://www.youtube.com/watch?v=o_9k7ZtTvas,class-or-ceremony-page-mention,0.32,false,needs-rights-caption-transcript-review,https://clevelandinternationalhalloffame.com/2018-induction/
review-video-context-before-assignment,atul-mehta-2018,Atul Mehta,2018,_uTf8G8a6b0,https://www.youtube.com/watch?v=_uTf8G8a6b0,class-or-ceremony-page-mention,0.32,false,needs-rights-caption-transcript-review,https://clevelandinternationalhalloffame.com/2018-induction/
review-video-context-before-assignment,atul-mehta-2018,Atul Mehta,2018,YCV-PL-GOuk,https://www.youtube.com/watch?v=YCV-PL-GOuk,class-or-ceremony-page-mention,0.32,false,needs-rights-caption-transcript-review,https://clevelandinternationalhalloffame.com/2018-induction/
review-video-context-before-assignment,atul-mehta-2018,Atul Mehta,2018,bsoEDM5cG2s,https://www.youtube.com/watch?v=bsoEDM5cG2s,class-or-ceremony-page-mention,0.32,false,needs-rights-caption-transcript-review,https://clevelandinternationalhalloffame.com/2018-induction/
review-video-context-before-assignment,ray-pianka-2018,Ray Pianka,2018,I133bhcNqgo,https://www.youtube.com/watch?v=I133bhcNqgo,class-or-ceremony-page-mention,0.32,false,needs-rights-caption-transcript-review,https://clevelandinternationalhalloffame.com/2024-details/
review-video-context-before-assignment,ray-pianka-2018,Ray Pianka,2018,P34omi5XUiY,https://www.youtube.com/watch?v=P34omi5XUiY,class-or-ceremony-page-mention,0.32,false,needs-rights-caption-transcript-review,https://clevelandinternationalhalloffame.com/2024-details/
review-video-context-before-assignment,ray-pianka-2018,Ray Pianka,2018,Pg4Uqs_wZRY,https://www.youtube.com/watch?v=Pg4Uqs_wZRY,class-or-ceremony-page-mention,0.32,false,needs-rights-caption-transcript-review,https://clevelandinternationalhalloffame.com/induction-class-2018/
review-video-context-before-assignment,ray-pianka-2018,Ray Pianka,2018,o_9k7ZtTvas,https://www.youtube.com/watch?v=o_9k7ZtTvas,class-or-ceremony-page-mention,0.32,false,needs-rights-caption-transcript-review,https://clevelandinternationalhalloffame.com/induction-class-2018/
review-video-context-before-assignment,ray-pianka-2018,Ray Pianka,2018,_uTf8G8a6b0,https://www.youtube.com/watch?v=_uTf8G8a6b0,class-or-ceremony-page-mention,0.32,false,needs-rights-caption-transcript-review,https://clevelandinternationalhalloffame.com/induction-class-2018/
review-video-context-before-assignment,ray-pianka-2018,Ray Pianka,2018,YCV-PL-GOuk,https://www.youtube.com/watch?v=YCV-PL-GOuk,class-or-ceremony-page-mention,0.32,false,needs-rights-caption-transcript-review,https://clevelandinternationalhalloffame.com/induction-class-2018/
review-video-context-before-assignment,ray-pianka-2018,Ray Pianka,2018,bsoEDM5cG2s,https://www.youtube.com/watch?v=bsoEDM5cG2s,class-or-ceremony-page-mention,0.32,false,needs-rights-caption-transcript-review,https://clevelandinternationalhalloffame.com/induction-class-2018/
review-video-context-before-assignment,ray-pianka-2018,Ray Pianka,2018,Pg4Uqs_wZRY,https://www.youtube.com/watch?v=Pg4Uqs_wZRY,class-or-ceremony-page-mention,0.32,false,needs-rights-caption-transcript-review,https://clevelandinternationalhalloffame.com/2018-induction/
review-video-context-before-assignment,ray-pianka-2018,Ray Pianka,2018,o_9k7ZtTvas,https://www.youtube.com/watch?v=o_9k7ZtTvas,class-or-ceremony-page-mention,0.32,false,needs-rights-caption-transcript-review,https://clevelandinternationalhalloffame.com/2018-induction/
review-video-context-before-assignment,ray-pianka-2018,Ray Pianka,2018,_uTf8G8a6b0,https://www.youtube.com/watch?v=_uTf8G8a6b0,class-or-ceremony-page-mention,0.32,false,needs-rights-caption-transcript-review,https://clevelandinternationalhalloffame.com/2018-induction/
review-video-context-before-assignment,ray-pianka-2018,Ray Pianka,2018,YCV-PL-GOuk,https://www.youtube.com/watch?v=YCV-PL-GOuk,class-or-ceremony-page-mention,0.32,false,needs-rights-caption-transcript-review,https://clevelandinternationalhalloffame.com/2018-induction/
review-video-context-before-assignment,ray-pianka-2018,Ray Pianka,2018,bsoEDM5cG2s,https://www.youtube.com/watch?v=bsoEDM5cG2s,class-or-ceremony-page-mention,0.32,false,needs-rights-caption-transcript-review,https://clevelandinternationalhalloffame.com/2018-induction/
review-video-context-before-assignment,sheila-murphy-crawford-2018,Sheila Murphy Crawford,2018,I133bhcNqgo,https://www.youtube.com/watch?v=I133bhcNqgo,class-or-ceremony-page-mention,0.32,false,needs-rights-caption-transcript-review,https://clevelandinternationalhalloffame.com/2024-details/
review-video-context-before-assignment,sheila-murphy-crawford-2018,Sheila Murphy Crawford,2018,P34omi5XUiY,https://www.youtube.com/watch?v=P34omi5XUiY,class-or-ceremony-page-mention,0.32,false,needs-rights-caption-transcript-review,https://clevelandinternationalhalloffame.com/2024-details/
review-video-context-before-assignment,sheila-murphy-crawford-2018,Sheila Murphy Crawford,2018,Pg4Uqs_wZRY,https://www.youtube.com/watch?v=Pg4Uqs_wZRY,class-or-ceremony-page-mention,0.32,false,needs-rights-caption-transcript-review,https://clevelandinternationalhalloffame.com/induction-class-2018/
review-video-context-before-assignment,sheila-murphy-crawford-2018,Sheila Murphy Crawford,2018,o_9k7ZtTvas,https://www.youtube.com/watch?v=o_9k7ZtTvas,class-or-ceremony-page-mention,0.32,false,needs-rights-caption-transcript-review,https://clevelandinternationalhalloffame.com/induction-class-2018/
review-video-context-before-assignment,sheila-murphy-crawford-2018,Sheila Murphy Crawford,2018,_uTf8G8a6b0,https://www.youtube.com/watch?v=_uTf8G8a6b0,class-or-ceremony-page-mention,0.32,false,needs-rights-caption-transcript-review,https://clevelandinternationalhalloffame.com/induction-class-2018/
review-video-context-before-assignment,sheila-murphy-crawford-2018,Sheila Murphy Crawford,2018,YCV-PL-GOuk,https://www.youtube.com/watch?v=YCV-PL-GOuk,class-or-ceremony-page-mention,0.32,false,needs-rights-caption-transcript-review,https://clevelandinternationalhalloffame.com/induction-class-2018/
review-video-context-before-assignment,sheila-murphy-crawford-2018,Sheila Murphy Crawford,2018,bsoEDM5cG2s,https://www.youtube.com/watch?v=bsoEDM5cG2s,class-or-ceremony-page-mention,0.32,false,needs-rights-caption-transcript-review,https://clevelandinternationalhalloffame.com/induction-class-2018/
review-video-context-before-assignment,sheila-murphy-crawford-2018,Sheila Murphy Crawford,2018,Pg4Uqs_wZRY,https://www.youtube.com/watch?v=Pg4Uqs_wZRY,class-or-ceremony-page-mention,0.32,false,needs-rights-caption-transcript-review,https://clevelandinternationalhalloffame.com/2018-induction/
review-video-context-before-assignment,sheila-murphy-crawford-2018,Sheila Murphy Crawford,2018,o_9k7ZtTvas,https://www.youtube.com/watch?v=o_9k7ZtTvas,class-or-ceremony-page-mention,0.32,false,needs-rights-caption-transcript-review,https://clevelandinternationalhalloffame.com/2018-induction/
review-video-context-before-assignment,sheila-murphy-crawford-2018,Sheila Murphy Crawford,2018,_uTf8G8a6b0,https://www.youtube.com/watch?v=_uTf8G8a6b0,class-or-ceremony-page-mention,0.32,false,needs-rights-caption-transcript-review,https://clevelandinternationalhalloffame.com/2018-induction/
review-video-context-before-assignment,sheila-murphy-crawford-2018,Sheila Murphy Crawford,2018,YCV-PL-GOuk,https://www.youtube.com/watch?v=YCV-PL-GOuk,class-or-ceremony-page-mention,0.32,false,needs-rights-caption-transcript-review,https://clevelandinternationalhalloffame.com/2018-induction/
review-video-context-before-assignment,sheila-murphy-crawford-2018,Sheila Murphy Crawford,2018,bsoEDM5cG2s,https://www.youtube.com/watch?v=bsoEDM5cG2s,class-or-ceremony-page-mention,0.32,false,needs-rights-caption-transcript-review,https://clevelandinternationalhalloffame.com/2018-induction/
review-video-context-before-assignment,sister-alicia-alvarado-2018,Sister Alicia Alvarado,2018,I133bhcNqgo,https://www.youtube.com/watch?v=I133bhcNqgo,class-or-ceremony-page-mention,0.32,false,needs-rights-caption-transcript-review,https://clevelandinternationalhalloffame.com/2024-details/
review-video-context-before-assignment,sister-alicia-alvarado-2018,Sister Alicia Alvarado,2018,P34omi5XUiY,https://www.youtube.com/watch?v=P34omi5XUiY,class-or-ceremony-page-mention,0.32,false,needs-rights-caption-transcript-review,https://clevelandinternationalhalloffame.com/2024-details/
review-video-context-before-assignment,sister-alicia-alvarado-2018,Sister Alicia Alvarado,2018,Pg4Uqs_wZRY,https://www.youtube.com/watch?v=Pg4Uqs_wZRY,class-or-ceremony-page-mention,0.32,false,needs-rights-caption-transcript-review,https://clevelandinternationalhalloffame.com/induction-class-2018/
review-video-context-before-assignment,sister-alicia-alvarado-2018,Sister Alicia Alvarado,2018,o_9k7ZtTvas,https://www.youtube.com/watch?v=o_9k7ZtTvas,class-or-ceremony-page-mention,0.32,false,needs-rights-caption-transcript-review,https://clevelandinternationalhalloffame.com/induction-class-2018/
review-video-context-before-assignment,sister-alicia-alvarado-2018,Sister Alicia Alvarado,2018,_uTf8G8a6b0,https://www.youtube.com/watch?v=_uTf8G8a6b0,class-or-ceremony-page-mention,0.32,false,needs-rights-caption-transcript-review,https://clevelandinternationalhalloffame.com/induction-class-2018/
review-video-context-before-assignment,sister-alicia-alvarado-2018,Sister Alicia Alvarado,2018,YCV-PL-GOuk,https://www.youtube.com/watch?v=YCV-PL-GOuk,class-or-ceremony-page-mention,0.32,false,needs-rights-caption-transcript-review,https://clevelandinternationalhalloffame.com/induction-class-2018/
review-video-context-before-assignment,sister-alicia-alvarado-2018,Sister Alicia Alvarado,2018,bsoEDM5cG2s,https://www.youtube.com/watch?v=bsoEDM5cG2s,class-or-ceremony-page-mention,0.32,false,needs-rights-caption-transcript-review,https://clevelandinternationalhalloffame.com/induction-class-2018/
review-video-context-before-assignment,sister-alicia-alvarado-2018,Sister Alicia Alvarado,2018,Pg4Uqs_wZRY,https://www.youtube.com/watch?v=Pg4Uqs_wZRY,class-or-ceremony-page-mention,0.32,false,needs-rights-caption-transcript-review,https://clevelandinternationalhalloffame.com/2018-induction/
review-video-context-before-assignment,sister-alicia-alvarado-2018,Sister Alicia Alvarado,2018,o_9k7ZtTvas,https://www.youtube.com/watch?v=o_9k7ZtTvas,class-or-ceremony-page-mention,0.32,false,needs-rights-caption-transcript-review,https://clevelandinternationalhalloffame.com/2018-induction/
review-video-context-before-assignment,sister-alicia-alvarado-2018,Sister Alicia Alvarado,2018,_uTf8G8a6b0,https://www.youtube.com/watch?v=_uTf8G8a6b0,class-or-ceremony-page-mention,0.32,false,needs-rights-caption-transcript-review,https://clevelandinternationalhalloffame.com/2018-induction/
review-video-context-before-assignment,sister-alicia-alvarado-2018,Sister Alicia Alvarado,2018,YCV-PL-GOuk,https://www.youtube.com/watch?v=YCV-PL-GOuk,class-or-ceremony-page-mention,0.32,false,needs-rights-caption-transcript-review,https://clevelandinternationalhalloffame.com/2018-induction/
review-video-context-before-assignment,sister-alicia-alvarado-2018,Sister Alicia Alvarado,2018,bsoEDM5cG2s,https://www.youtube.com/watch?v=bsoEDM5cG2s,class-or-ceremony-page-mention,0.32,false,needs-rights-caption-transcript-review,https://clevelandinternationalhalloffame.com/2018-induction/
review-video-context-before-assignment,akram-boutros-2019,Akram Boutros,2019,Ssb2SQ6HPoo,https://www.youtube.com/watch?v=Ssb2SQ6HPoo,class-or-ceremony-page-mention,0.32,false,needs-rights-caption-transcript-review,https://clevelandinternationalhalloffame.com/2019-induction-ceremony/
review-video-context-before-assignment,akram-boutros-2019,Akram Boutros,2019,vwTIgQpdBEo,https://www.youtube.com/watch?v=vwTIgQpdBEo,class-or-ceremony-page-mention,0.32,false,needs-rights-caption-transcript-review,https://clevelandinternationalhalloffame.com/2019-induction-ceremony/
review-video-context-before-assignment,akram-boutros-2019,Akram Boutros,2019,w2Xq5luKGCU,https://www.youtube.com/watch?v=w2Xq5luKGCU,class-or-ceremony-page-mention,0.32,false,needs-rights-caption-transcript-review,https://clevelandinternationalhalloffame.com/2019-induction-ceremony/
review-video-context-before-assignment,akram-boutros-2019,Akram Boutros,2019,lHHN_zd8O8k,https://www.youtube.com/watch?v=lHHN_zd8O8k,class-or-ceremony-page-mention,0.32,false,needs-rights-caption-transcript-review,https://clevelandinternationalhalloffame.com/2019-induction-ceremony/
review-video-context-before-assignment,akram-boutros-2019,Akram Boutros,2019,_ifygk1bw5Q,https://www.youtube.com/watch?v=_ifygk1bw5Q,class-or-ceremony-page-mention,0.32,false,needs-rights-caption-transcript-review,https://clevelandinternationalhalloffame.com/2019-induction-ceremony/
review-video-context-before-assignment,akram-boutros-2019,Akram Boutros,2019,eCOSePkWnFY,https://www.youtube.com/watch?v=eCOSePkWnFY,class-or-ceremony-page-mention,0.32,false,needs-rights-caption-transcript-review,https://clevelandinternationalhalloffame.com/2019-induction-ceremony/
review-video-context-before-assignment,ingrida-bublys-2019,Ingrida Bublys,2019,I133bhcNqgo,https://www.youtube.com/watch?v=I133bhcNqgo,class-or-ceremony-page-mention,0.32,false,needs-rights-caption-transcript-review,https://clevelandinternationalhalloffame.com/2024-details/
review-video-context-before-assignment,ingrida-bublys-2019,Ingrida Bublys,2019,P34omi5XUiY,https://www.youtube.com/watch?v=P34omi5XUiY,class-or-ceremony-page-mention,0.32,false,needs-rights-caption-transcript-review,https://clevelandinternationalhalloffame.com/2024-details/
review-video-context-before-assignment,ingrida-bublys-2019,Ingrida Bublys,2019,Ssb2SQ6HPoo,https://www.youtube.com/watch?v=Ssb2SQ6HPoo,class-or-ceremony-page-mention,0.32,false,needs-rights-caption-transcript-review,https://clevelandinternationalhalloffame.com/2019-induction-ceremony/
review-video-context-before-assignment,ingrida-bublys-2019,Ingrida Bublys,2019,vwTIgQpdBEo,https://www.youtube.com/watch?v=vwTIgQpdBEo,class-or-ceremony-page-mention,0.32,false,needs-rights-caption-transcript-review,https://clevelandinternationalhalloffame.com/2019-induction-ceremony/
review-video-context-before-assignment,ingrida-bublys-2019,Ingrida Bublys,2019,w2Xq5luKGCU,https://www.youtube.com/watch?v=w2Xq5luKGCU,class-or-ceremony-page-mention,0.32,false,needs-rights-caption-transcript-review,https://clevelandinternationalhalloffame.com/2019-induction-ceremony/
review-video-context-before-assignment,ingrida-bublys-2019,Ingrida Bublys,2019,lHHN_zd8O8k,https://www.youtube.com/watch?v=lHHN_zd8O8k,class-or-ceremony-page-mention,0.32,false,needs-rights-caption-transcript-review,https://clevelandinternationalhalloffame.com/2019-induction-ceremony/
review-video-context-before-assignment,ingrida-bublys-2019,Ingrida Bublys,2019,_ifygk1bw5Q,https://www.youtube.com/watch?v=_ifygk1bw5Q,class-or-ceremony-page-mention,0.32,false,needs-rights-caption-transcript-review,https://clevelandinternationalhalloffame.com/2019-induction-ceremony/
review-video-context-before-assignment,ingrida-bublys-2019,Ingrida Bublys,2019,eCOSePkWnFY,https://www.youtube.com/watch?v=eCOSePkWnFY,class-or-ceremony-page-mention,0.32,false,needs-rights-caption-transcript-review,https://clevelandinternationalhalloffame.com/2019-induction-ceremony/
review-video-context-before-assignment,ingrida-bublys-2019,Ingrida Bublys,2019,Do7atH9353s,https://www.youtube.com/watch?v=Do7atH9353s,class-or-ceremony-page-mention,0.32,false,needs-rights-caption-transcript-review,https://clevelandinternationalhalloffame.com/induction-class-2010/
review-video-context-before-assignment,ingrida-bublys-2019,Ingrida Bublys,2019,jE7WSnYhKN0,https://www.youtube.com/watch?v=jE7WSnYhKN0,class-or-ceremony-page-mention,0.32,false,needs-rights-caption-transcript-review,https://clevelandinternationalhalloffame.com/induction-class-2010/
review-video-context-before-assignment,marilyn-madigan-2019,Marilyn Madigan,2019,Ssb2SQ6HPoo,https://www.youtube.com/watch?v=Ssb2SQ6HPoo,class-or-ceremony-page-mention,0.32,false,needs-rights-caption-transcript-review,https://clevelandinternationalhalloffame.com/2019-induction-ceremony/
review-video-context-before-assignment,marilyn-madigan-2019,Marilyn Madigan,2019,vwTIgQpdBEo,https://www.youtube.com/watch?v=vwTIgQpdBEo,class-or-ceremony-page-mention,0.32,false,needs-rights-caption-transcript-review,https://clevelandinternationalhalloffame.com/2019-induction-ceremony/
review-video-context-before-assignment,marilyn-madigan-2019,Marilyn Madigan,2019,w2Xq5luKGCU,https://www.youtube.com/watch?v=w2Xq5luKGCU,class-or-ceremony-page-mention,0.32,false,needs-rights-caption-transcript-review,https://clevelandinternationalhalloffame.com/2019-induction-ceremony/
review-video-context-before-assignment,marilyn-madigan-2019,Marilyn Madigan,2019,lHHN_zd8O8k,https://www.youtube.com/watch?v=lHHN_zd8O8k,class-or-ceremony-page-mention,0.32,false,needs-rights-caption-transcript-review,https://clevelandinternationalhalloffame.com/2019-induction-ceremony/
review-video-context-before-assignment,marilyn-madigan-2019,Marilyn Madigan,2019,_ifygk1bw5Q,https://www.youtube.com/watch?v=_ifygk1bw5Q,class-or-ceremony-page-mention,0.32,false,needs-rights-caption-transcript-review,https://clevelandinternationalhalloffame.com/2019-induction-ceremony/
review-video-context-before-assignment,marilyn-madigan-2019,Marilyn Madigan,2019,eCOSePkWnFY,https://www.youtube.com/watch?v=eCOSePkWnFY,class-or-ceremony-page-mention,0.32,false,needs-rights-caption-transcript-review,https://clevelandinternationalhalloffame.com/2019-induction-ceremony/
review-video-context-before-assignment,paul-burik-2019,Paul Burik,2019,I133bhcNqgo,https://www.youtube.com/watch?v=I133bhcNqgo,class-or-ceremony-page-mention,0.32,false,needs-rights-caption-transcript-review,https://clevelandinternationalhalloffame.com/2024-details/
review-video-context-before-assignment,paul-burik-2019,Paul Burik,2019,P34omi5XUiY,https://www.youtube.com/watch?v=P34omi5XUiY,class-or-ceremony-page-mention,0.32,false,needs-rights-caption-transcript-review,https://clevelandinternationalhalloffame.com/2024-details/
review-video-context-before-assignment,paul-burik-2019,Paul Burik,2019,_JXBIYSnWB0,https://www.youtube.com/watch?v=_JXBIYSnWB0,class-or-ceremony-page-mention,0.32,false,needs-rights-caption-transcript-review,https://clevelandinternationalhalloffame.com/2020-2022-induction-ceremony/
review-video-context-before-assignment,paul-burik-2019,Paul Burik,2019,YDThFb2kPdA,https://www.youtube.com/watch?v=YDThFb2kPdA,class-or-ceremony-page-mention,0.32,false,needs-rights-caption-transcript-review,https://clevelandinternationalhalloffame.com/2020-2022-induction-ceremony/
review-video-context-before-assignment,paul-burik-2019,Paul Burik,2019,zWJEroGvQUg,https://www.youtube.com/watch?v=zWJEroGvQUg,class-or-ceremony-page-mention,0.32,false,needs-rights-caption-transcript-review,https://clevelandinternationalhalloffame.com/2020-2022-induction-ceremony/
review-video-context-before-assignment,paul-burik-2019,Paul Burik,2019,EfAP31kBlsM,https://www.youtube.com/watch?v=EfAP31kBlsM,class-or-ceremony-page-mention,0.32,false,needs-rights-caption-transcript-review,https://clevelandinternationalhalloffame.com/2020-2022-induction-ceremony/
review-video-context-before-assignment,paul-burik-2019,Paul Burik,2019,XrKxMkfQALI,https://www.youtube.com/watch?v=XrKxMkfQALI,class-or-ceremony-page-mention,0.32,false,needs-rights-caption-transcript-review,https://clevelandinternationalhalloffame.com/2020-2022-induction-ceremony/
review-video-context-before-assignment,paul-burik-2019,Paul Burik,2019,ovFsNwqqQNc,https://www.youtube.com/watch?v=ovFsNwqqQNc,class-or-ceremony-page-mention,0.32,false,needs-rights-caption-transcript-review,https://clevelandinternationalhalloffame.com/2020-2022-induction-ceremony/
review-video-context-before-assignment,paul-burik-2019,Paul Burik,2019,36YHkoqo-Fk,https://www.youtube.com/watch?v=36YHkoqo-Fk,class-or-ceremony-page-mention,0.32,false,needs-rights-caption-transcript-review,https://clevelandinternationalhalloffame.com/2020-2022-induction-ceremony/
review-video-context-before-assignment,paul-burik-2019,Paul Burik,2019,EZ92Q341gm4,https://www.youtube.com/watch?v=EZ92Q341gm4,class-or-ceremony-page-mention,0.32,false,needs-rights-caption-transcript-review,https://clevelandinternationalhalloffame.com/2020-2022-induction-ceremony/
review-video-context-before-assignment,paul-burik-2019,Paul Burik,2019,MzvxeSsag0w,https://www.youtube.com/watch?v=MzvxeSsag0w,class-or-ceremony-page-mention,0.32,false,needs-rights-caption-transcript-review,https://clevelandinternationalhalloffame.com/2020-2022-induction-ceremony/
review-video-context-before-assignment,paul-burik-2019,Paul Burik,2019,Ssb2SQ6HPoo,https://www.youtube.com/watch?v=Ssb2SQ6HPoo,class-or-ceremony-page-mention,0.32,false,needs-rights-caption-transcript-review,https://clevelandinternationalhalloffame.com/2019-induction-ceremony/
review-video-context-before-assignment,paul-burik-2019,Paul Burik,2019,vwTIgQpdBEo,https://www.youtube.com/watch?v=vwTIgQpdBEo,class-or-ceremony-page-mention,0.32,false,needs-rights-caption-transcript-review,https://clevelandinternationalhalloffame.com/2019-induction-ceremony/
review-video-context-before-assignment,paul-burik-2019,Paul Burik,2019,w2Xq5luKGCU,https://www.youtube.com/watch?v=w2Xq5luKGCU,class-or-ceremony-page-mention,0.32,false,needs-rights-caption-transcript-review,https://clevelandinternationalhalloffame.com/2019-induction-ceremony/
review-video-context-before-assignment,paul-burik-2019,Paul Burik,2019,lHHN_zd8O8k,https://www.youtube.com/watch?v=lHHN_zd8O8k,class-or-ceremony-page-mention,0.32,false,needs-rights-caption-transcript-review,https://clevelandinternationalhalloffame.com/2019-induction-ceremony/
review-video-context-before-assignment,paul-burik-2019,Paul Burik,2019,_ifygk1bw5Q,https://www.youtube.com/watch?v=_ifygk1bw5Q,class-or-ceremony-page-mention,0.32,false,needs-rights-caption-transcript-review,https://clevelandinternationalhalloffame.com/2019-induction-ceremony/
review-video-context-before-assignment,paul-burik-2019,Paul Burik,2019,eCOSePkWnFY,https://www.youtube.com/watch?v=eCOSePkWnFY,class-or-ceremony-page-mention,0.32,false,needs-rights-caption-transcript-review,https://clevelandinternationalhalloffame.com/2019-induction-ceremony/
review-video-context-before-assignment,paul-burik-2019,Paul Burik,2019,Do7atH9353s,https://www.youtube.com/watch?v=Do7atH9353s,class-or-ceremony-page-mention,0.32,false,needs-rights-caption-transcript-review,https://clevelandinternationalhalloffame.com/induction-class-2010/
review-video-context-before-assignment,paul-burik-2019,Paul Burik,2019,jE7WSnYhKN0,https://www.youtube.com/watch?v=jE7WSnYhKN0,class-or-ceremony-page-mention,0.32,false,needs-rights-caption-transcript-review,https://clevelandinternationalhalloffame.com/induction-class-2010/
review-video-context-before-assignment,richard-fleischman-2019,Richard Fleischman,2019,I133bhcNqgo,https://www.youtube.com/watch?v=I133bhcNqgo,class-or-ceremony-page-mention,0.32,false,needs-rights-caption-transcript-review,https://clevelandinternationalhalloffame.com/2024-details/
review-video-context-before-assignment,richard-fleischman-2019,Richard Fleischman,2019,P34omi5XUiY,https://www.youtube.com/watch?v=P34omi5XUiY,class-or-ceremony-page-mention,0.32,false,needs-rights-caption-transcript-review,https://clevelandinternationalhalloffame.com/2024-details/
review-video-context-before-assignment,richard-fleischman-2019,Richard Fleischman,2019,Ssb2SQ6HPoo,https://www.youtube.com/watch?v=Ssb2SQ6HPoo,class-or-ceremony-page-mention,0.32,false,needs-rights-caption-transcript-review,https://clevelandinternationalhalloffame.com/2019-induction-ceremony/
review-video-context-before-assignment,richard-fleischman-2019,Richard Fleischman,2019,vwTIgQpdBEo,https://www.youtube.com/watch?v=vwTIgQpdBEo,class-or-ceremony-page-mention,0.32,false,needs-rights-caption-transcript-review,https://clevelandinternationalhalloffame.com/2019-induction-ceremony/
review-video-context-before-assignment,richard-fleischman-2019,Richard Fleischman,2019,w2Xq5luKGCU,https://www.youtube.com/watch?v=w2Xq5luKGCU,class-or-ceremony-page-mention,0.32,false,needs-rights-caption-transcript-review,https://clevelandinternationalhalloffame.com/2019-induction-ceremony/
review-video-context-before-assignment,richard-fleischman-2019,Richard Fleischman,2019,lHHN_zd8O8k,https://www.youtube.com/watch?v=lHHN_zd8O8k,class-or-ceremony-page-mention,0.32,false,needs-rights-caption-transcript-review,https://clevelandinternationalhalloffame.com/2019-induction-ceremony/
review-video-context-before-assignment,richard-fleischman-2019,Richard Fleischman,2019,_ifygk1bw5Q,https://www.youtube.com/watch?v=_ifygk1bw5Q,class-or-ceremony-page-mention,0.32,false,needs-rights-caption-transcript-review,https://clevelandinternationalhalloffame.com/2019-induction-ceremony/
review-video-context-before-assignment,richard-fleischman-2019,Richard Fleischman,2019,eCOSePkWnFY,https://www.youtube.com/watch?v=eCOSePkWnFY,class-or-ceremony-page-mention,0.32,false,needs-rights-caption-transcript-review,https://clevelandinternationalhalloffame.com/2019-induction-ceremony/
review-video-context-before-assignment,sree-sreenath-2019,Sree Sreenath,2019,Ssb2SQ6HPoo,https://www.youtube.com/watch?v=Ssb2SQ6HPoo,class-or-ceremony-page-mention,0.32,false,needs-rights-caption-transcript-review,https://clevelandinternationalhalloffame.com/2019-induction-ceremony/
review-video-context-before-assignment,sree-sreenath-2019,Sree Sreenath,2019,vwTIgQpdBEo,https://www.youtube.com/watch?v=vwTIgQpdBEo,class-or-ceremony-page-mention,0.32,false,needs-rights-caption-transcript-review,https://clevelandinternationalhalloffame.com/2019-induction-ceremony/
review-video-context-before-assignment,sree-sreenath-2019,Sree Sreenath,2019,w2Xq5luKGCU,https://www.youtube.com/watch?v=w2Xq5luKGCU,class-or-ceremony-page-mention,0.32,false,needs-rights-caption-transcript-review,https://clevelandinternationalhalloffame.com/2019-induction-ceremony/
review-video-context-before-assignment,sree-sreenath-2019,Sree Sreenath,2019,lHHN_zd8O8k,https://www.youtube.com/watch?v=lHHN_zd8O8k,class-or-ceremony-page-mention,0.32,false,needs-rights-caption-transcript-review,https://clevelandinternationalhalloffame.com/2019-induction-ceremony/
review-video-context-before-assignment,sree-sreenath-2019,Sree Sreenath,2019,_ifygk1bw5Q,https://www.youtube.com/watch?v=_ifygk1bw5Q,class-or-ceremony-page-mention,0.32,false,needs-rights-caption-transcript-review,https://clevelandinternationalhalloffame.com/2019-induction-ceremony/
review-video-context-before-assignment,sree-sreenath-2019,Sree Sreenath,2019,eCOSePkWnFY,https://www.youtube.com/watch?v=eCOSePkWnFY,class-or-ceremony-page-mention,0.32,false,needs-rights-caption-transcript-review,https://clevelandinternationalhalloffame.com/2019-induction-ceremony/
review-video-context-before-assignment,berj-shakarian-2020,Berj Shakarian,2020,_JXBIYSnWB0,https://www.youtube.com/watch?v=_JXBIYSnWB0,class-or-ceremony-page-mention,0.32,false,needs-rights-caption-transcript-review,https://clevelandinternationalhalloffame.com/2020-2022-induction-ceremony/
review-video-context-before-assignment,berj-shakarian-2020,Berj Shakarian,2020,YDThFb2kPdA,https://www.youtube.com/watch?v=YDThFb2kPdA,class-or-ceremony-page-mention,0.32,false,needs-rights-caption-transcript-review,https://clevelandinternationalhalloffame.com/2020-2022-induction-ceremony/
review-video-context-before-assignment,berj-shakarian-2020,Berj Shakarian,2020,zWJEroGvQUg,https://www.youtube.com/watch?v=zWJEroGvQUg,class-or-ceremony-page-mention,0.32,false,needs-rights-caption-transcript-review,https://clevelandinternationalhalloffame.com/2020-2022-induction-ceremony/
review-video-context-before-assignment,berj-shakarian-2020,Berj Shakarian,2020,EfAP31kBlsM,https://www.youtube.com/watch?v=EfAP31kBlsM,class-or-ceremony-page-mention,0.32,false,needs-rights-caption-transcript-review,https://clevelandinternationalhalloffame.com/2020-2022-induction-ceremony/
review-video-context-before-assignment,berj-shakarian-2020,Berj Shakarian,2020,XrKxMkfQALI,https://www.youtube.com/watch?v=XrKxMkfQALI,class-or-ceremony-page-mention,0.32,false,needs-rights-caption-transcript-review,https://clevelandinternationalhalloffame.com/2020-2022-induction-ceremony/
review-video-context-before-assignment,berj-shakarian-2020,Berj Shakarian,2020,ovFsNwqqQNc,https://www.youtube.com/watch?v=ovFsNwqqQNc,class-or-ceremony-page-mention,0.32,false,needs-rights-caption-transcript-review,https://clevelandinternationalhalloffame.com/2020-2022-induction-ceremony/
review-video-context-before-assignment,berj-shakarian-2020,Berj Shakarian,2020,36YHkoqo-Fk,https://www.youtube.com/watch?v=36YHkoqo-Fk,class-or-ceremony-page-mention,0.32,false,needs-rights-caption-transcript-review,https://clevelandinternationalhalloffame.com/2020-2022-induction-ceremony/
review-video-context-before-assignment,berj-shakarian-2020,Berj Shakarian,2020,EZ92Q341gm4,https://www.youtube.com/watch?v=EZ92Q341gm4,class-or-ceremony-page-mention,0.32,false,needs-rights-caption-transcript-review,https://clevelandinternationalhalloffame.com/2020-2022-induction-ceremony/
review-video-context-before-assignment,berj-shakarian-2020,Berj Shakarian,2020,MzvxeSsag0w,https://www.youtube.com/watch?v=MzvxeSsag0w,class-or-ceremony-page-mention,0.32,false,needs-rights-caption-transcript-review,https://clevelandinternationalhalloffame.com/2020-2022-induction-ceremony/
review-video-context-before-assignment,joe-valencic-2020,Joe Valencic,2020,_JXBIYSnWB0,https://www.youtube.com/watch?v=_JXBIYSnWB0,class-or-ceremony-page-mention,0.32,false,needs-rights-caption-transcript-review,https://clevelandinternationalhalloffame.com/2020-2022-induction-ceremony/
review-video-context-before-assignment,joe-valencic-2020,Joe Valencic,2020,YDThFb2kPdA,https://www.youtube.com/watch?v=YDThFb2kPdA,class-or-ceremony-page-mention,0.32,false,needs-rights-caption-transcript-review,https://clevelandinternationalhalloffame.com/2020-2022-induction-ceremony/
review-video-context-before-assignment,joe-valencic-2020,Joe Valencic,2020,zWJEroGvQUg,https://www.youtube.com/watch?v=zWJEroGvQUg,class-or-ceremony-page-mention,0.32,false,needs-rights-caption-transcript-review,https://clevelandinternationalhalloffame.com/2020-2022-induction-ceremony/
review-video-context-before-assignment,joe-valencic-2020,Joe Valencic,2020,EfAP31kBlsM,https://www.youtube.com/watch?v=EfAP31kBlsM,class-or-ceremony-page-mention,0.32,false,needs-rights-caption-transcript-review,https://clevelandinternationalhalloffame.com/2020-2022-induction-ceremony/
review-video-context-before-assignment,joe-valencic-2020,Joe Valencic,2020,XrKxMkfQALI,https://www.youtube.com/watch?v=XrKxMkfQALI,class-or-ceremony-page-mention,0.32,false,needs-rights-caption-transcript-review,https://clevelandinternationalhalloffame.com/2020-2022-induction-ceremony/
review-video-context-before-assignment,joe-valencic-2020,Joe Valencic,2020,ovFsNwqqQNc,https://www.youtube.com/watch?v=ovFsNwqqQNc,class-or-ceremony-page-mention,0.32,false,needs-rights-caption-transcript-review,https://clevelandinternationalhalloffame.com/2020-2022-induction-ceremony/
review-video-context-before-assignment,joe-valencic-2020,Joe Valencic,2020,36YHkoqo-Fk,https://www.youtube.com/watch?v=36YHkoqo-Fk,class-or-ceremony-page-mention,0.32,false,needs-rights-caption-transcript-review,https://clevelandinternationalhalloffame.com/2020-2022-induction-ceremony/
review-video-context-before-assignment,joe-valencic-2020,Joe Valencic,2020,EZ92Q341gm4,https://www.youtube.com/watch?v=EZ92Q341gm4,class-or-ceremony-page-mention,0.32,false,needs-rights-caption-transcript-review,https://clevelandinternationalhalloffame.com/2020-2022-induction-ceremony/
review-video-context-before-assignment,joe-valencic-2020,Joe Valencic,2020,MzvxeSsag0w,https://www.youtube.com/watch?v=MzvxeSsag0w,class-or-ceremony-page-mention,0.32,false,needs-rights-caption-transcript-review,https://clevelandinternationalhalloffame.com/2020-2022-induction-ceremony/
review-video-context-before-assignment,margaret-lynch-2020,Margaret Lynch,2020,I133bhcNqgo,https://www.youtube.com/watch?v=I133bhcNqgo,class-or-ceremony-page-mention,0.32,false,needs-rights-caption-transcript-review,https://clevelandinternationalhalloffame.com/2024-details/
review-video-context-before-assignment,margaret-lynch-2020,Margaret Lynch,2020,P34omi5XUiY,https://www.youtube.com/watch?v=P34omi5XUiY,class-or-ceremony-page-mention,0.32,false,needs-rights-caption-transcript-review,https://clevelandinternationalhalloffame.com/2024-details/
review-video-context-before-assignment,margaret-lynch-2020,Margaret Lynch,2020,_JXBIYSnWB0,https://www.youtube.com/watch?v=_JXBIYSnWB0,class-or-ceremony-page-mention,0.32,false,needs-rights-caption-transcript-review,https://clevelandinternationalhalloffame.com/2020-2022-induction-ceremony/
review-video-context-before-assignment,margaret-lynch-2020,Margaret Lynch,2020,YDThFb2kPdA,https://www.youtube.com/watch?v=YDThFb2kPdA,class-or-ceremony-page-mention,0.32,false,needs-rights-caption-transcript-review,https://clevelandinternationalhalloffame.com/2020-2022-induction-ceremony/
review-video-context-before-assignment,margaret-lynch-2020,Margaret Lynch,2020,zWJEroGvQUg,https://www.youtube.com/watch?v=zWJEroGvQUg,class-or-ceremony-page-mention,0.32,false,needs-rights-caption-transcript-review,https://clevelandinternationalhalloffame.com/2020-2022-induction-ceremony/
review-video-context-before-assignment,margaret-lynch-2020,Margaret Lynch,2020,EfAP31kBlsM,https://www.youtube.com/watch?v=EfAP31kBlsM,class-or-ceremony-page-mention,0.32,false,needs-rights-caption-transcript-review,https://clevelandinternationalhalloffame.com/2020-2022-induction-ceremony/
review-video-context-before-assignment,margaret-lynch-2020,Margaret Lynch,2020,XrKxMkfQALI,https://www.youtube.com/watch?v=XrKxMkfQALI,class-or-ceremony-page-mention,0.32,false,needs-rights-caption-transcript-review,https://clevelandinternationalhalloffame.com/2020-2022-induction-ceremony/
review-video-context-before-assignment,margaret-lynch-2020,Margaret Lynch,2020,ovFsNwqqQNc,https://www.youtube.com/watch?v=ovFsNwqqQNc,class-or-ceremony-page-mention,0.32,false,needs-rights-caption-transcript-review,https://clevelandinternationalhalloffame.com/2020-2022-induction-ceremony/
review-video-context-before-assignment,margaret-lynch-2020,Margaret Lynch,2020,36YHkoqo-Fk,https://www.youtube.com/watch?v=36YHkoqo-Fk,class-or-ceremony-page-mention,0.32,false,needs-rights-caption-transcript-review,https://clevelandinternationalhalloffame.com/2020-2022-induction-ceremony/
review-video-context-before-assignment,margaret-lynch-2020,Margaret Lynch,2020,EZ92Q341gm4,https://www.youtube.com/watch?v=EZ92Q341gm4,class-or-ceremony-page-mention,0.32,false,needs-rights-caption-transcript-review,https://clevelandinternationalhalloffame.com/2020-2022-induction-ceremony/
review-video-context-before-assignment,margaret-lynch-2020,Margaret Lynch,2020,MzvxeSsag0w,https://www.youtube.com/watch?v=MzvxeSsag0w,class-or-ceremony-page-mention,0.32,false,needs-rights-caption-transcript-review,https://clevelandinternationalhalloffame.com/2020-2022-induction-ceremony/
review-video-context-before-assignment,may-chen-2020,May Chen,2020,_JXBIYSnWB0,https://www.youtube.com/watch?v=_JXBIYSnWB0,class-or-ceremony-page-mention,0.32,false,needs-rights-caption-transcript-review,https://clevelandinternationalhalloffame.com/2020-2022-induction-ceremony/
review-video-context-before-assignment,may-chen-2020,May Chen,2020,YDThFb2kPdA,https://www.youtube.com/watch?v=YDThFb2kPdA,class-or-ceremony-page-mention,0.32,false,needs-rights-caption-transcript-review,https://clevelandinternationalhalloffame.com/2020-2022-induction-ceremony/
review-video-context-before-assignment,may-chen-2020,May Chen,2020,zWJEroGvQUg,https://www.youtube.com/watch?v=zWJEroGvQUg,class-or-ceremony-page-mention,0.32,false,needs-rights-caption-transcript-review,https://clevelandinternationalhalloffame.com/2020-2022-induction-ceremony/
review-video-context-before-assignment,may-chen-2020,May Chen,2020,EfAP31kBlsM,https://www.youtube.com/watch?v=EfAP31kBlsM,class-or-ceremony-page-mention,0.32,false,needs-rights-caption-transcript-review,https://clevelandinternationalhalloffame.com/2020-2022-induction-ceremony/
review-video-context-before-assignment,may-chen-2020,May Chen,2020,XrKxMkfQALI,https://www.youtube.com/watch?v=XrKxMkfQALI,class-or-ceremony-page-mention,0.32,false,needs-rights-caption-transcript-review,https://clevelandinternationalhalloffame.com/2020-2022-induction-ceremony/
review-video-context-before-assignment,may-chen-2020,May Chen,2020,ovFsNwqqQNc,https://www.youtube.com/watch?v=ovFsNwqqQNc,class-or-ceremony-page-mention,0.32,false,needs-rights-caption-transcript-review,https://clevelandinternationalhalloffame.com/2020-2022-induction-ceremony/
review-video-context-before-assignment,may-chen-2020,May Chen,2020,36YHkoqo-Fk,https://www.youtube.com/watch?v=36YHkoqo-Fk,class-or-ceremony-page-mention,0.32,false,needs-rights-caption-transcript-review,https://clevelandinternationalhalloffame.com/2020-2022-induction-ceremony/
review-video-context-before-assignment,may-chen-2020,May Chen,2020,EZ92Q341gm4,https://www.youtube.com/watch?v=EZ92Q341gm4,class-or-ceremony-page-mention,0.32,false,needs-rights-caption-transcript-review,https://clevelandinternationalhalloffame.com/2020-2022-induction-ceremony/
review-video-context-before-assignment,may-chen-2020,May Chen,2020,MzvxeSsag0w,https://www.youtube.com/watch?v=MzvxeSsag0w,class-or-ceremony-page-mention,0.32,false,needs-rights-caption-transcript-review,https://clevelandinternationalhalloffame.com/2020-2022-induction-ceremony/
review-video-context-before-assignment,ramesh-shah-2020,Ramesh Shah,2020,_JXBIYSnWB0,https://www.youtube.com/watch?v=_JXBIYSnWB0,class-or-ceremony-page-mention,0.32,false,needs-rights-caption-transcript-review,https://clevelandinternationalhalloffame.com/2020-2022-induction-ceremony/
review-video-context-before-assignment,ramesh-shah-2020,Ramesh Shah,2020,YDThFb2kPdA,https://www.youtube.com/watch?v=YDThFb2kPdA,class-or-ceremony-page-mention,0.32,false,needs-rights-caption-transcript-review,https://clevelandinternationalhalloffame.com/2020-2022-induction-ceremony/
review-video-context-before-assignment,ramesh-shah-2020,Ramesh Shah,2020,zWJEroGvQUg,https://www.youtube.com/watch?v=zWJEroGvQUg,class-or-ceremony-page-mention,0.32,false,needs-rights-caption-transcript-review,https://clevelandinternationalhalloffame.com/2020-2022-induction-ceremony/
review-video-context-before-assignment,ramesh-shah-2020,Ramesh Shah,2020,EfAP31kBlsM,https://www.youtube.com/watch?v=EfAP31kBlsM,class-or-ceremony-page-mention,0.32,false,needs-rights-caption-transcript-review,https://clevelandinternationalhalloffame.com/2020-2022-induction-ceremony/
review-video-context-before-assignment,ramesh-shah-2020,Ramesh Shah,2020,XrKxMkfQALI,https://www.youtube.com/watch?v=XrKxMkfQALI,class-or-ceremony-page-mention,0.32,false,needs-rights-caption-transcript-review,https://clevelandinternationalhalloffame.com/2020-2022-induction-ceremony/
review-video-context-before-assignment,ramesh-shah-2020,Ramesh Shah,2020,ovFsNwqqQNc,https://www.youtube.com/watch?v=ovFsNwqqQNc,class-or-ceremony-page-mention,0.32,false,needs-rights-caption-transcript-review,https://clevelandinternationalhalloffame.com/2020-2022-induction-ceremony/
review-video-context-before-assignment,ramesh-shah-2020,Ramesh Shah,2020,36YHkoqo-Fk,https://www.youtube.com/watch?v=36YHkoqo-Fk,class-or-ceremony-page-mention,0.32,false,needs-rights-caption-transcript-review,https://clevelandinternationalhalloffame.com/2020-2022-induction-ceremony/
review-video-context-before-assignment,ramesh-shah-2020,Ramesh Shah,2020,EZ92Q341gm4,https://www.youtube.com/watch?v=EZ92Q341gm4,class-or-ceremony-page-mention,0.32,false,needs-rights-caption-transcript-review,https://clevelandinternationalhalloffame.com/2020-2022-induction-ceremony/
review-video-context-before-assignment,ramesh-shah-2020,Ramesh Shah,2020,MzvxeSsag0w,https://www.youtube.com/watch?v=MzvxeSsag0w,class-or-ceremony-page-mention,0.32,false,needs-rights-caption-transcript-review,https://clevelandinternationalhalloffame.com/2020-2022-induction-ceremony/
review-video-context-before-assignment,ramesh-shah-2020,Ramesh Shah,2020,Ssb2SQ6HPoo,https://www.youtube.com/watch?v=Ssb2SQ6HPoo,class-or-ceremony-page-mention,0.32,false,needs-rights-caption-transcript-review,https://clevelandinternationalhalloffame.com/2019-induction-ceremony/
review-video-context-before-assignment,ramesh-shah-2020,Ramesh Shah,2020,vwTIgQpdBEo,https://www.youtube.com/watch?v=vwTIgQpdBEo,class-or-ceremony-page-mention,0.32,false,needs-rights-caption-transcript-review,https://clevelandinternationalhalloffame.com/2019-induction-ceremony/
review-video-context-before-assignment,ramesh-shah-2020,Ramesh Shah,2020,w2Xq5luKGCU,https://www.youtube.com/watch?v=w2Xq5luKGCU,class-or-ceremony-page-mention,0.32,false,needs-rights-caption-transcript-review,https://clevelandinternationalhalloffame.com/2019-induction-ceremony/
review-video-context-before-assignment,ramesh-shah-2020,Ramesh Shah,2020,lHHN_zd8O8k,https://www.youtube.com/watch?v=lHHN_zd8O8k,class-or-ceremony-page-mention,0.32,false,needs-rights-caption-transcript-review,https://clevelandinternationalhalloffame.com/2019-induction-ceremony/
review-video-context-before-assignment,ramesh-shah-2020,Ramesh Shah,2020,_ifygk1bw5Q,https://www.youtube.com/watch?v=_ifygk1bw5Q,class-or-ceremony-page-mention,0.32,false,needs-rights-caption-transcript-review,https://clevelandinternationalhalloffame.com/2019-induction-ceremony/
review-video-context-before-assignment,ramesh-shah-2020,Ramesh Shah,2020,eCOSePkWnFY,https://www.youtube.com/watch?v=eCOSePkWnFY,class-or-ceremony-page-mention,0.32,false,needs-rights-caption-transcript-review,https://clevelandinternationalhalloffame.com/2019-induction-ceremony/
review-video-context-before-assignment,valarie-mccall-2020,Valarie McCall,2020,Pyty_Fo8cFs,https://www.youtube.com/watch?v=Pyty_Fo8cFs,class-or-ceremony-page-mention,0.32,false,needs-rights-caption-transcript-review,https://clevelandinternationalhalloffame.com/2026-class-and-inductions/
review-video-context-before-assignment,valarie-mccall-2020,Valarie McCall,2020,eWsy8Ctigm0,https://www.youtube.com/watch?v=eWsy8Ctigm0,class-or-ceremony-page-mention,0.32,false,needs-rights-caption-transcript-review,https://clevelandinternationalhalloffame.com/2026-class-and-inductions/
review-video-context-before-assignment,valarie-mccall-2020,Valarie McCall,2020,e-wqDqAmYP8,https://www.youtube.com/watch?v=e-wqDqAmYP8,class-or-ceremony-page-mention,0.32,false,needs-rights-caption-transcript-review,https://clevelandinternationalhalloffame.com/2026-class-and-inductions/
review-video-context-before-assignment,valarie-mccall-2020,Valarie McCall,2020,I133bhcNqgo,https://www.youtube.com/watch?v=I133bhcNqgo,class-or-ceremony-page-mention,0.32,false,needs-rights-caption-transcript-review,https://clevelandinternationalhalloffame.com/2024-details/
review-video-context-before-assignment,valarie-mccall-2020,Valarie McCall,2020,P34omi5XUiY,https://www.youtube.com/watch?v=P34omi5XUiY,class-or-ceremony-page-mention,0.32,false,needs-rights-caption-transcript-review,https://clevelandinternationalhalloffame.com/2024-details/
review-video-context-before-assignment,valarie-mccall-2020,Valarie McCall,2020,_JXBIYSnWB0,https://www.youtube.com/watch?v=_JXBIYSnWB0,class-or-ceremony-page-mention,0.32,false,needs-rights-caption-transcript-review,https://clevelandinternationalhalloffame.com/2020-2022-induction-ceremony/
review-video-context-before-assignment,valarie-mccall-2020,Valarie McCall,2020,YDThFb2kPdA,https://www.youtube.com/watch?v=YDThFb2kPdA,class-or-ceremony-page-mention,0.32,false,needs-rights-caption-transcript-review,https://clevelandinternationalhalloffame.com/2020-2022-induction-ceremony/
review-video-context-before-assignment,valarie-mccall-2020,Valarie McCall,2020,zWJEroGvQUg,https://www.youtube.com/watch?v=zWJEroGvQUg,class-or-ceremony-page-mention,0.32,false,needs-rights-caption-transcript-review,https://clevelandinternationalhalloffame.com/2020-2022-induction-ceremony/
review-video-context-before-assignment,valarie-mccall-2020,Valarie McCall,2020,EfAP31kBlsM,https://www.youtube.com/watch?v=EfAP31kBlsM,class-or-ceremony-page-mention,0.32,false,needs-rights-caption-transcript-review,https://clevelandinternationalhalloffame.com/2020-2022-induction-ceremony/
review-video-context-before-assignment,valarie-mccall-2020,Valarie McCall,2020,XrKxMkfQALI,https://www.youtube.com/watch?v=XrKxMkfQALI,class-or-ceremony-page-mention,0.32,false,needs-rights-caption-transcript-review,https://clevelandinternationalhalloffame.com/2020-2022-induction-ceremony/
review-video-context-before-assignment,valarie-mccall-2020,Valarie McCall,2020,ovFsNwqqQNc,https://www.youtube.com/watch?v=ovFsNwqqQNc,class-or-ceremony-page-mention,0.32,false,needs-rights-caption-transcript-review,https://clevelandinternationalhalloffame.com/2020-2022-induction-ceremony/
review-video-context-before-assignment,valarie-mccall-2020,Valarie McCall,2020,36YHkoqo-Fk,https://www.youtube.com/watch?v=36YHkoqo-Fk,class-or-ceremony-page-mention,0.32,false,needs-rights-caption-transcript-review,https://clevelandinternationalhalloffame.com/2020-2022-induction-ceremony/
review-video-context-before-assignment,valarie-mccall-2020,Valarie McCall,2020,EZ92Q341gm4,https://www.youtube.com/watch?v=EZ92Q341gm4,class-or-ceremony-page-mention,0.32,false,needs-rights-caption-transcript-review,https://clevelandinternationalhalloffame.com/2020-2022-induction-ceremony/
review-video-context-before-assignment,valarie-mccall-2020,Valarie McCall,2020,MzvxeSsag0w,https://www.youtube.com/watch?v=MzvxeSsag0w,class-or-ceremony-page-mention,0.32,false,needs-rights-caption-transcript-review,https://clevelandinternationalhalloffame.com/2020-2022-induction-ceremony/
review-video-context-before-assignment,anda-cook-2022,Anda Cook,2022,I133bhcNqgo,https://www.youtube.com/watch?v=I133bhcNqgo,class-or-ceremony-page-mention,0.32,false,needs-rights-caption-transcript-review,https://clevelandinternationalhalloffame.com/2024-details/
review-video-context-before-assignment,anda-cook-2022,Anda Cook,2022,P34omi5XUiY,https://www.youtube.com/watch?v=P34omi5XUiY,class-or-ceremony-page-mention,0.32,false,needs-rights-caption-transcript-review,https://clevelandinternationalhalloffame.com/2024-details/
review-video-context-before-assignment,anda-cook-2022,Anda Cook,2022,_JXBIYSnWB0,https://www.youtube.com/watch?v=_JXBIYSnWB0,class-or-ceremony-page-mention,0.32,false,needs-rights-caption-transcript-review,https://clevelandinternationalhalloffame.com/2020-2022-induction-ceremony/
review-video-context-before-assignment,anda-cook-2022,Anda Cook,2022,YDThFb2kPdA,https://www.youtube.com/watch?v=YDThFb2kPdA,class-or-ceremony-page-mention,0.32,false,needs-rights-caption-transcript-review,https://clevelandinternationalhalloffame.com/2020-2022-induction-ceremony/
review-video-context-before-assignment,anda-cook-2022,Anda Cook,2022,zWJEroGvQUg,https://www.youtube.com/watch?v=zWJEroGvQUg,class-or-ceremony-page-mention,0.32,false,needs-rights-caption-transcript-review,https://clevelandinternationalhalloffame.com/2020-2022-induction-ceremony/
review-video-context-before-assignment,anda-cook-2022,Anda Cook,2022,EfAP31kBlsM,https://www.youtube.com/watch?v=EfAP31kBlsM,class-or-ceremony-page-mention,0.32,false,needs-rights-caption-transcript-review,https://clevelandinternationalhalloffame.com/2020-2022-induction-ceremony/
review-video-context-before-assignment,anda-cook-2022,Anda Cook,2022,XrKxMkfQALI,https://www.youtube.com/watch?v=XrKxMkfQALI,class-or-ceremony-page-mention,0.32,false,needs-rights-caption-transcript-review,https://clevelandinternationalhalloffame.com/2020-2022-induction-ceremony/
review-video-context-before-assignment,anda-cook-2022,Anda Cook,2022,ovFsNwqqQNc,https://www.youtube.com/watch?v=ovFsNwqqQNc,class-or-ceremony-page-mention,0.32,false,needs-rights-caption-transcript-review,https://clevelandinternationalhalloffame.com/2020-2022-induction-ceremony/
review-video-context-before-assignment,anda-cook-2022,Anda Cook,2022,36YHkoqo-Fk,https://www.youtube.com/watch?v=36YHkoqo-Fk,class-or-ceremony-page-mention,0.32,false,needs-rights-caption-transcript-review,https://clevelandinternationalhalloffame.com/2020-2022-induction-ceremony/
review-video-context-before-assignment,anda-cook-2022,Anda Cook,2022,EZ92Q341gm4,https://www.youtube.com/watch?v=EZ92Q341gm4,class-or-ceremony-page-mention,0.32,false,needs-rights-caption-transcript-review,https://clevelandinternationalhalloffame.com/2020-2022-induction-ceremony/
review-video-context-before-assignment,anda-cook-2022,Anda Cook,2022,MzvxeSsag0w,https://www.youtube.com/watch?v=MzvxeSsag0w,class-or-ceremony-page-mention,0.32,false,needs-rights-caption-transcript-review,https://clevelandinternationalhalloffame.com/2020-2022-induction-ceremony/
review-video-context-before-assignment,carl-robson-2022,Carl Robson,2022,I133bhcNqgo,https://www.youtube.com/watch?v=I133bhcNqgo,class-or-ceremony-page-mention,0.32,false,needs-rights-caption-transcript-review,https://clevelandinternationalhalloffame.com/2024-details/
review-video-context-before-assignment,carl-robson-2022,Carl Robson,2022,P34omi5XUiY,https://www.youtube.com/watch?v=P34omi5XUiY,class-or-ceremony-page-mention,0.32,false,needs-rights-caption-transcript-review,https://clevelandinternationalhalloffame.com/2024-details/
review-video-context-before-assignment,carl-robson-2022,Carl Robson,2022,_JXBIYSnWB0,https://www.youtube.com/watch?v=_JXBIYSnWB0,class-or-ceremony-page-mention,0.32,false,needs-rights-caption-transcript-review,https://clevelandinternationalhalloffame.com/2020-2022-induction-ceremony/
review-video-context-before-assignment,carl-robson-2022,Carl Robson,2022,YDThFb2kPdA,https://www.youtube.com/watch?v=YDThFb2kPdA,class-or-ceremony-page-mention,0.32,false,needs-rights-caption-transcript-review,https://clevelandinternationalhalloffame.com/2020-2022-induction-ceremony/
review-video-context-before-assignment,carl-robson-2022,Carl Robson,2022,zWJEroGvQUg,https://www.youtube.com/watch?v=zWJEroGvQUg,class-or-ceremony-page-mention,0.32,false,needs-rights-caption-transcript-review,https://clevelandinternationalhalloffame.com/2020-2022-induction-ceremony/
review-video-context-before-assignment,carl-robson-2022,Carl Robson,2022,EfAP31kBlsM,https://www.youtube.com/watch?v=EfAP31kBlsM,class-or-ceremony-page-mention,0.32,false,needs-rights-caption-transcript-review,https://clevelandinternationalhalloffame.com/2020-2022-induction-ceremony/
review-video-context-before-assignment,carl-robson-2022,Carl Robson,2022,XrKxMkfQALI,https://www.youtube.com/watch?v=XrKxMkfQALI,class-or-ceremony-page-mention,0.32,false,needs-rights-caption-transcript-review,https://clevelandinternationalhalloffame.com/2020-2022-induction-ceremony/
review-video-context-before-assignment,carl-robson-2022,Carl Robson,2022,ovFsNwqqQNc,https://www.youtube.com/watch?v=ovFsNwqqQNc,class-or-ceremony-page-mention,0.32,false,needs-rights-caption-transcript-review,https://clevelandinternationalhalloffame.com/2020-2022-induction-ceremony/
review-video-context-before-assignment,carl-robson-2022,Carl Robson,2022,36YHkoqo-Fk,https://www.youtube.com/watch?v=36YHkoqo-Fk,class-or-ceremony-page-mention,0.32,false,needs-rights-caption-transcript-review,https://clevelandinternationalhalloffame.com/2020-2022-induction-ceremony/
review-video-context-before-assignment,carl-robson-2022,Carl Robson,2022,EZ92Q341gm4,https://www.youtube.com/watch?v=EZ92Q341gm4,class-or-ceremony-page-mention,0.32,false,needs-rights-caption-transcript-review,https://clevelandinternationalhalloffame.com/2020-2022-induction-ceremony/
review-video-context-before-assignment,carl-robson-2022,Carl Robson,2022,MzvxeSsag0w,https://www.youtube.com/watch?v=MzvxeSsag0w,class-or-ceremony-page-mention,0.32,false,needs-rights-caption-transcript-review,https://clevelandinternationalhalloffame.com/2020-2022-induction-ceremony/
review-video-context-before-assignment,taras-szmagala-2022,Taras Szmagala,2022,I133bhcNqgo,https://www.youtube.com/watch?v=I133bhcNqgo,class-or-ceremony-page-mention,0.32,false,needs-rights-caption-transcript-review,https://clevelandinternationalhalloffame.com/2024-details/
review-video-context-before-assignment,taras-szmagala-2022,Taras Szmagala,2022,P34omi5XUiY,https://www.youtube.com/watch?v=P34omi5XUiY,class-or-ceremony-page-mention,0.32,false,needs-rights-caption-transcript-review,https://clevelandinternationalhalloffame.com/2024-details/
review-video-context-before-assignment,taras-szmagala-2022,Taras Szmagala,2022,_JXBIYSnWB0,https://www.youtube.com/watch?v=_JXBIYSnWB0,class-or-ceremony-page-mention,0.32,false,needs-rights-caption-transcript-review,https://clevelandinternationalhalloffame.com/2020-2022-induction-ceremony/
review-video-context-before-assignment,taras-szmagala-2022,Taras Szmagala,2022,YDThFb2kPdA,https://www.youtube.com/watch?v=YDThFb2kPdA,class-or-ceremony-page-mention,0.32,false,needs-rights-caption-transcript-review,https://clevelandinternationalhalloffame.com/2020-2022-induction-ceremony/
review-video-context-before-assignment,taras-szmagala-2022,Taras Szmagala,2022,zWJEroGvQUg,https://www.youtube.com/watch?v=zWJEroGvQUg,class-or-ceremony-page-mention,0.32,false,needs-rights-caption-transcript-review,https://clevelandinternationalhalloffame.com/2020-2022-induction-ceremony/
review-video-context-before-assignment,taras-szmagala-2022,Taras Szmagala,2022,EfAP31kBlsM,https://www.youtube.com/watch?v=EfAP31kBlsM,class-or-ceremony-page-mention,0.32,false,needs-rights-caption-transcript-review,https://clevelandinternationalhalloffame.com/2020-2022-induction-ceremony/
review-video-context-before-assignment,taras-szmagala-2022,Taras Szmagala,2022,XrKxMkfQALI,https://www.youtube.com/watch?v=XrKxMkfQALI,class-or-ceremony-page-mention,0.32,false,needs-rights-caption-transcript-review,https://clevelandinternationalhalloffame.com/2020-2022-induction-ceremony/
review-video-context-before-assignment,taras-szmagala-2022,Taras Szmagala,2022,ovFsNwqqQNc,https://www.youtube.com/watch?v=ovFsNwqqQNc,class-or-ceremony-page-mention,0.32,false,needs-rights-caption-transcript-review,https://clevelandinternationalhalloffame.com/2020-2022-induction-ceremony/
review-video-context-before-assignment,taras-szmagala-2022,Taras Szmagala,2022,36YHkoqo-Fk,https://www.youtube.com/watch?v=36YHkoqo-Fk,class-or-ceremony-page-mention,0.32,false,needs-rights-caption-transcript-review,https://clevelandinternationalhalloffame.com/2020-2022-induction-ceremony/
review-video-context-before-assignment,taras-szmagala-2022,Taras Szmagala,2022,EZ92Q341gm4,https://www.youtube.com/watch?v=EZ92Q341gm4,class-or-ceremony-page-mention,0.32,false,needs-rights-caption-transcript-review,https://clevelandinternationalhalloffame.com/2020-2022-induction-ceremony/
review-video-context-before-assignment,taras-szmagala-2022,Taras Szmagala,2022,MzvxeSsag0w,https://www.youtube.com/watch?v=MzvxeSsag0w,class-or-ceremony-page-mention,0.32,false,needs-rights-caption-transcript-review,https://clevelandinternationalhalloffame.com/2020-2022-induction-ceremony/
review-video-context-before-assignment,victor-ruiz-2022,Victor Ruiz,2022,_JXBIYSnWB0,https://www.youtube.com/watch?v=_JXBIYSnWB0,class-or-ceremony-page-mention,0.32,false,needs-rights-caption-transcript-review,https://clevelandinternationalhalloffame.com/2020-2022-induction-ceremony/
review-video-context-before-assignment,victor-ruiz-2022,Victor Ruiz,2022,YDThFb2kPdA,https://www.youtube.com/watch?v=YDThFb2kPdA,class-or-ceremony-page-mention,0.32,false,needs-rights-caption-transcript-review,https://clevelandinternationalhalloffame.com/2020-2022-induction-ceremony/
review-video-context-before-assignment,victor-ruiz-2022,Victor Ruiz,2022,zWJEroGvQUg,https://www.youtube.com/watch?v=zWJEroGvQUg,class-or-ceremony-page-mention,0.32,false,needs-rights-caption-transcript-review,https://clevelandinternationalhalloffame.com/2020-2022-induction-ceremony/
review-video-context-before-assignment,victor-ruiz-2022,Victor Ruiz,2022,EfAP31kBlsM,https://www.youtube.com/watch?v=EfAP31kBlsM,class-or-ceremony-page-mention,0.32,false,needs-rights-caption-transcript-review,https://clevelandinternationalhalloffame.com/2020-2022-induction-ceremony/
review-video-context-before-assignment,victor-ruiz-2022,Victor Ruiz,2022,XrKxMkfQALI,https://www.youtube.com/watch?v=XrKxMkfQALI,class-or-ceremony-page-mention,0.32,false,needs-rights-caption-transcript-review,https://clevelandinternationalhalloffame.com/2020-2022-induction-ceremony/
review-video-context-before-assignment,victor-ruiz-2022,Victor Ruiz,2022,ovFsNwqqQNc,https://www.youtube.com/watch?v=ovFsNwqqQNc,class-or-ceremony-page-mention,0.32,false,needs-rights-caption-transcript-review,https://clevelandinternationalhalloffame.com/2020-2022-induction-ceremony/
review-video-context-before-assignment,victor-ruiz-2022,Victor Ruiz,2022,36YHkoqo-Fk,https://www.youtube.com/watch?v=36YHkoqo-Fk,class-or-ceremony-page-mention,0.32,false,needs-rights-caption-transcript-review,https://clevelandinternationalhalloffame.com/2020-2022-induction-ceremony/
review-video-context-before-assignment,victor-ruiz-2022,Victor Ruiz,2022,EZ92Q341gm4,https://www.youtube.com/watch?v=EZ92Q341gm4,class-or-ceremony-page-mention,0.32,false,needs-rights-caption-transcript-review,https://clevelandinternationalhalloffame.com/2020-2022-induction-ceremony/
review-video-context-before-assignment,victor-ruiz-2022,Victor Ruiz,2022,MzvxeSsag0w,https://www.youtube.com/watch?v=MzvxeSsag0w,class-or-ceremony-page-mention,0.32,false,needs-rights-caption-transcript-review,https://clevelandinternationalhalloffame.com/2020-2022-induction-ceremony/
review-video-context-before-assignment,georgine-welo-2023,Georgine Welo,2023,I133bhcNqgo,https://www.youtube.com/watch?v=I133bhcNqgo,class-or-ceremony-page-mention,0.32,false,needs-rights-caption-transcript-review,https://clevelandinternationalhalloffame.com/2024-details/
review-video-context-before-assignment,georgine-welo-2023,Georgine Welo,2023,P34omi5XUiY,https://www.youtube.com/watch?v=P34omi5XUiY,class-or-ceremony-page-mention,0.32,false,needs-rights-caption-transcript-review,https://clevelandinternationalhalloffame.com/2024-details/
review-video-context-before-assignment,georgine-welo-2023,Georgine Welo,2023,yR18WkgJ_tQ,https://www.youtube.com/watch?v=yR18WkgJ_tQ,class-or-ceremony-page-mention,0.32,false,needs-rights-caption-transcript-review,https://clevelandinternationalhalloffame.com/2023-induction-ceremony/
review-video-context-before-assignment,georgine-welo-2023,Georgine Welo,2023,7im99WF6Sfw,https://www.youtube.com/watch?v=7im99WF6Sfw,class-or-ceremony-page-mention,0.32,false,needs-rights-caption-transcript-review,https://clevelandinternationalhalloffame.com/2023-induction-ceremony/
review-video-context-before-assignment,georgine-welo-2023,Georgine Welo,2023,DhCiFpCsGFk,https://www.youtube.com/watch?v=DhCiFpCsGFk,class-or-ceremony-page-mention,0.32,false,needs-rights-caption-transcript-review,https://clevelandinternationalhalloffame.com/2023-induction-ceremony/
review-video-context-before-assignment,georgine-welo-2023,Georgine Welo,2023,RImDK_lpjFM,https://www.youtube.com/watch?v=RImDK_lpjFM,class-or-ceremony-page-mention,0.32,false,needs-rights-caption-transcript-review,https://clevelandinternationalhalloffame.com/2023-induction-ceremony/
review-video-context-before-assignment,georgine-welo-2023,Georgine Welo,2023,EtHbvT_s4NY,https://www.youtube.com/watch?v=EtHbvT_s4NY,class-or-ceremony-page-mention,0.32,false,needs-rights-caption-transcript-review,https://clevelandinternationalhalloffame.com/2023-induction-ceremony/
review-video-context-before-assignment,georgine-welo-2023,Georgine Welo,2023,ynzDfs0graM,https://www.youtube.com/watch?v=ynzDfs0graM,class-or-ceremony-page-mention,0.32,false,needs-rights-caption-transcript-review,https://clevelandinternationalhalloffame.com/2023-induction-ceremony/
review-video-context-before-assignment,georgine-welo-2023,Georgine Welo,2023,lF42eHsGdFc,https://www.youtube.com/watch?v=lF42eHsGdFc,class-or-ceremony-page-mention,0.32,false,needs-rights-caption-transcript-review,https://clevelandinternationalhalloffame.com/2023-induction-ceremony/
review-video-context-before-assignment,joyce-mariani-2023,Joyce Mariani,2023,yR18WkgJ_tQ,https://www.youtube.com/watch?v=yR18WkgJ_tQ,class-or-ceremony-page-mention,0.32,false,needs-rights-caption-transcript-review,https://clevelandinternationalhalloffame.com/2023-induction-ceremony/
review-video-context-before-assignment,joyce-mariani-2023,Joyce Mariani,2023,7im99WF6Sfw,https://www.youtube.com/watch?v=7im99WF6Sfw,class-or-ceremony-page-mention,0.32,false,needs-rights-caption-transcript-review,https://clevelandinternationalhalloffame.com/2023-induction-ceremony/
review-video-context-before-assignment,joyce-mariani-2023,Joyce Mariani,2023,DhCiFpCsGFk,https://www.youtube.com/watch?v=DhCiFpCsGFk,class-or-ceremony-page-mention,0.32,false,needs-rights-caption-transcript-review,https://clevelandinternationalhalloffame.com/2023-induction-ceremony/
review-video-context-before-assignment,joyce-mariani-2023,Joyce Mariani,2023,RImDK_lpjFM,https://www.youtube.com/watch?v=RImDK_lpjFM,class-or-ceremony-page-mention,0.32,false,needs-rights-caption-transcript-review,https://clevelandinternationalhalloffame.com/2023-induction-ceremony/
review-video-context-before-assignment,joyce-mariani-2023,Joyce Mariani,2023,EtHbvT_s4NY,https://www.youtube.com/watch?v=EtHbvT_s4NY,class-or-ceremony-page-mention,0.32,false,needs-rights-caption-transcript-review,https://clevelandinternationalhalloffame.com/2023-induction-ceremony/
review-video-context-before-assignment,joyce-mariani-2023,Joyce Mariani,2023,ynzDfs0graM,https://www.youtube.com/watch?v=ynzDfs0graM,class-or-ceremony-page-mention,0.32,false,needs-rights-caption-transcript-review,https://clevelandinternationalhalloffame.com/2023-induction-ceremony/
review-video-context-before-assignment,joyce-mariani-2023,Joyce Mariani,2023,lF42eHsGdFc,https://www.youtube.com/watch?v=lF42eHsGdFc,class-or-ceremony-page-mention,0.32,false,needs-rights-caption-transcript-review,https://clevelandinternationalhalloffame.com/2023-induction-ceremony/
review-video-context-before-assignment,pat-dowd-2023,Pat Dowd,2023,Do7atH9353s,https://www.youtube.com/watch?v=Do7atH9353s,class-or-ceremony-page-mention,0.32,false,needs-rights-caption-transcript-review,https://clevelandinternationalhalloffame.com/induction-class-2010/
review-video-context-before-assignment,pat-dowd-2023,Pat Dowd,2023,jE7WSnYhKN0,https://www.youtube.com/watch?v=jE7WSnYhKN0,class-or-ceremony-page-mention,0.32,false,needs-rights-caption-transcript-review,https://clevelandinternationalhalloffame.com/induction-class-2010/
review-video-context-before-assignment,pierre-bejjani-2023,Pierre Bejjani,2023,I133bhcNqgo,https://www.youtube.com/watch?v=I133bhcNqgo,class-or-ceremony-page-mention,0.32,false,needs-rights-caption-transcript-review,https://clevelandinternationalhalloffame.com/2024-details/
review-video-context-before-assignment,pierre-bejjani-2023,Pierre Bejjani,2023,P34omi5XUiY,https://www.youtube.com/watch?v=P34omi5XUiY,class-or-ceremony-page-mention,0.32,false,needs-rights-caption-transcript-review,https://clevelandinternationalhalloffame.com/2024-details/
review-video-context-before-assignment,pierre-bejjani-2023,Pierre Bejjani,2023,yR18WkgJ_tQ,https://www.youtube.com/watch?v=yR18WkgJ_tQ,class-or-ceremony-page-mention,0.32,false,needs-rights-caption-transcript-review,https://clevelandinternationalhalloffame.com/2023-induction-ceremony/
review-video-context-before-assignment,pierre-bejjani-2023,Pierre Bejjani,2023,7im99WF6Sfw,https://www.youtube.com/watch?v=7im99WF6Sfw,class-or-ceremony-page-mention,0.32,false,needs-rights-caption-transcript-review,https://clevelandinternationalhalloffame.com/2023-induction-ceremony/
review-video-context-before-assignment,pierre-bejjani-2023,Pierre Bejjani,2023,DhCiFpCsGFk,https://www.youtube.com/watch?v=DhCiFpCsGFk,class-or-ceremony-page-mention,0.32,false,needs-rights-caption-transcript-review,https://clevelandinternationalhalloffame.com/2023-induction-ceremony/
review-video-context-before-assignment,pierre-bejjani-2023,Pierre Bejjani,2023,RImDK_lpjFM,https://www.youtube.com/watch?v=RImDK_lpjFM,class-or-ceremony-page-mention,0.32,false,needs-rights-caption-transcript-review,https://clevelandinternationalhalloffame.com/2023-induction-ceremony/
review-video-context-before-assignment,pierre-bejjani-2023,Pierre Bejjani,2023,EtHbvT_s4NY,https://www.youtube.com/watch?v=EtHbvT_s4NY,class-or-ceremony-page-mention,0.32,false,needs-rights-caption-transcript-review,https://clevelandinternationalhalloffame.com/2023-induction-ceremony/
review-video-context-before-assignment,pierre-bejjani-2023,Pierre Bejjani,2023,ynzDfs0graM,https://www.youtube.com/watch?v=ynzDfs0graM,class-or-ceremony-page-mention,0.32,false,needs-rights-caption-transcript-review,https://clevelandinternationalhalloffame.com/2023-induction-ceremony/
review-video-context-before-assignment,pierre-bejjani-2023,Pierre Bejjani,2023,lF42eHsGdFc,https://www.youtube.com/watch?v=lF42eHsGdFc,class-or-ceremony-page-mention,0.32,false,needs-rights-caption-transcript-review,https://clevelandinternationalhalloffame.com/2023-induction-ceremony/
review-video-context-before-assignment,pierre-bejjani-2023,Pierre Bejjani,2023,Pg4Uqs_wZRY,https://www.youtube.com/watch?v=Pg4Uqs_wZRY,class-or-ceremony-page-mention,0.32,false,needs-rights-caption-transcript-review,https://clevelandinternationalhalloffame.com/induction-class-2018/
review-video-context-before-assignment,pierre-bejjani-2023,Pierre Bejjani,2023,o_9k7ZtTvas,https://www.youtube.com/watch?v=o_9k7ZtTvas,class-or-ceremony-page-mention,0.32,false,needs-rights-caption-transcript-review,https://clevelandinternationalhalloffame.com/induction-class-2018/
review-video-context-before-assignment,pierre-bejjani-2023,Pierre Bejjani,2023,_uTf8G8a6b0,https://www.youtube.com/watch?v=_uTf8G8a6b0,class-or-ceremony-page-mention,0.32,false,needs-rights-caption-transcript-review,https://clevelandinternationalhalloffame.com/induction-class-2018/
review-video-context-before-assignment,pierre-bejjani-2023,Pierre Bejjani,2023,YCV-PL-GOuk,https://www.youtube.com/watch?v=YCV-PL-GOuk,class-or-ceremony-page-mention,0.32,false,needs-rights-caption-transcript-review,https://clevelandinternationalhalloffame.com/induction-class-2018/
review-video-context-before-assignment,pierre-bejjani-2023,Pierre Bejjani,2023,bsoEDM5cG2s,https://www.youtube.com/watch?v=bsoEDM5cG2s,class-or-ceremony-page-mention,0.32,false,needs-rights-caption-transcript-review,https://clevelandinternationalhalloffame.com/induction-class-2018/
review-video-context-before-assignment,sudarshan-sathe-2023,Sudarshan Sathe,2023,I133bhcNqgo,https://www.youtube.com/watch?v=I133bhcNqgo,class-or-ceremony-page-mention,0.32,false,needs-rights-caption-transcript-review,https://clevelandinternationalhalloffame.com/2024-details/
review-video-context-before-assignment,sudarshan-sathe-2023,Sudarshan Sathe,2023,P34omi5XUiY,https://www.youtube.com/watch?v=P34omi5XUiY,class-or-ceremony-page-mention,0.32,false,needs-rights-caption-transcript-review,https://clevelandinternationalhalloffame.com/2024-details/
review-video-context-before-assignment,sudarshan-sathe-2023,Sudarshan Sathe,2023,yR18WkgJ_tQ,https://www.youtube.com/watch?v=yR18WkgJ_tQ,class-or-ceremony-page-mention,0.32,false,needs-rights-caption-transcript-review,https://clevelandinternationalhalloffame.com/2023-induction-ceremony/
review-video-context-before-assignment,sudarshan-sathe-2023,Sudarshan Sathe,2023,7im99WF6Sfw,https://www.youtube.com/watch?v=7im99WF6Sfw,class-or-ceremony-page-mention,0.32,false,needs-rights-caption-transcript-review,https://clevelandinternationalhalloffame.com/2023-induction-ceremony/
review-video-context-before-assignment,sudarshan-sathe-2023,Sudarshan Sathe,2023,DhCiFpCsGFk,https://www.youtube.com/watch?v=DhCiFpCsGFk,class-or-ceremony-page-mention,0.32,false,needs-rights-caption-transcript-review,https://clevelandinternationalhalloffame.com/2023-induction-ceremony/
review-video-context-before-assignment,sudarshan-sathe-2023,Sudarshan Sathe,2023,RImDK_lpjFM,https://www.youtube.com/watch?v=RImDK_lpjFM,class-or-ceremony-page-mention,0.32,false,needs-rights-caption-transcript-review,https://clevelandinternationalhalloffame.com/2023-induction-ceremony/
review-video-context-before-assignment,sudarshan-sathe-2023,Sudarshan Sathe,2023,EtHbvT_s4NY,https://www.youtube.com/watch?v=EtHbvT_s4NY,class-or-ceremony-page-mention,0.32,false,needs-rights-caption-transcript-review,https://clevelandinternationalhalloffame.com/2023-induction-ceremony/
review-video-context-before-assignment,sudarshan-sathe-2023,Sudarshan Sathe,2023,ynzDfs0graM,https://www.youtube.com/watch?v=ynzDfs0graM,class-or-ceremony-page-mention,0.32,false,needs-rights-caption-transcript-review,https://clevelandinternationalhalloffame.com/2023-induction-ceremony/
review-video-context-before-assignment,sudarshan-sathe-2023,Sudarshan Sathe,2023,lF42eHsGdFc,https://www.youtube.com/watch?v=lF42eHsGdFc,class-or-ceremony-page-mention,0.32,false,needs-rights-caption-transcript-review,https://clevelandinternationalhalloffame.com/2023-induction-ceremony/
review-video-context-before-assignment,sudarshan-sathe-2023,Sudarshan Sathe,2023,_JXBIYSnWB0,https://www.youtube.com/watch?v=_JXBIYSnWB0,class-or-ceremony-page-mention,0.32,false,needs-rights-caption-transcript-review,https://clevelandinternationalhalloffame.com/2020-2022-induction-ceremony/
review-video-context-before-assignment,sudarshan-sathe-2023,Sudarshan Sathe,2023,YDThFb2kPdA,https://www.youtube.com/watch?v=YDThFb2kPdA,class-or-ceremony-page-mention,0.32,false,needs-rights-caption-transcript-review,https://clevelandinternationalhalloffame.com/2020-2022-induction-ceremony/
review-video-context-before-assignment,sudarshan-sathe-2023,Sudarshan Sathe,2023,zWJEroGvQUg,https://www.youtube.com/watch?v=zWJEroGvQUg,class-or-ceremony-page-mention,0.32,false,needs-rights-caption-transcript-review,https://clevelandinternationalhalloffame.com/2020-2022-induction-ceremony/
review-video-context-before-assignment,sudarshan-sathe-2023,Sudarshan Sathe,2023,EfAP31kBlsM,https://www.youtube.com/watch?v=EfAP31kBlsM,class-or-ceremony-page-mention,0.32,false,needs-rights-caption-transcript-review,https://clevelandinternationalhalloffame.com/2020-2022-induction-ceremony/
review-video-context-before-assignment,sudarshan-sathe-2023,Sudarshan Sathe,2023,XrKxMkfQALI,https://www.youtube.com/watch?v=XrKxMkfQALI,class-or-ceremony-page-mention,0.32,false,needs-rights-caption-transcript-review,https://clevelandinternationalhalloffame.com/2020-2022-induction-ceremony/
review-video-context-before-assignment,sudarshan-sathe-2023,Sudarshan Sathe,2023,ovFsNwqqQNc,https://www.youtube.com/watch?v=ovFsNwqqQNc,class-or-ceremony-page-mention,0.32,false,needs-rights-caption-transcript-review,https://clevelandinternationalhalloffame.com/2020-2022-induction-ceremony/
review-video-context-before-assignment,sudarshan-sathe-2023,Sudarshan Sathe,2023,36YHkoqo-Fk,https://www.youtube.com/watch?v=36YHkoqo-Fk,class-or-ceremony-page-mention,0.32,false,needs-rights-caption-transcript-review,https://clevelandinternationalhalloffame.com/2020-2022-induction-ceremony/
review-video-context-before-assignment,sudarshan-sathe-2023,Sudarshan Sathe,2023,EZ92Q341gm4,https://www.youtube.com/watch?v=EZ92Q341gm4,class-or-ceremony-page-mention,0.32,false,needs-rights-caption-transcript-review,https://clevelandinternationalhalloffame.com/2020-2022-induction-ceremony/
review-video-context-before-assignment,sudarshan-sathe-2023,Sudarshan Sathe,2023,MzvxeSsag0w,https://www.youtube.com/watch?v=MzvxeSsag0w,class-or-ceremony-page-mention,0.32,false,needs-rights-caption-transcript-review,https://clevelandinternationalhalloffame.com/2020-2022-induction-ceremony/
review-video-context-before-assignment,sudarshan-sathe-2023,Sudarshan Sathe,2023,NcCM_1SAQek,https://www.youtube.com/watch?v=NcCM_1SAQek,class-or-ceremony-page-mention,0.32,false,needs-rights-caption-transcript-review,https://clevelandinternationalhalloffame.com/induction-class-2017/
review-video-context-before-assignment,sudarshan-sathe-2023,Sudarshan Sathe,2023,wBzBVH4kBkg,https://www.youtube.com/watch?v=wBzBVH4kBkg,class-or-ceremony-page-mention,0.32,false,needs-rights-caption-transcript-review,https://clevelandinternationalhalloffame.com/induction-class-2017/
review-video-context-before-assignment,sudarshan-sathe-2023,Sudarshan Sathe,2023,14YLHrGlU-4,https://www.youtube.com/watch?v=14YLHrGlU-4,class-or-ceremony-page-mention,0.32,false,needs-rights-caption-transcript-review,https://clevelandinternationalhalloffame.com/induction-class-2017/
review-video-context-before-assignment,sudarshan-sathe-2023,Sudarshan Sathe,2023,IblVlQoTrtc,https://www.youtube.com/watch?v=IblVlQoTrtc,class-or-ceremony-page-mention,0.32,false,needs-rights-caption-transcript-review,https://clevelandinternationalhalloffame.com/induction-class-2017/
review-video-context-before-assignment,beverly-kerecman-2025,Beverly Kerecman,2025,S6l7MKK7RWg,https://www.youtube.com/watch?v=S6l7MKK7RWg,class-or-ceremony-page-mention,0.32,false,needs-rights-caption-transcript-review,https://clevelandinternationalhalloffame.com/2025-induction-ceremony/
review-video-context-before-assignment,beverly-kerecman-2025,Beverly Kerecman,2025,63hL5GG_0dA,https://www.youtube.com/watch?v=63hL5GG_0dA,class-or-ceremony-page-mention,0.32,false,needs-rights-caption-transcript-review,https://clevelandinternationalhalloffame.com/2025-induction-ceremony/
review-video-context-before-assignment,beverly-kerecman-2025,Beverly Kerecman,2025,XJbjDVgzCzc,https://www.youtube.com/watch?v=XJbjDVgzCzc,class-or-ceremony-page-mention,0.32,false,needs-rights-caption-transcript-review,https://clevelandinternationalhalloffame.com/2025-induction-ceremony/
review-video-context-before-assignment,beverly-kerecman-2025,Beverly Kerecman,2025,HQz1pWe_-wM,https://www.youtube.com/watch?v=HQz1pWe_-wM,class-or-ceremony-page-mention,0.32,false,needs-rights-caption-transcript-review,https://clevelandinternationalhalloffame.com/2025-induction-ceremony/
review-video-context-before-assignment,branka-malinar-2025,Branka Malinar,2025,S6l7MKK7RWg,https://www.youtube.com/watch?v=S6l7MKK7RWg,class-or-ceremony-page-mention,0.32,false,needs-rights-caption-transcript-review,https://clevelandinternationalhalloffame.com/2025-induction-ceremony/
review-video-context-before-assignment,branka-malinar-2025,Branka Malinar,2025,63hL5GG_0dA,https://www.youtube.com/watch?v=63hL5GG_0dA,class-or-ceremony-page-mention,0.32,false,needs-rights-caption-transcript-review,https://clevelandinternationalhalloffame.com/2025-induction-ceremony/
review-video-context-before-assignment,branka-malinar-2025,Branka Malinar,2025,XJbjDVgzCzc,https://www.youtube.com/watch?v=XJbjDVgzCzc,class-or-ceremony-page-mention,0.32,false,needs-rights-caption-transcript-review,https://clevelandinternationalhalloffame.com/2025-induction-ceremony/
review-video-context-before-assignment,branka-malinar-2025,Branka Malinar,2025,HQz1pWe_-wM,https://www.youtube.com/watch?v=HQz1pWe_-wM,class-or-ceremony-page-mention,0.32,false,needs-rights-caption-transcript-review,https://clevelandinternationalhalloffame.com/2025-induction-ceremony/
review-video-context-before-assignment,david-gilbert-2025,David Gilbert,2025,S6l7MKK7RWg,https://www.youtube.com/watch?v=S6l7MKK7RWg,class-or-ceremony-page-mention,0.32,false,needs-rights-caption-transcript-review,https://clevelandinternationalhalloffame.com/2025-induction-ceremony/
review-video-context-before-assignment,david-gilbert-2025,David Gilbert,2025,63hL5GG_0dA,https://www.youtube.com/watch?v=63hL5GG_0dA,class-or-ceremony-page-mention,0.32,false,needs-rights-caption-transcript-review,https://clevelandinternationalhalloffame.com/2025-induction-ceremony/
review-video-context-before-assignment,david-gilbert-2025,David Gilbert,2025,XJbjDVgzCzc,https://www.youtube.com/watch?v=XJbjDVgzCzc,class-or-ceremony-page-mention,0.32,false,needs-rights-caption-transcript-review,https://clevelandinternationalhalloffame.com/2025-induction-ceremony/
review-video-context-before-assignment,david-gilbert-2025,David Gilbert,2025,HQz1pWe_-wM,https://www.youtube.com/watch?v=HQz1pWe_-wM,class-or-ceremony-page-mention,0.32,false,needs-rights-caption-transcript-review,https://clevelandinternationalhalloffame.com/2025-induction-ceremony/
review-video-context-before-assignment,mayor-frank-jackson-2025,Mayor Frank Jackson,2025,Ssb2SQ6HPoo,https://www.youtube.com/watch?v=Ssb2SQ6HPoo,class-or-ceremony-page-mention,0.32,false,needs-rights-caption-transcript-review,https://clevelandinternationalhalloffame.com/2019-induction-ceremony/
review-video-context-before-assignment,mayor-frank-jackson-2025,Mayor Frank Jackson,2025,vwTIgQpdBEo,https://www.youtube.com/watch?v=vwTIgQpdBEo,class-or-ceremony-page-mention,0.32,false,needs-rights-caption-transcript-review,https://clevelandinternationalhalloffame.com/2019-induction-ceremony/
review-video-context-before-assignment,mayor-frank-jackson-2025,Mayor Frank Jackson,2025,w2Xq5luKGCU,https://www.youtube.com/watch?v=w2Xq5luKGCU,class-or-ceremony-page-mention,0.32,false,needs-rights-caption-transcript-review,https://clevelandinternationalhalloffame.com/2019-induction-ceremony/
review-video-context-before-assignment,mayor-frank-jackson-2025,Mayor Frank Jackson,2025,lHHN_zd8O8k,https://www.youtube.com/watch?v=lHHN_zd8O8k,class-or-ceremony-page-mention,0.32,false,needs-rights-caption-transcript-review,https://clevelandinternationalhalloffame.com/2019-induction-ceremony/
review-video-context-before-assignment,mayor-frank-jackson-2025,Mayor Frank Jackson,2025,_ifygk1bw5Q,https://www.youtube.com/watch?v=_ifygk1bw5Q,class-or-ceremony-page-mention,0.32,false,needs-rights-caption-transcript-review,https://clevelandinternationalhalloffame.com/2019-induction-ceremony/
review-video-context-before-assignment,mayor-frank-jackson-2025,Mayor Frank Jackson,2025,eCOSePkWnFY,https://www.youtube.com/watch?v=eCOSePkWnFY,class-or-ceremony-page-mention,0.32,false,needs-rights-caption-transcript-review,https://clevelandinternationalhalloffame.com/2019-induction-ceremony/
review-video-context-before-assignment,raj-aggarwal-2025,Raj Aggarwal,2025,S6l7MKK7RWg,https://www.youtube.com/watch?v=S6l7MKK7RWg,class-or-ceremony-page-mention,0.32,false,needs-rights-caption-transcript-review,https://clevelandinternationalhalloffame.com/2025-induction-ceremony/
review-video-context-before-assignment,raj-aggarwal-2025,Raj Aggarwal,2025,63hL5GG_0dA,https://www.youtube.com/watch?v=63hL5GG_0dA,class-or-ceremony-page-mention,0.32,false,needs-rights-caption-transcript-review,https://clevelandinternationalhalloffame.com/2025-induction-ceremony/
review-video-context-before-assignment,raj-aggarwal-2025,Raj Aggarwal,2025,XJbjDVgzCzc,https://www.youtube.com/watch?v=XJbjDVgzCzc,class-or-ceremony-page-mention,0.32,false,needs-rights-caption-transcript-review,https://clevelandinternationalhalloffame.com/2025-induction-ceremony/
review-video-context-before-assignment,raj-aggarwal-2025,Raj Aggarwal,2025,HQz1pWe_-wM,https://www.youtube.com/watch?v=HQz1pWe_-wM,class-or-ceremony-page-mention,0.32,false,needs-rights-caption-transcript-review,https://clevelandinternationalhalloffame.com/2025-induction-ceremony/
review-video-context-before-assignment,svetlana-stolyarova-2025,Svetlana Stolyarova,2025,S6l7MKK7RWg,https://www.youtube.com/watch?v=S6l7MKK7RWg,class-or-ceremony-page-mention,0.32,false,needs-rights-caption-transcript-review,https://clevelandinternationalhalloffame.com/2025-induction-ceremony/
review-video-context-before-assignment,svetlana-stolyarova-2025,Svetlana Stolyarova,2025,63hL5GG_0dA,https://www.youtube.com/watch?v=63hL5GG_0dA,class-or-ceremony-page-mention,0.32,false,needs-rights-caption-transcript-review,https://clevelandinternationalhalloffame.com/2025-induction-ceremony/
review-video-context-before-assignment,svetlana-stolyarova-2025,Svetlana Stolyarova,2025,XJbjDVgzCzc,https://www.youtube.com/watch?v=XJbjDVgzCzc,class-or-ceremony-page-mention,0.32,false,needs-rights-caption-transcript-review,https://clevelandinternationalhalloffame.com/2025-induction-ceremony/
review-video-context-before-assignment,svetlana-stolyarova-2025,Svetlana Stolyarova,2025,HQz1pWe_-wM,https://www.youtube.com/watch?v=HQz1pWe_-wM,class-or-ceremony-page-mention,0.32,false,needs-rights-caption-transcript-review,https://clevelandinternationalhalloffame.com/2025-induction-ceremony/
review-video-context-before-assignment,aklilu-demessie-2026,Aklilu Demessie,2026,Pyty_Fo8cFs,https://www.youtube.com/watch?v=Pyty_Fo8cFs,class-or-ceremony-page-mention,0.32,false,needs-rights-caption-transcript-review,https://clevelandinternationalhalloffame.com/2026-class-and-inductions/
review-video-context-before-assignment,aklilu-demessie-2026,Aklilu Demessie,2026,eWsy8Ctigm0,https://www.youtube.com/watch?v=eWsy8Ctigm0,class-or-ceremony-page-mention,0.32,false,needs-rights-caption-transcript-review,https://clevelandinternationalhalloffame.com/2026-class-and-inductions/
review-video-context-before-assignment,aklilu-demessie-2026,Aklilu Demessie,2026,e-wqDqAmYP8,https://www.youtube.com/watch?v=e-wqDqAmYP8,class-or-ceremony-page-mention,0.32,false,needs-rights-caption-transcript-review,https://clevelandinternationalhalloffame.com/2026-class-and-inductions/
review-video-context-before-assignment,aklilu-demessie-2026,Aklilu Demessie,2026,_JXBIYSnWB0,https://www.youtube.com/watch?v=_JXBIYSnWB0,class-or-ceremony-page-mention,0.32,false,needs-rights-caption-transcript-review,https://clevelandinternationalhalloffame.com/2020-2022-induction-ceremony/
review-video-context-before-assignment,aklilu-demessie-2026,Aklilu Demessie,2026,YDThFb2kPdA,https://www.youtube.com/watch?v=YDThFb2kPdA,class-or-ceremony-page-mention,0.32,false,needs-rights-caption-transcript-review,https://clevelandinternationalhalloffame.com/2020-2022-induction-ceremony/
review-video-context-before-assignment,aklilu-demessie-2026,Aklilu Demessie,2026,zWJEroGvQUg,https://www.youtube.com/watch?v=zWJEroGvQUg,class-or-ceremony-page-mention,0.32,false,needs-rights-caption-transcript-review,https://clevelandinternationalhalloffame.com/2020-2022-induction-ceremony/
review-video-context-before-assignment,aklilu-demessie-2026,Aklilu Demessie,2026,EfAP31kBlsM,https://www.youtube.com/watch?v=EfAP31kBlsM,class-or-ceremony-page-mention,0.32,false,needs-rights-caption-transcript-review,https://clevelandinternationalhalloffame.com/2020-2022-induction-ceremony/
review-video-context-before-assignment,aklilu-demessie-2026,Aklilu Demessie,2026,XrKxMkfQALI,https://www.youtube.com/watch?v=XrKxMkfQALI,class-or-ceremony-page-mention,0.32,false,needs-rights-caption-transcript-review,https://clevelandinternationalhalloffame.com/2020-2022-induction-ceremony/
review-video-context-before-assignment,aklilu-demessie-2026,Aklilu Demessie,2026,ovFsNwqqQNc,https://www.youtube.com/watch?v=ovFsNwqqQNc,class-or-ceremony-page-mention,0.32,false,needs-rights-caption-transcript-review,https://clevelandinternationalhalloffame.com/2020-2022-induction-ceremony/
review-video-context-before-assignment,aklilu-demessie-2026,Aklilu Demessie,2026,36YHkoqo-Fk,https://www.youtube.com/watch?v=36YHkoqo-Fk,class-or-ceremony-page-mention,0.32,false,needs-rights-caption-transcript-review,https://clevelandinternationalhalloffame.com/2020-2022-induction-ceremony/
review-video-context-before-assignment,aklilu-demessie-2026,Aklilu Demessie,2026,EZ92Q341gm4,https://www.youtube.com/watch?v=EZ92Q341gm4,class-or-ceremony-page-mention,0.32,false,needs-rights-caption-transcript-review,https://clevelandinternationalhalloffame.com/2020-2022-induction-ceremony/
review-video-context-before-assignment,aklilu-demessie-2026,Aklilu Demessie,2026,MzvxeSsag0w,https://www.youtube.com/watch?v=MzvxeSsag0w,class-or-ceremony-page-mention,0.32,false,needs-rights-caption-transcript-review,https://clevelandinternationalhalloffame.com/2020-2022-induction-ceremony/
review-video-context-before-assignment,andy-chakalis-2026,Andy Chakalis,2026,Pyty_Fo8cFs,https://www.youtube.com/watch?v=Pyty_Fo8cFs,class-or-ceremony-page-mention,0.32,false,needs-rights-caption-transcript-review,https://clevelandinternationalhalloffame.com/2026-class-and-inductions/
review-video-context-before-assignment,andy-chakalis-2026,Andy Chakalis,2026,eWsy8Ctigm0,https://www.youtube.com/watch?v=eWsy8Ctigm0,class-or-ceremony-page-mention,0.32,false,needs-rights-caption-transcript-review,https://clevelandinternationalhalloffame.com/2026-class-and-inductions/
review-video-context-before-assignment,andy-chakalis-2026,Andy Chakalis,2026,e-wqDqAmYP8,https://www.youtube.com/watch?v=e-wqDqAmYP8,class-or-ceremony-page-mention,0.32,false,needs-rights-caption-transcript-review,https://clevelandinternationalhalloffame.com/2026-class-and-inductions/
review-video-context-before-assignment,andy-fedynsky-2026,Andy Fedynsky,2026,Pyty_Fo8cFs,https://www.youtube.com/watch?v=Pyty_Fo8cFs,class-or-ceremony-page-mention,0.32,false,needs-rights-caption-transcript-review,https://clevelandinternationalhalloffame.com/2026-class-and-inductions/
review-video-context-before-assignment,andy-fedynsky-2026,Andy Fedynsky,2026,eWsy8Ctigm0,https://www.youtube.com/watch?v=eWsy8Ctigm0,class-or-ceremony-page-mention,0.32,false,needs-rights-caption-transcript-review,https://clevelandinternationalhalloffame.com/2026-class-and-inductions/
review-video-context-before-assignment,andy-fedynsky-2026,Andy Fedynsky,2026,e-wqDqAmYP8,https://www.youtube.com/watch?v=e-wqDqAmYP8,class-or-ceremony-page-mention,0.32,false,needs-rights-caption-transcript-review,https://clevelandinternationalhalloffame.com/2026-class-and-inductions/
review-video-context-before-assignment,catherine-jorgensen-mccutcheon-2026,Catherine Jorgensen McCutcheon,2026,Pyty_Fo8cFs,https://www.youtube.com/watch?v=Pyty_Fo8cFs,class-or-ceremony-page-mention,0.32,false,needs-rights-caption-transcript-review,https://clevelandinternationalhalloffame.com/2026-class-and-inductions/
review-video-context-before-assignment,catherine-jorgensen-mccutcheon-2026,Catherine Jorgensen McCutcheon,2026,eWsy8Ctigm0,https://www.youtube.com/watch?v=eWsy8Ctigm0,class-or-ceremony-page-mention,0.32,false,needs-rights-caption-transcript-review,https://clevelandinternationalhalloffame.com/2026-class-and-inductions/
review-video-context-before-assignment,catherine-jorgensen-mccutcheon-2026,Catherine Jorgensen McCutcheon,2026,e-wqDqAmYP8,https://www.youtube.com/watch?v=e-wqDqAmYP8,class-or-ceremony-page-mention,0.32,false,needs-rights-caption-transcript-review,https://clevelandinternationalhalloffame.com/2026-class-and-inductions/
review-video-context-before-assignment,le-nguyen-2026,Le Nguyen,2026,Pyty_Fo8cFs,https://www.youtube.com/watch?v=Pyty_Fo8cFs,class-or-ceremony-page-mention,0.32,false,needs-rights-caption-transcript-review,https://clevelandinternationalhalloffame.com/2026-class-and-inductions/
review-video-context-before-assignment,le-nguyen-2026,Le Nguyen,2026,eWsy8Ctigm0,https://www.youtube.com/watch?v=eWsy8Ctigm0,class-or-ceremony-page-mention,0.32,false,needs-rights-caption-transcript-review,https://clevelandinternationalhalloffame.com/2026-class-and-inductions/
review-video-context-before-assignment,le-nguyen-2026,Le Nguyen,2026,e-wqDqAmYP8,https://www.youtube.com/watch?v=e-wqDqAmYP8,class-or-ceremony-page-mention,0.32,false,needs-rights-caption-transcript-review,https://clevelandinternationalhalloffame.com/2026-class-and-inductions/
review-video-context-before-assignment,lucy-torres-2026,Lucy Torres,2026,Pyty_Fo8cFs,https://www.youtube.com/watch?v=Pyty_Fo8cFs,class-or-ceremony-page-mention,0.32,false,needs-rights-caption-transcript-review,https://clevelandinternationalhalloffame.com/2026-class-and-inductions/
review-video-context-before-assignment,lucy-torres-2026,Lucy Torres,2026,eWsy8Ctigm0,https://www.youtube.com/watch?v=eWsy8Ctigm0,class-or-ceremony-page-mention,0.32,false,needs-rights-caption-transcript-review,https://clevelandinternationalhalloffame.com/2026-class-and-inductions/
review-video-context-before-assignment,lucy-torres-2026,Lucy Torres,2026,e-wqDqAmYP8,https://www.youtube.com/watch?v=e-wqDqAmYP8,class-or-ceremony-page-mention,0.32,false,needs-rights-caption-transcript-review,https://clevelandinternationalhalloffame.com/2026-class-and-inductions/
confirm-existing-video-source,basil-russo-2017,Basil Russo,2017,RzY-lrL0HWo,https://www.youtube.com/watch?v=RzY-lrL0HWo,profile-page-embed,0.88,true,existing-source-reference,https://clevelandinternationalhalloffame.com/inductees-europe/basil-russo/
confirm-existing-video-source,bill-miller-2017,Bill Miller,2017,7AjUc16ao90,https://www.youtube.com/watch?v=7AjUc16ao90,profile-page-embed,0.88,true,existing-source-reference,https://clevelandinternationalhalloffame.com/inductees-europe/bill-miller/
confirm-existing-video-source,jim-craciun-2017,Jim Craciun,2017,XZh7vcFsUns,https://www.youtube.com/watch?v=XZh7vcFsUns,profile-page-embed,0.88,true,existing-source-reference,https://clevelandinternationalhalloffame.com/inductees-europe/jim-craciun/
confirm-existing-video-source,mona-alag-2017,Mona Alag,2017,2mG5GMQXUZQ,https://www.youtube.com/watch?v=2mG5GMQXUZQ,profile-page-embed,0.88,true,existing-source-reference,https://clevelandinternationalhalloffame.com/inductees/mona-alag/
confirm-existing-video-source,sam-kim-2017,Sam Kim,2017,f78jlqAJnqM,https://www.youtube.com/watch?v=f78jlqAJnqM,profile-page-embed,0.88,true,existing-source-reference,https://clevelandinternationalhalloffame.com/inductees-asia/sam-kim/
confirm-existing-video-source,wael-khoury-2017,Wael Khoury,2017,OAZ7t2i1W10,https://www.youtube.com/watch?v=OAZ7t2i1W10,profile-page-embed,0.88,true,existing-source-reference,https://clevelandinternationalhalloffame.com/inductees-asia/wael-khoury/
confirm-existing-video-source,ray-pianka-2018,Ray Pianka,2018,D1Rgv29APUk,https://www.youtube.com/watch?v=D1Rgv29APUk,profile-page-embed,0.88,true,existing-source-reference,https://clevelandinternationalhalloffame.com/inductees-europe/ray-pianka/
confirm-existing-video-source,akram-boutros-2019,Akram Boutros,2019,C6EuNqGZH5E,https://www.youtube.com/watch?v=C6EuNqGZH5E,profile-page-embed,0.88,true,existing-source-reference,https://clevelandinternationalhalloffame.com/akram-boutros/
confirm-existing-video-source,ingrida-bublys-2019,Ingrida Bublys,2019,ObIi5VXcP7Q,https://www.youtube.com/watch?v=ObIi5VXcP7Q,profile-page-embed,0.88,true,existing-source-reference,https://clevelandinternationalhalloffame.com/ingrida-bublys/
confirm-existing-video-source,marilyn-madigan-2019,Marilyn Madigan,2019,PgUsrTbLHJ4,https://www.youtube.com/watch?v=PgUsrTbLHJ4,profile-page-embed,0.88,true,existing-source-reference,https://clevelandinternationalhalloffame.com/marilyn-madigan/
confirm-existing-video-source,paul-burik-2019,Paul Burik,2019,b_zP9VqXJbY,https://www.youtube.com/watch?v=b_zP9VqXJbY,profile-page-embed,0.88,true,existing-source-reference,https://clevelandinternationalhalloffame.com/paul-burik/
confirm-existing-video-source,richard-fleischman-2019,Richard Fleischman,2019,5BYSPErYD3o,https://www.youtube.com/watch?v=5BYSPErYD3o,profile-page-embed,0.88,true,existing-source-reference,https://clevelandinternationalhalloffame.com/richard-fleischman/
confirm-existing-video-source,sree-sreenath-2019,Sree Sreenath,2019,IXo79dbDE_M,https://www.youtube.com/watch?v=IXo79dbDE_M,profile-page-embed,0.88,true,existing-source-reference,https://clevelandinternationalhalloffame.com/sree-sreenath/
confirm-existing-video-source,joe-valencic-2020,Joe Valencic,2020,k8t6kOylcgE,https://www.youtube.com/watch?v=k8t6kOylcgE,profile-page-embed,0.88,true,existing-source-reference,https://clevelandinternationalhalloffame.com/joe-valencic/
confirm-existing-video-source,margaret-lynch-2020,Margaret Lynch,2020,mTJMMiUk5nI,https://www.youtube.com/watch?v=mTJMMiUk5nI,profile-page-embed,0.88,true,existing-source-reference,https://clevelandinternationalhalloffame.com/margaret-lynch/
confirm-existing-video-source,valarie-mccall-2020,Valarie McCall,2020,tB2FCpsakkA,https://www.youtube.com/watch?v=tB2FCpsakkA,profile-page-embed,0.88,true,existing-source-reference,https://clevelandinternationalhalloffame.com/valarie-mccall/
confirm-existing-video-source,anda-cook-2022,Anda Cook,2022,-jbd_GOy7hk,https://www.youtube.com/watch?v=-jbd_GOy7hk,profile-page-embed,0.88,true,existing-source-reference,https://clevelandinternationalhalloffame.com/anda-cook/
confirm-existing-video-source,carl-robson-2022,Carl Robson,2022,3Zl6-HYV89Q,https://www.youtube.com/watch?v=3Zl6-HYV89Q,profile-page-embed,0.88,true,existing-source-reference,https://clevelandinternationalhalloffame.com/carl-robson/
confirm-existing-video-source,taras-szmagala-2022,Taras Szmagala,2022,YPC3hutSgL8,https://www.youtube.com/watch?v=YPC3hutSgL8,profile-page-embed,0.88,true,existing-source-reference,https://clevelandinternationalhalloffame.com/taras-szmagala/
confirm-existing-video-source,victor-ruiz-2022,Victor Ruiz,2022,b9-AD6gYt14,https://www.youtube.com/watch?v=b9-AD6gYt14,profile-page-embed,0.88,true,existing-source-reference,https://clevelandinternationalhalloffame.com/victor-ruiz/
confirm-existing-video-source,georgine-welo-2023,Georgine Welo,2023,JAWjKTg5nRg,https://www.youtube.com/watch?v=JAWjKTg5nRg,profile-page-embed,0.88,true,existing-source-reference,https://clevelandinternationalhalloffame.com/georgine-welo/
confirm-existing-video-source,joyce-mariani-2023,Joyce Mariani,2023,khFzLbaSw0o,https://www.youtube.com/watch?v=khFzLbaSw0o,profile-page-embed,0.88,true,existing-source-reference,https://clevelandinternationalhalloffame.com/joyce-mariani/
confirm-existing-video-source,michael-d-polensek-2023,Michael D. Polensek,2023,IYv4tYCJ3m8,https://www.youtube.com/watch?v=IYv4tYCJ3m8,profile-page-embed,0.88,true,existing-source-reference,https://clevelandinternationalhalloffame.com/michael-d-polensek/
confirm-existing-video-source,pierre-bejjani-2023,Pierre Bejjani,2023,11fqd7MQ8Fs,https://www.youtube.com/watch?v=11fqd7MQ8Fs,profile-page-embed,0.88,true,existing-source-reference,https://clevelandinternationalhalloffame.com/pierre-bejjani/
confirm-existing-video-source,sudarshan-sathe-2023,Sudarshan Sathe,2023,q4nkyvZtzRU,https://www.youtube.com/watch?v=q4nkyvZtzRU,profile-page-embed,0.88,true,existing-source-reference,https://clevelandinternationalhalloffame.com/sudarshan-sathe/
confirm-existing-video-source,ambassador-edward-f-crawford-2024,Ambassador Edward F. Crawford,2024,P34omi5XUiY,https://www.youtube.com/watch?v=P34omi5XUiY,profile-page-embed,0.88,true,existing-source-reference,https://clevelandinternationalhalloffame.com/inductees/ambassador-edward-f-crawford/
confirm-existing-video-source,dona-brady-2024,Dona Brady,2024,P34omi5XUiY,https://www.youtube.com/watch?v=P34omi5XUiY,profile-page-embed,0.88,true,existing-source-reference,https://clevelandinternationalhalloffame.com/inductees/dona-brady/
confirm-existing-video-source,dr-eugene-jordan-2024,Dr. Eugene Jordan,2024,P34omi5XUiY,https://www.youtube.com/watch?v=P34omi5XUiY,profile-page-embed,0.88,true,existing-source-reference,https://clevelandinternationalhalloffame.com/inductees/dr-eugene-jordan/
confirm-existing-video-source,erika-puussaar-2024,Erika Puussaar,2024,P34omi5XUiY,https://www.youtube.com/watch?v=P34omi5XUiY,profile-page-embed,0.88,true,existing-source-reference,https://clevelandinternationalhalloffame.com/inductees/erika-puussaar/
confirm-existing-video-source,johnny-k-wu-2024,Johnny K. Wu,2024,P34omi5XUiY,https://www.youtube.com/watch?v=P34omi5XUiY,profile-page-embed,0.88,true,existing-source-reference,https://clevelandinternationalhalloffame.com/inductees/johnny-k-wu/
confirm-existing-video-source,veronica-dahlberg-2024,Veronica Dahlberg,2024,P34omi5XUiY,https://www.youtube.com/watch?v=P34omi5XUiY,profile-page-embed,0.88,true,existing-source-reference,https://clevelandinternationalhalloffame.com/inductees/veronica-dahlberg/
confirm-existing-video-source,beverly-kerecman-2025,Beverly Kerecman,2025,4jjbyRcwk3Y,https://www.youtube.com/watch?v=4jjbyRcwk3Y,profile-page-embed,0.88,true,existing-source-reference,https://clevelandinternationalhalloffame.com/beverly-kerecman/
confirm-existing-video-source,branka-malinar-2025,Branka Malinar,2025,BKuCcyGsdek,https://www.youtube.com/watch?v=BKuCcyGsdek,profile-page-embed,0.88,true,existing-source-reference,https://clevelandinternationalhalloffame.com/branka-malinar/
confirm-existing-video-source,david-gilbert-2025,David Gilbert,2025,XeheG0iGICs,https://www.youtube.com/watch?v=XeheG0iGICs,profile-page-embed,0.88,true,existing-source-reference,https://clevelandinternationalhalloffame.com/david-gilbert/
confirm-existing-video-source,mayor-frank-jackson-2025,Mayor Frank Jackson,2025,diVkkJkn0sY,https://www.youtube.com/watch?v=diVkkJkn0sY,profile-page-embed,0.88,true,existing-source-reference,https://clevelandinternationalhalloffame.com/mayor-frank-jackson/
confirm-existing-video-source,raj-aggarwal-2025,Raj Aggarwal,2025,DoZUzteeFMU,https://www.youtube.com/watch?v=DoZUzteeFMU,profile-page-embed,0.88,true,existing-source-reference,https://clevelandinternationalhalloffame.com/raj-aggarwal/
confirm-existing-video-source,svetlana-stolyarova-2025,Svetlana Stolyarova,2025,ZT80-BrCIyk,https://www.youtube.com/watch?v=ZT80-BrCIyk,profile-page-embed,0.88,true,existing-source-reference,https://clevelandinternationalhalloffame.com/svetlana-stolyarova/
confirm-existing-video-source,aklilu-demessie-2026,Aklilu Demessie,2026,Nlcx5vaC37I,https://www.youtube.com/watch?v=Nlcx5vaC37I,profile-page-embed,0.88,true,existing-source-reference,https://clevelandinternationalhalloffame.com/aklilu-demessie/
confirm-existing-video-source,andy-chakalis-2026,Andy Chakalis,2026,bS3656smMfM,https://www.youtube.com/watch?v=bS3656smMfM,profile-page-embed,0.88,true,existing-source-reference,https://clevelandinternationalhalloffame.com/andy-chakalis/
confirm-existing-video-source,andy-fedynsky-2026,Andy Fedynsky,2026,Kp2oRe3w1EM,https://www.youtube.com/watch?v=Kp2oRe3w1EM,profile-page-embed,0.88,true,existing-source-reference,https://clevelandinternationalhalloffame.com/andy-fedynsky/
confirm-existing-video-source,catherine-jorgensen-mccutcheon-2026,Catherine Jorgensen McCutcheon,2026,e3gWQ-kdEF4,https://www.youtube.com/watch?v=e3gWQ-kdEF4,profile-page-embed,0.88,true,existing-source-reference,https://clevelandinternationalhalloffame.com/catherine-jorgensen-mccutcheon/
confirm-existing-video-source,le-nguyen-2026,Le Nguyen,2026,T5peEDc8mE8,https://www.youtube.com/watch?v=T5peEDc8mE8,profile-page-embed,0.88,true,existing-source-reference,https://clevelandinternationalhalloffame.com/le-nguyen-class-of-2026-vietnames-heritage-cleveland-international-hall-of-fame/
confirm-existing-video-source,lucy-torres-2026,Lucy Torres,2026,TU54lNScxz4,https://www.youtube.com/watch?v=TU54lNScxz4,profile-page-embed,0.88,true,existing-source-reference,https://clevelandinternationalhalloffame.com/lucy-torres/
confirm-existing-video-source,bishop-anthony-pilla-2015,Bishop Anthony Pilla,2015,PpXIVZKq49U,https://www.youtube.com/watch?v=PpXIVZKq49U,profile-page-embed,0.72,true,existing-source-reference,https://clevelandinternationalhalloffame.com/bishop-anthony-pilla-2015/
confirm-existing-video-source,bishop-anthony-pilla-2015,Bishop Anthony Pilla,2015,KMVo49Zi-94,https://www.youtube.com/watch?v=KMVo49Zi-94,profile-page-embed,0.72,true,existing-source-reference,https://clevelandinternationalhalloffame.com/bishop-anthony-pilla-2015/
confirm-existing-video-source,dick-pogue-2015,Dick Pogue,2015,7MkiB5FNQ_g,https://www.youtube.com/watch?v=7MkiB5FNQ_g,profile-page-embed,0.72,true,existing-source-reference,https://clevelandinternationalhalloffame.com/richard-pogue-2015/
confirm-existing-video-source,dick-pogue-2015,Dick Pogue,2015,qtbU6qlpxRE,https://www.youtube.com/watch?v=qtbU6qlpxRE,profile-page-embed,0.72,true,existing-source-reference,https://clevelandinternationalhalloffame.com/richard-pogue-2015/
confirm-existing-video-source,dick-russ-2015,Dick Russ,2015,ivlrvgM81r8,https://www.youtube.com/watch?v=ivlrvgM81r8,profile-page-embed,0.72,true,existing-source-reference,https://clevelandinternationalhalloffame.com/dick-russ-2015/
confirm-existing-video-source,dick-russ-2015,Dick Russ,2015,xJ9n1QOUafg,https://www.youtube.com/watch?v=xJ9n1QOUafg,profile-page-embed,0.72,true,existing-source-reference,https://clevelandinternationalhalloffame.com/dick-russ-2015/
confirm-existing-video-source,honorable-jose-a-villanueva-2015,Honorable José A. Villanueva,2015,7Jj4sizisoM,https://www.youtube.com/watch?v=7Jj4sizisoM,profile-page-embed,0.72,true,existing-source-reference,https://clevelandinternationalhalloffame.com/honorable-jose-a-villanueva-2015/
confirm-existing-video-source,honorable-jose-a-villanueva-2015,Honorable José A. Villanueva,2015,i5FJexABnHI,https://www.youtube.com/watch?v=i5FJexABnHI,profile-page-embed,0.72,true,existing-source-reference,https://clevelandinternationalhalloffame.com/honorable-jose-a-villanueva-2015/
confirm-existing-video-source,richard-a-ganim-2015,Richard A. Ganim,2015,M384Uvg0bh8,https://www.youtube.com/watch?v=M384Uvg0bh8,profile-page-embed,0.72,true,existing-source-reference,https://clevelandinternationalhalloffame.com/richard-ganim-2015/
confirm-existing-video-source,richard-a-ganim-2015,Richard A. Ganim,2015,kofOH1CYKBQ,https://www.youtube.com/watch?v=kofOH1CYKBQ,profile-page-embed,0.72,true,existing-source-reference,https://clevelandinternationalhalloffame.com/richard-ganim-2015/
confirm-existing-video-source,shiv-k-aggarwal-2015,Shiv K. Aggarwal,2015,tX9BPpgJ_3w,https://www.youtube.com/watch?v=tX9BPpgJ_3w,profile-page-embed,0.72,true,existing-source-reference,https://clevelandinternationalhalloffame.com/shiv-k-aggarwal-2015/
confirm-existing-video-source,shiv-k-aggarwal-2015,Shiv K. Aggarwal,2015,-2OMPdY2pfw,https://www.youtube.com/watch?v=-2OMPdY2pfw,profile-page-embed,0.72,true,existing-source-reference,https://clevelandinternationalhalloffame.com/shiv-k-aggarwal-2015/
confirm-existing-video-source,steve-mulloy-2015,Steve Mulloy,2015,nINk_D8bi54,https://www.youtube.com/watch?v=nINk_D8bi54,profile-page-embed,0.72,true,existing-source-reference,https://clevelandinternationalhalloffame.com/steve-mulloy-2015/
confirm-existing-video-source,steve-mulloy-2015,Steve Mulloy,2015,GDfhVKV-PfY,https://www.youtube.com/watch?v=GDfhVKV-PfY,profile-page-embed,0.72,true,existing-source-reference,https://clevelandinternationalhalloffame.com/steve-mulloy-2015/
confirm-existing-video-source,arnie-de-la-porte-2016-2016,Arnie de la Porte – 2016,2016,jXo9xEwZ4JQ,https://www.youtube.com/watch?v=jXo9xEwZ4JQ,profile-page-embed,0.72,true,existing-source-reference,https://clevelandinternationalhalloffame.com/arnie-de-la-porte-2016/
confirm-existing-video-source,arnie-de-la-porte-2016-2016,Arnie de la Porte – 2016,2016,QEdXti9t8jE,https://www.youtube.com/watch?v=QEdXti9t8jE,profile-page-embed,0.72,true,existing-source-reference,https://clevelandinternationalhalloffame.com/arnie-de-la-porte-2016/
confirm-existing-video-source,arnie-de-la-porte-2016-2016,Arnie de la Porte – 2016,2016,hmsfn1_1Kpg,https://www.youtube.com/watch?v=hmsfn1_1Kpg,profile-page-embed,0.72,true,existing-source-reference,https://clevelandinternationalhalloffame.com/arnie-de-la-porte-2016/
confirm-existing-video-source,carolyn-balogh-2016-2016,Carolyn Balogh – 2016,2016,O-r4oYPcUYc,https://www.youtube.com/watch?v=O-r4oYPcUYc,profile-page-embed,0.72,true,existing-source-reference,https://clevelandinternationalhalloffame.com/carolyn-balogh-2016/
confirm-existing-video-source,carolyn-balogh-2016-2016,Carolyn Balogh – 2016,2016,qzHokEDkXQc,https://www.youtube.com/watch?v=qzHokEDkXQc,profile-page-embed,0.72,true,existing-source-reference,https://clevelandinternationalhalloffame.com/carolyn-balogh-2016/
confirm-existing-video-source,carolyn-balogh-2016-2016,Carolyn Balogh – 2016,2016,e_C-YpIWjt8,https://www.youtube.com/watch?v=e_C-YpIWjt8,profile-page-embed,0.72,true,existing-source-reference,https://clevelandinternationalhalloffame.com/carolyn-balogh-2016/
confirm-existing-video-source,eugenia-stolarczyk-2016-2016,Eugenia Stolarczyk – 2016,2016,7LmK-_kcUJs,https://www.youtube.com/watch?v=7LmK-_kcUJs,profile-page-embed,0.72,true,existing-source-reference,https://clevelandinternationalhalloffame.com/eugenia-stolarczyk-2016/
confirm-existing-video-source,eugenia-stolarczyk-2016-2016,Eugenia Stolarczyk – 2016,2016,IbJbwBpHWgs,https://www.youtube.com/watch?v=IbJbwBpHWgs,profile-page-embed,0.72,true,existing-source-reference,https://clevelandinternationalhalloffame.com/eugenia-stolarczyk-2016/
confirm-existing-video-source,eugenia-stolarczyk-2016-2016,Eugenia Stolarczyk – 2016,2016,Tsl-t9x0Ub0,https://www.youtube.com/watch?v=Tsl-t9x0Ub0,profile-page-embed,0.72,true,existing-source-reference,https://clevelandinternationalhalloffame.com/eugenia-stolarczyk-2016/
confirm-existing-video-source,eugenia-stolarczyk-2016-2016,Eugenia Stolarczyk – 2016,2016,uw_NYpsccxM,https://www.youtube.com/watch?v=uw_NYpsccxM,profile-page-embed,0.72,true,existing-source-reference,https://clevelandinternationalhalloffame.com/eugenia-stolarczyk-2016/
confirm-existing-video-source,jack-kahl-2016,Jack Kahl,2016,L0fLgzezWTw,https://www.youtube.com/watch?v=L0fLgzezWTw,profile-page-embed,0.72,true,existing-source-reference,https://clevelandinternationalhalloffame.com/jack-kahl-2016/
confirm-existing-video-source,jack-kahl-2016,Jack Kahl,2016,dW7qMIULLko,https://www.youtube.com/watch?v=dW7qMIULLko,profile-page-embed,0.72,true,existing-source-reference,https://clevelandinternationalhalloffame.com/jack-kahl-2016/
confirm-existing-video-source,jack-kahl-2016,Jack Kahl,2016,eKdfG3zz9Os,https://www.youtube.com/watch?v=eKdfG3zz9Os,profile-page-embed,0.72,true,existing-source-reference,https://clevelandinternationalhalloffame.com/jack-kahl-2016/
confirm-existing-video-source,khalid-samad-2016-2016,Khalid Samad – 2016,2016,YT9DTiZdJpQ,https://www.youtube.com/watch?v=YT9DTiZdJpQ,profile-page-embed,0.72,true,existing-source-reference,https://clevelandinternationalhalloffame.com/khalid-samad-2016/
confirm-existing-video-source,khalid-samad-2016-2016,Khalid Samad – 2016,2016,kkjaaUZr2ps,https://www.youtube.com/watch?v=kkjaaUZr2ps,profile-page-embed,0.72,true,existing-source-reference,https://clevelandinternationalhalloffame.com/khalid-samad-2016/
confirm-existing-video-source,khalid-samad-2016-2016,Khalid Samad – 2016,2016,mqCQvmZsu88,https://www.youtube.com/watch?v=mqCQvmZsu88,profile-page-embed,0.72,true,existing-source-reference,https://clevelandinternationalhalloffame.com/khalid-samad-2016/
confirm-existing-video-source,mohan-bafna-2016,Mohan Bafna,2016,KuSMhQ_yG_k,https://www.youtube.com/watch?v=KuSMhQ_yG_k,profile-page-embed,0.72,true,existing-source-reference,https://clevelandinternationalhalloffame.com/mohan-bafna-2016/
confirm-existing-video-source,mohan-bafna-2016,Mohan Bafna,2016,KAhoZMRbZnA,https://www.youtube.com/watch?v=KAhoZMRbZnA,profile-page-embed,0.72,true,existing-source-reference,https://clevelandinternationalhalloffame.com/mohan-bafna-2016/
confirm-existing-video-source,mohan-bafna-2016,Mohan Bafna,2016,iX7-ecPZvy4,https://www.youtube.com/watch?v=iX7-ecPZvy4,profile-page-embed,0.72,true,existing-source-reference,https://clevelandinternationalhalloffame.com/mohan-bafna-2016/
confirm-existing-video-source,abby-mina-2018,Abby Mina,2018,1KFtDD1w3lg,https://www.youtube.com/watch?v=1KFtDD1w3lg,profile-page-embed,0.72,true,existing-source-reference,https://clevelandinternationalhalloffame.com/inductees-asia/abby-mina/
confirm-existing-video-source,abby-mina-2018,Abby Mina,2018,0KJhQyWFjDI,https://www.youtube.com/watch?v=0KJhQyWFjDI,profile-page-embed,0.72,true,existing-source-reference,https://clevelandinternationalhalloffame.com/inductees-asia/abby-mina/
confirm-existing-video-source,abby-mina-2018,Abby Mina,2018,FwV6dXkUhnc,https://www.youtube.com/watch?v=FwV6dXkUhnc,profile-page-embed,0.72,true,existing-source-reference,https://clevelandinternationalhalloffame.com/inductees-asia/abby-mina/
confirm-existing-video-source,atul-mehta-2018,Atul Mehta,2018,4pafixyd1zU,https://www.youtube.com/watch?v=4pafixyd1zU,profile-page-embed,0.72,true,existing-source-reference,https://clevelandinternationalhalloffame.com/inductees-asia/atul-mehta/
confirm-existing-video-source,atul-mehta-2018,Atul Mehta,2018,EATzGX8chuI,https://www.youtube.com/watch?v=EATzGX8chuI,profile-page-embed,0.72,true,existing-source-reference,https://clevelandinternationalhalloffame.com/inductees-asia/atul-mehta/
confirm-existing-video-source,ralph-perk-jr-2018,Ralph Perk Jr.,2018,QxG7VrfKyXo,https://www.youtube.com/watch?v=QxG7VrfKyXo,profile-page-embed,0.72,true,existing-source-reference,https://clevelandinternationalhalloffame.com/inductees-europe/ralph-perk-jr/
confirm-existing-video-source,ralph-perk-jr-2018,Ralph Perk Jr.,2018,8CPuLovefwA,https://www.youtube.com/watch?v=8CPuLovefwA,profile-page-embed,0.72,true,existing-source-reference,https://clevelandinternationalhalloffame.com/inductees-europe/ralph-perk-jr/
confirm-existing-video-source,sheila-murphy-crawford-2018,Sheila Murphy Crawford,2018,nC0wST9j-J0,https://www.youtube.com/watch?v=nC0wST9j-J0,profile-page-embed,0.72,true,existing-source-reference,https://clevelandinternationalhalloffame.com/inductees-europe/sheila-murphy-crawford/
confirm-existing-video-source,sheila-murphy-crawford-2018,Sheila Murphy Crawford,2018,i-iB8SADV8Q,https://www.youtube.com/watch?v=i-iB8SADV8Q,profile-page-embed,0.72,true,existing-source-reference,https://clevelandinternationalhalloffame.com/inductees-europe/sheila-murphy-crawford/
confirm-existing-video-source,sister-alicia-alvarado-2018,Sister Alicia Alvarado,2018,9e7DWWD6_l0,https://www.youtube.com/watch?v=9e7DWWD6_l0,profile-page-embed,0.72,true,existing-source-reference,https://clevelandinternationalhalloffame.com/inductees-south-america/sister-alicia-alvarado/
confirm-existing-video-source,sister-alicia-alvarado-2018,Sister Alicia Alvarado,2018,soPrjwdQWfw,https://www.youtube.com/watch?v=soPrjwdQWfw,profile-page-embed,0.72,true,existing-source-reference,https://clevelandinternationalhalloffame.com/inductees-south-america/sister-alicia-alvarado/
confirm-existing-video-source,berj-shakarian-2020,Berj Shakarian,2020,Engy3m5Efcc,https://www.youtube.com/watch?v=Engy3m5Efcc,profile-page-embed,0.72,true,existing-source-reference,https://clevelandinternationalhalloffame.com/berj-shakarian/
confirm-existing-video-source,berj-shakarian-2020,Berj Shakarian,2020,2KBxzdgiqJM,https://www.youtube.com/watch?v=2KBxzdgiqJM,profile-page-embed,0.72,true,existing-source-reference,https://clevelandinternationalhalloffame.com/berj-shakarian/
confirm-existing-video-source,may-chen-2020,May Chen,2020,yxyHzJyqYt0,https://www.youtube.com/watch?v=yxyHzJyqYt0,profile-page-embed,0.72,true,existing-source-reference,https://clevelandinternationalhalloffame.com/may-chen/
confirm-existing-video-source,may-chen-2020,May Chen,2020,QDE5BVEyNKg,https://www.youtube.com/watch?v=QDE5BVEyNKg,profile-page-embed,0.72,true,existing-source-reference,https://clevelandinternationalhalloffame.com/may-chen/
confirm-existing-video-source,ramesh-shah-2020,Ramesh Shah,2020,fEHO9Uwgb9g,https://www.youtube.com/watch?v=fEHO9Uwgb9g,profile-page-embed,0.72,true,existing-source-reference,https://clevelandinternationalhalloffame.com/ramesh-shah/
confirm-existing-video-source,ramesh-shah-2020,Ramesh Shah,2020,-5gDFAKdaXM,https://www.youtube.com/watch?v=-5gDFAKdaXM,profile-page-embed,0.72,true,existing-source-reference,https://clevelandinternationalhalloffame.com/ramesh-shah/
confirm-existing-video-source,dona-brady-2024,Dona Brady,2024,P34omi5XUiY,https://www.youtube.com/watch?v=P34omi5XUiY,class-or-ceremony-page-mention,0.48,true,existing-source-reference,https://clevelandinternationalhalloffame.com/2024-inductions/
confirm-existing-video-source,dr-eugene-jordan-2024,Dr. Eugene Jordan,2024,P34omi5XUiY,https://www.youtube.com/watch?v=P34omi5XUiY,class-or-ceremony-page-mention,0.48,true,existing-source-reference,https://clevelandinternationalhalloffame.com/2024-inductions/
confirm-existing-video-source,erika-puussaar-2024,Erika Puussaar,2024,P34omi5XUiY,https://www.youtube.com/watch?v=P34omi5XUiY,class-or-ceremony-page-mention,0.48,true,existing-source-reference,https://clevelandinternationalhalloffame.com/2024-inductions/
confirm-existing-video-source,johnny-k-wu-2024,Johnny K. Wu,2024,P34omi5XUiY,https://www.youtube.com/watch?v=P34omi5XUiY,class-or-ceremony-page-mention,0.48,true,existing-source-reference,https://clevelandinternationalhalloffame.com/2024-inductions/
confirm-existing-video-source,veronica-dahlberg-2024,Veronica Dahlberg,2024,P34omi5XUiY,https://www.youtube.com/watch?v=P34omi5XUiY,class-or-ceremony-page-mention,0.48,true,existing-source-reference,https://clevelandinternationalhalloffame.com/2024-inductions/
