id,name,class_year,source_profile_url,approve_summary,approved_summary,documented_context_line,honored_for_summary,life_work_summary,approve_country_tags,approved_country_tags,country_note,curator_notes
alex-machaskee-2010,Alex Machaskee,2010,https://clevelandinternationalhalloffame.com/alex-machaskee-2010/,yes,"Alex Machaskee is the retired Publisher, President and Chief Executive Officer of The Plain Dealer, Ohio’s largest newspaper. In that capacity, he was responsible for the overall policy, operation and direction of the newspaper.",Class of 2010 honoree connected to Serbian. Inducted by Dick Russ.,"Contributions to arts and culture, diplomacy and global affairs, and media and storytelling within Serbian heritage communities and to Greater Cleveland's multicultural civic life.","Alex Machaskee is the retired Publisher, President and Chief Executive Officer of The Plain Dealer, Ohio’s largest newspaper. In that capacity, he was responsible for the overall policy, operation and direction of the newspaper. Mr. Machaskee joined The Plain Dealer in 1960. Before being named Publisher in 1990, he had served five years as Vice President and General Manager. Previously, he served as Director of Labor Relations and Personnel, Assistant to the Publisher and Promotion Director.",yes,Serbian,First-pass nationality/heritage tags promoted from CIHOF profile text and class/source-page context. Source: https://clevelandinternationalhalloffame.com/alex-machaskee-2010/,"First-pass visitor copy generated from CIHOF official profile text on 2026-09-12.|Treat CIHOF profile text as the baseline source of truth for this pass.|Media rights, video captions/transcripts, and WRHS archival permissions remain separate review tracks."
august-pust-2010,August Pust,2010,https://clevelandinternationalhalloffame.com/august-pust-2010/,yes,"August B. Pust, during his more than thirty-year career in U.S. public service, not only coordinated multicultural relations, but also participated, organized, and led various trade, humanitarian, educational, cultural, and goodwill missions abroad. His specialty was focused on the development of programs and initiatives in the non-governmental sector...",Class of 2010 honoree connected to Slovenian. Inducted by Jure Žmauc Consul General of Slovenia.,"Contributions to arts and culture, civic leadership, and diplomacy and global affairs within Slovenian heritage communities and to Greater Cleveland's multicultural civic life.","August B. Pust, during his more than thirty-year career in U.S. public service, not only coordinated multicultural relations, but also participated, organized, and led various trade, humanitarian, educational, cultural, and goodwill missions abroad. His specialty was focused on the development of programs and initiatives in the non-governmental sector to foster civil societies, democratic systems, especially on training and exchange programs for young professionals. His efforts led to better global understanding and development of friendly people-to-people relationships, especially among international universities. As a governmental employee he coordinated global partnerships among municipal, regional, and state officials. He was a major part in the development of a new concept of American Citizens Diplomacy to the highest level, which became an example...",yes,Slovenian,First-pass nationality/heritage tags promoted from CIHOF profile text and class/source-page context. Source: https://clevelandinternationalhalloffame.com/august-pust-2010/,"First-pass visitor copy generated from CIHOF official profile text on 2026-09-12.|Treat CIHOF profile text as the baseline source of truth for this pass.|Media rights, video captions/transcripts, and WRHS archival permissions remain separate review tracks."
dr-dieu-thuc-do-2010,Dr. Dieu Thuc Do,2010,https://clevelandinternationalhalloffame.com/dr-dieu-thuc-do-2010/,yes,"Dr. Dieu Thuc Do was born in Rach Gia, Viet Nam. He is the oldest of 5 children.",Class of 2010 honoree connected to Vietnamese. Inducted by Lt. Colonel Joe Meisner.,"Contributions to medicine and health, civic leadership, and public safety and military within Vietnamese heritage communities and to Greater Cleveland's multicultural civic life.","Dr. Dieu Thuc Do was born in Rach Gia, Viet Nam. He is the oldest of 5 children. His father was the Deputy Chief of Rach Gia and his mother was a homemaker. He graduated from Sai Gon Medical school in 1965 and served in the army (ARVN) as a major and physician. From 1973 to 1975, Dr. Do was elected as the chairman of Rach Gia City Council.",yes,Vietnamese,First-pass nationality/heritage tags promoted from CIHOF profile text and class/source-page context. Source: https://clevelandinternationalhalloffame.com/dr-dieu-thuc-do-2010/,"First-pass visitor copy generated from CIHOF official profile text on 2026-09-12.|Treat CIHOF profile text as the baseline source of truth for this pass.|Media rights, video captions/transcripts, and WRHS archival permissions remain separate review tracks."
helen-karpinski-1899-2002-2010,Helen Karpinski (1899 – 2002),2010,https://clevelandinternationalhalloffame.com/helen-karpinski-2010/,yes,"Helen Karpinski (1899 – 2002) Born in Cleveland in 1899, Helen Karpinski was raised in Reynoldsville, Pa. in a family of originally 13 children. Her father was a coal miner; her mother, Anna Olszewski, was the daughter of an inn keeper.",Class of 2010 honoree connected to Polish. Inducted by John Borkowski.,"Contributions to business and entrepreneurship, arts and culture, and civic leadership within Polish heritage communities and to Greater Cleveland's multicultural civic life.","Helen Karpinski (1899 – 2002) Born in Cleveland in 1899, Helen Karpinski was raised in Reynoldsville, Pa. in a family of originally 13 children. Her father was a coal miner; her mother, Anna Olszewski, was the daughter of an inn keeper. After the eighth grade, Helen had to leave school to work in the silk mills. When the mills closed, she and her sister, both in their early teens, returned to Cleveland for work. She married Johnny Karpinski, who was the first Ohioan to win an international boxing match: he was the amateur welter-weight champion of the world–a title he won in Denmark in 1916.",yes,Polish,First-pass nationality/heritage tags promoted from CIHOF profile text and class/source-page context. Source: https://clevelandinternationalhalloffame.com/helen-karpinski-2010/,"First-pass visitor copy generated from CIHOF official profile text on 2026-09-12.|Treat CIHOF profile text as the baseline source of truth for this pass.|Media rights, video captions/transcripts, and WRHS archival permissions remain separate review tracks."
irene-morrow-2010,Irene Morrow,2010,https://clevelandinternationalhalloffame.com/irene-morrow-2010/,yes,"Irene Morrow is married to Edward and has six children (Jeffrey, Patrick (deceased), Martin, Roberta, Lorraine and Christine) and six grandchildren (Matthew, Ryan, Nathan, Michaela, Aaron and Justin) Irene has an impressive resume of twenty-five years of public service. She served as Deputy Auditor in charge of Cuyahoga...",Class of 2010 honoree connected to Polish. Inducted by Valerie Schwonek.,Contributions to civic leadership and community organizing within Polish heritage communities and to Greater Cleveland's multicultural civic life.,"Irene Morrow is married to Edward and has six children (Jeffrey, Patrick (deceased), Martin, Roberta, Lorraine and Christine) and six grandchildren (Matthew, Ryan, Nathan, Michaela, Aaron and Justin) Irene has an impressive resume of twenty-five years of public service. She served as Deputy Auditor in charge of Cuyahoga County payrolls for 8 years and was instrumental in computerizing the entire record keeping system. For seventeen years she served as the Personnel Administrator and Secretary of the Civil Service Commission for the City of Cleveland. As Secretary of the Civil Service Commission, her duties included testing a job force of some 10,000 individuals with over 800 separate job classifications. Once again, she helped in the computerization of systems to...",yes,Polish,First-pass nationality/heritage tags promoted from CIHOF profile text and class/source-page context. Source: https://clevelandinternationalhalloffame.com/irene-morrow-2010/,"First-pass visitor copy generated from CIHOF official profile text on 2026-09-12.|Treat CIHOF profile text as the baseline source of truth for this pass.|Media rights, video captions/transcripts, and WRHS archival permissions remain separate review tracks."
jeanette-grasselli-brown-2010,Jeanette Grasselli Brown,2010,https://clevelandinternationalhalloffame.com/jeanette-grasselli-brown-2010/,yes,"Jeanette Grasselli Brown spent 38 years in industrial research, retiring in 1989 as Director of Corporate Research for BP America (formerly The Standard Oil Co.), From 1989 to 1995 she served as Distinguished Visiting Professor and Director, Research Enhancement at Ohio University, Athens, Ohio. In 1995 she was...",Class of 2010 honoree connected to Hungarian. Inducted by Edith Lauer.,"Contributions to education, science and technology, and civic leadership within Hungarian heritage communities and to Greater Cleveland's multicultural civic life.","Jeanette Grasselli Brown spent 38 years in industrial research, retiring in 1989 as Director of Corporate Research for BP America (formerly The Standard Oil Co.), From 1989 to 1995 she served as Distinguished Visiting Professor and Director, Research Enhancement at Ohio University, Athens, Ohio. In 1995 she was appointed by Governor Voinovich to the Ohio Board of Regents, the coordinating body for all higher education in the State of Ohio. She was reappointed by Governor Taft in 1999 and she is a past Chair of the Board. She was Vice Chair of the Governor’s Commission on Teacher Success in 2002. Jeanette Grasselli Brown received her B.S. degree from Ohio University and her M.S. in Chemistry from Case Western...",yes,Hungarian,First-pass nationality/heritage tags promoted from CIHOF profile text and class/source-page context. Source: https://clevelandinternationalhalloffame.com/jeanette-grasselli-brown-2010/,"First-pass visitor copy generated from CIHOF official profile text on 2026-09-12.|Treat CIHOF profile text as the baseline source of truth for this pass.|Media rights, video captions/transcripts, and WRHS archival permissions remain separate review tracks."
leo-weidenthal-2010,Leo Weidenthal,2010,https://clevelandinternationalhalloffame.com/leo-weidenthal-2010/,yes,"Leo Weidenthal (1878-1967) was editor of the Jewish Independent and founder of the Cleveland Cultural Garden Federation. Born in Cleveland to Emanuel and Julia (Kretch) Weidenthal, he began his newspaper career as a reporter for the Cleveland World; then for the Cleveland Leader and in 1906, for the...",Class of 2010 honoree connected to Jewish. Inducted by Paul Burik.,Contributions to business and entrepreneurship and civic leadership within Jewish heritage communities and to Greater Cleveland's multicultural civic life.,"Leo Weidenthal (1878-1967) was editor of the Jewish Independent and founder of the Cleveland Cultural Garden Federation. Born in Cleveland to Emanuel and Julia (Kretch) Weidenthal, he began his newspaper career as a reporter for the Cleveland World; then for the Cleveland Leader and in 1906, for the Plain Dealer on the city hall beat. In 1917 he became editor of the Jewish Independent, a weekly founded in 1906 by his brother Maurice. Leo Weidenthal guided the Jewish Independent for 47 years. His retirement in 1964 served as the catalyst for a reorganization of Cleveland’s Jewish press by a civic group incorporated as the Cleveland Jewish Publication Company.",yes,Jewish,First-pass nationality/heritage tags promoted from CIHOF profile text and class/source-page context. Source: https://clevelandinternationalhalloffame.com/leo-weidenthal-2010/,"First-pass visitor copy generated from CIHOF official profile text on 2026-09-12.|Treat CIHOF profile text as the baseline source of truth for this pass.|Media rights, video captions/transcripts, and WRHS archival permissions remain separate review tracks."
lonnie-mccauley-2010,Lonnie McCauley,2010,https://clevelandinternationalhalloffame.com/lonnie-mccauley-2010/,yes,"Lonnie Davis McCauley was born in Cleveland on September 19th, 1947. She attended high school at Lourdes Academy, received a B.A. in sociology from Cleveland State University, and a Master’s Degree in Library Science from Kent State University in 1999.",Class of 2010 honoree connected to Irish. Inducted by Pat Dowd.,Contributions to arts and culture and education within Irish heritage communities and to Greater Cleveland's multicultural civic life.,"Lonnie Davis McCauley was born in Cleveland on September 19th, 1947. She attended high school at Lourdes Academy, received a B.A. in sociology from Cleveland State University, and a Master’s Degree in Library Science from Kent State University in 1999. As part of her master’s program, Lonnie interned at the prestigious Trinity College in Dublin, Ireland, achieving a lifelong dream, and also published her thesis, “The Irish Directory of Greater Cleveland”. Lonnie had a long and active history promoting Irish Culture and History with the Irish community in Cleveland dating.",yes,Irish,First-pass nationality/heritage tags promoted from CIHOF profile text and class/source-page context. Source: https://clevelandinternationalhalloffame.com/lonnie-mccauley-2010/,"First-pass visitor copy generated from CIHOF official profile text on 2026-09-12.|Treat CIHOF profile text as the baseline source of truth for this pass.|Media rights, video captions/transcripts, and WRHS archival permissions remain separate review tracks."
margaret-w-wong-2010,Margaret W. Wong,2010,https://clevelandinternationalhalloffame.com/margaret-w-wong-2010/,yes,"Margaret W. Wong In more than 30 years of practice, Margaret Wong built Margaret W. Wong & Associates Co., L.P.A. into a law firm nationally and internationally renowned for its knowledge and expertise in immigration and nationality law. Ms. Wong is licensed to practice in Ohio, Michigan, New...",Class of 2010 honoree connected to Chinese. Inducted by Rose Wong.,"Contributions to law and justice, education, and immigrant advocacy within Chinese heritage communities and to Greater Cleveland's multicultural civic life.","Margaret W. Wong In more than 30 years of practice, Margaret Wong built Margaret W. Wong & Associates Co., L.P.A. into a law firm nationally and internationally renowned for its knowledge and expertise in immigration and nationality law. Ms. Wong is licensed to practice in Ohio, Michigan, New York, Georgia, the District of Columbia, U.S. District Court for the Northern District of Ohio, U.S. District Court for the Southern District of New York, U.S. District Court for the Eastern District of New York, U.S. Court of Appeals for the 6th Circuit, and the U.S. Supreme Court. Her firm handles more than 4,000 immigration matters each year, with offices in Cleveland, Columbus, Atlanta and New York. Among other honors...",yes,Chinese,First-pass nationality/heritage tags promoted from CIHOF profile text and class/source-page context. Source: https://clevelandinternationalhalloffame.com/margaret-w-wong-2010/,"First-pass visitor copy generated from CIHOF official profile text on 2026-09-12.|Treat CIHOF profile text as the baseline source of truth for this pass.|Media rights, video captions/transcripts, and WRHS archival permissions remain separate review tracks."
paramjit-singh-2010,Paramjit Singh,2010,https://clevelandinternationalhalloffame.com/paramjit-singh-2010/,yes,"Paramjit Singh has been a Community Leader of the Asian Indian Community since he landed in Cleveland in June of 1962. Being a Sikh, he has dedicated his life to serving the needy.","Class of 2010 honoree connected to Indian, Sikh. Inducted by Mona Alag.","Contributions to civic leadership, diplomacy and global affairs, and faith and service within Indian and Sikh heritage communities and to Greater Cleveland's multicultural civic life.","Paramjit Singh has been a Community Leader of the Asian Indian Community since he landed in Cleveland in June of 1962. Being a Sikh, he has dedicated his life to serving the needy. Paramjit Singh completed his Mechanical Engineering from the Indian Institute of Technology (I.I.T.) Kharagpur, India, in 1958 and joined the MBA program at Case Western Reserve University in September 1962. He got involved with the International Student Group and shortly thereafter became its Chairman. This gave Paramjit the opportunity to meet students from all over the world and make him a citizen of this world.",yes,Indian|Sikh,First-pass nationality/heritage tags promoted from CIHOF profile text and class/source-page context. Source: https://clevelandinternationalhalloffame.com/paramjit-singh-2010/,"First-pass visitor copy generated from CIHOF official profile text on 2026-09-12.|Treat CIHOF profile text as the baseline source of truth for this pass.|Media rights, video captions/transcripts, and WRHS archival permissions remain separate review tracks."
paul-sciria-2010,Paul Sciria,2010,https://clevelandinternationalhalloffame.com/paul-sciria-2010/,yes,"Paul Sciria Born to Sicilian immigrants, Angelo and Felicia Sciria, on November 3, 1928, Paul Angelo Sciria was welcomed to the world in their family home at 151st and Kinsman. He grew up in the Kinsman area where he attended A.J. Rickoff Elementary, A. Hamilton Junior High and...",Class of 2010 honoree connected to Italian. Inducted by Umberto Fedeli.,"Contributions to arts and culture, business and entrepreneurship, and education within Italian heritage communities and to Greater Cleveland's multicultural civic life.","Paul Sciria Born to Sicilian immigrants, Angelo and Felicia Sciria, on November 3, 1928, Paul Angelo Sciria was welcomed to the world in their family home at 151st and Kinsman. He grew up in the Kinsman area where he attended A.J. Rickoff Elementary, A. Hamilton Junior High and John Adams High School. He attended The Ohio State University for college. And was also a member of the ROTC. Following his OSU days, Sciria attended the Marshall School of Law.",yes,Italian,First-pass nationality/heritage tags promoted from CIHOF profile text and class/source-page context. Source: https://clevelandinternationalhalloffame.com/paul-sciria-2010/,"First-pass visitor copy generated from CIHOF official profile text on 2026-09-12.|Treat CIHOF profile text as the baseline source of truth for this pass.|Media rights, video captions/transcripts, and WRHS archival permissions remain separate review tracks."
robert-j-haas-2010,Robert J. Haas,2010,https://clevelandinternationalhalloffame.com/robert-j-haas-2010/,yes,"Robert (Bob) Haas was born and raised on Cleveland’s west side. Married for 17 years to his wife Barbara, Bob has two sons and three grand children.",Class of 2010 honoree connected to German. Inducted by Dr. Joe Wendel.,"Contributions to arts and culture, civic leadership, and business and entrepreneurship within German heritage communities and to Greater Cleveland's multicultural civic life.","Robert (Bob) Haas was born and raised on Cleveland’s west side. Married for 17 years to his wife Barbara, Bob has two sons and three grand children. He graduated from St. Edward High School, attended John Carroll University, and graduated from the Ohio Highway Patrol Police Academy. Hired by the City of Berea Police Department, he served 15 years as a patrol officer. He was then promoted and served 10 years as a detective before being named the department’s Community Relations Officer, a post he held for 10 years prior to his retirement in 2010.",yes,German,First-pass nationality/heritage tags promoted from CIHOF profile text and class/source-page context. Source: https://clevelandinternationalhalloffame.com/robert-j-haas-2010/,"First-pass visitor copy generated from CIHOF official profile text on 2026-09-12.|Treat CIHOF profile text as the baseline source of truth for this pass.|Media rights, video captions/transcripts, and WRHS archival permissions remain separate review tracks."
senator-george-voinovich-2010,Senator George Voinovich,2010,https://clevelandinternationalhalloffame.com/senator-george-voinovich-2010/,yes,"Senator George Voinovich From his time as member of the Ohio House of Representatives, Cuyahoga County Commissioner, Lieutenant Governor of Ohio, Mayor of Cleveland and Governor of Ohio, to his present role as Ohio’s senior United States Senator, George V. Voinovich has strived for more than 40 years...","Class of 2010 honoree connected to Serbian, Slovenian. Inducted by Ingrida Bublys.","Contributions to civic leadership, diplomacy and global affairs, and arts and culture within Serbian and Slovenian heritage communities and to Greater Cleveland's multicultural civic life.","Senator George Voinovich From his time as member of the Ohio House of Representatives, Cuyahoga County Commissioner, Lieutenant Governor of Ohio, Mayor of Cleveland and Governor of Ohio, to his present role as Ohio’s senior United States Senator, George V. Voinovich has strived for more than 40 years to make all levels of government “work harder and smarter and do more with less.” As mayor of Cleveland, USA Today credited him with “turning the nation’s 22nd largest city from a laughingstock in the 1970s into a three-time All-America City winner during the 1980s” after Cleveland became the first major city to declare bankruptcy since the Depression. His work rebuilding the city through public-private partnerships earned him praise from...",yes,Serbian|Slovenian,First-pass nationality/heritage tags promoted from CIHOF profile text and class/source-page context. Source: https://clevelandinternationalhalloffame.com/senator-george-voinovich-2010/,"First-pass visitor copy generated from CIHOF official profile text on 2026-09-12.|Treat CIHOF profile text as the baseline source of truth for this pass.|Media rights, video captions/transcripts, and WRHS archival permissions remain separate review tracks."
albert-b-ratner-2011,Albert B. Ratner,2011,https://clevelandinternationalhalloffame.com/albert-b-ratner-2011/,yes,"Albert B. Ratner is co-chairman of the board of Forest City Enterprises, Inc. He has been in the commercial and residential real estate industry with Forest City since 1951.",Class of 2011 honoree connected to Jewish. Inducted by Sam Miller.,"Contributions to business and entrepreneurship, education, and civic leadership within Jewish heritage communities and to Greater Cleveland's multicultural civic life.","Albert B. Ratner is co-chairman of the board of Forest City Enterprises, Inc. He has been in the commercial and residential real estate industry with Forest City since 1951. Ratner is well known as a long time community booster for Cleveland and a leader in its Jewish community. He is a life trustee of the Cleveland Jewish Community Federation and a member of the International Council of the American Jewish Joint Distribution Committee. In the company’s hometown of Cleveland, Ratner was the driving force behind Forest City’s dramatic redevelopment of the Terminal Tower and the former Union Terminal into Tower City Center, a mixed-use complex with a multi-floor mall, office space and hotel.",yes,Jewish,First-pass nationality/heritage tags promoted from CIHOF profile text and class/source-page context. Source: https://clevelandinternationalhalloffame.com/albert-b-ratner-2011/,"First-pass visitor copy generated from CIHOF official profile text on 2026-09-12.|Treat CIHOF profile text as the baseline source of truth for this pass.|Media rights, video captions/transcripts, and WRHS archival permissions remain separate review tracks."
gerald-m-quinn-2011,Gerald M. Quinn,2011,https://clevelandinternationalhalloffame.com/gerald-m-quinn-2011/,yes,"Gerald M. Quinn, an award winning broadcaster and community leader born in Garracloon, County Mayo (pop. 44) and now living in Euclid, has played a decisive part in keeping Cleveland area Irish in touch with their heritage.",Class of 2011 honoree connected to Irish. Inducted by Tom Scanlon.,Contributions to community leadership within Irish heritage communities and to Greater Cleveland's multicultural civic life.,"Gerald M. Quinn, an award winning broadcaster and community leader born in Garracloon, County Mayo (pop. 44) and now living in Euclid, has played a decisive part in keeping Cleveland area Irish in touch with their heritage. He conceived and chaired the efforts that led to the founding of Cleveland’s Irish American Club – East Side in 1978 and the Mayo Society in 2004. His weekly show, Gerry Quinn Irish Radio (WHK 1420), 31 years on the air, has received the Achievement in Radio Award (A.I.R) and was named Best Ethnic Program in Northeast Ohio. Gerald Michael Quinn was introduced to the achievements of civilization at the local National School a few miles from Ballina, a school which...",yes,Irish,First-pass nationality/heritage tags promoted from CIHOF profile text and class/source-page context. Source: https://clevelandinternationalhalloffame.com/gerald-m-quinn-2011/,"First-pass visitor copy generated from CIHOF official profile text on 2026-09-12.|Treat CIHOF profile text as the baseline source of truth for this pass.|Media rights, video captions/transcripts, and WRHS archival permissions remain separate review tracks."
giahoa-ryan-2011,Giahoa Ryan,2011,https://clevelandinternationalhalloffame.com/giahoa-ryan-2011/,yes,"Giahoa Ryan Luong Thi Gia Hoa Ryan was born in Viet Nam, the oldest of twelve children. She worked for U.S. Government as Interpreter and Secretary during the Vietnam War and supervised local workers for the U.S. Government.",Class of 2011 honoree connected to Vietnamese. Inducted by Margaret Wong.,"Contributions to business and entrepreneurship, civic leadership, and arts and culture within Vietnamese heritage communities and to Greater Cleveland's multicultural civic life.","Giahoa Ryan Luong Thi Gia Hoa Ryan was born in Viet Nam, the oldest of twelve children. She worked for U.S. Government as Interpreter and Secretary during the Vietnam War and supervised local workers for the U.S. Government. She immigrated to United States in 1971. Her vast experience includes opening and owning The Moonlight Restaurant in Lorain as well as various other food service businesses. She is currently the Manager and Director of Sai Gon Plaza.",yes,Vietnamese,First-pass nationality/heritage tags promoted from CIHOF profile text and class/source-page context. Source: https://clevelandinternationalhalloffame.com/giahoa-ryan-2011/,"First-pass visitor copy generated from CIHOF official profile text on 2026-09-12.|Treat CIHOF profile text as the baseline source of truth for this pass.|Media rights, video captions/transcripts, and WRHS archival permissions remain separate review tracks."
lucretia-stoica-2011,Lucretia Stoica,2011,https://clevelandinternationalhalloffame.com/lucretia-stoica-2011/,yes,"Lucretia Stoica was born in Youngstown, Ohio. As a young child she travelled to Romania where she grew up and completed her University studies obtaining a Master Degree in Law, Literature and Philosophy. As an American abroad, she was among the first to be repatriated by the American...",Class of 2011 honoree connected to Romanian. Inducted by Ken Kovach.,"Contributions to immigrant advocacy, business and entrepreneurship, and arts and culture within Romanian heritage communities and to Greater Cleveland's multicultural civic life.","Lucretia Stoica was born in Youngstown, Ohio. As a young child she travelled to Romania where she grew up and completed her University studies obtaining a Master Degree in Law, Literature and Philosophy. As an American abroad, she was among the first to be repatriated by the American government after World War II. Upon return to Cleveland Lucretia joined the staff of the International Institute of the YWCA, a non-profit agency now known as the International Services Center. She served the agency first as a case worker, then as a Deputy Director, and finally as its Executive Director for 26 years. On June 1, 1988 she retired after 41 years of service.",yes,Romanian,First-pass nationality/heritage tags promoted from CIHOF profile text and class/source-page context. Source: https://clevelandinternationalhalloffame.com/lucretia-stoica-2011/,"First-pass visitor copy generated from CIHOF official profile text on 2026-09-12.|Treat CIHOF profile text as the baseline source of truth for this pass.|Media rights, video captions/transcripts, and WRHS archival permissions remain separate review tracks."
luis-martinez-2011,Luis Martinez,2011,https://clevelandinternationalhalloffame.com/luis-martinez-2011/,yes,"Luis Martinez was born in Bayamon, Puerto Rico and moved with his family from Puerto Rico to Lorain, Ohio when he was 3 years old. He graduated from Lorain Admiral King High School in 1966.",Class of 2011 honoree connected to Puerto Rican. Inducted by Andres Gonzalez.,Contributions to education and civic leadership within Puerto Rican heritage communities and to Greater Cleveland's multicultural civic life.,"Luis Martinez was born in Bayamon, Puerto Rico and moved with his family from Puerto Rico to Lorain, Ohio when he was 3 years old. He graduated from Lorain Admiral King High School in 1966. He served with the U.S. Marines in Vietnam where he was awarded 2 Purple Hearts for wounds sustained in combat while serving with a Combined Action Group. He contributed the chapter titled, “A Puerto Rican Marine” and is found on the cover of the New York Times Bestseller EVERYTHING WE HAD, An Oral History of the Vietnam War by Thirty-three American Soldiers Who Fought It by Al Santoli (Random House, 1981). In 1973, Mr. Martinez moved to Cleveland, Ohio and joined the Recruitment...",yes,Puerto Rican,First-pass nationality/heritage tags promoted from CIHOF profile text and class/source-page context. Source: https://clevelandinternationalhalloffame.com/luis-martinez-2011/,"First-pass visitor copy generated from CIHOF official profile text on 2026-09-12.|Treat CIHOF profile text as the baseline source of truth for this pass.|Media rights, video captions/transcripts, and WRHS archival permissions remain separate review tracks."
ralph-j-perk-2011,Ralph J. Perk,2011,https://clevelandinternationalhalloffame.com/ralph-perk-2011/mayor-ralph-perk-2011/,yes,"Ralph J. Perk The City of Cleveland’s 52nd mayor, Ralph J. Perk, was well known for his human rights advocacy and his anti-communist, anti-totalitarian stance. Before becoming Mayor, Perk served Ward 13 (Broadway/East 55th area) as its council member for five terms.",Class of 2011 honoree connected to Czech. Inducted by Justice Terrence O'Donnell.,"Contributions to civic leadership, law and justice, and arts and culture within Czech heritage communities and to Greater Cleveland's multicultural civic life.","Ralph J. Perk The City of Cleveland’s 52nd mayor, Ralph J. Perk, was well known for his human rights advocacy and his anti-communist, anti-totalitarian stance. Before becoming Mayor, Perk served Ward 13 (Broadway/East 55th area) as its council member for five terms. In 1962, Perk, a Republican, won the first countywide election in Cuyahoga County in fifty years, and was elected as Auditor. He was re-elected to this position for two more terms. He had two unsuccessful attempts at a run for Mayor.",yes,Czech,First-pass nationality/heritage tags promoted from CIHOF profile text and class/source-page context. Source: https://clevelandinternationalhalloffame.com/ralph-perk-2011/mayor-ralph-perk-2011/,"First-pass visitor copy generated from CIHOF official profile text on 2026-09-12.|Treat CIHOF profile text as the baseline source of truth for this pass.|Media rights, video captions/transcripts, and WRHS archival permissions remain separate review tracks."
reverend-dr-otis-moss-jr-2011,"Reverend Dr. Otis Moss, Jr.",2011,https://clevelandinternationalhalloffame.com/reverend-dr-otis-moss-jr-2011/,yes,"Reverend Dr. Otis Moss, Jr. Theologian, pastor and civic leader, the Reverend Dr. Otis Moss, Jr. is one of America’s most influential leaders.",Class of 2011 honoree connected to African-American. Inducted by Congressman Louis Stokes.,"Contributions to faith and service, education, and civic leadership within African-American heritage communities and to Greater Cleveland's multicultural civic life.","Reverend Dr. Otis Moss, Jr. Theologian, pastor and civic leader, the Reverend Dr. Otis Moss, Jr. is one of America’s most influential leaders. He was born in La Grange, GA. He earned his bachelor’s degree from Morehouse College, his master of divinity degree from Morehouse School of Religion/Inter-denominational Theological Center and his doctor of ministry degree from the United Theological Seminary. In 2008, Reverend Moss retired from Olivet Institutional Baptist Church located in Cleveland, Ohio following thirty-three years of distinguished service.",yes,African-American,First-pass nationality/heritage tags promoted from CIHOF profile text and class/source-page context. Source: https://clevelandinternationalhalloffame.com/reverend-dr-otis-moss-jr-2011/,"First-pass visitor copy generated from CIHOF official profile text on 2026-09-12.|Treat CIHOF profile text as the baseline source of truth for this pass.|Media rights, video captions/transcripts, and WRHS archival permissions remain separate review tracks."
tony-petkovsek-2011,Tony Petkovsek,2011,https://clevelandinternationalhalloffame.com/tony-petkovsek-2011/,yes,"Tony Petkovsek has been on daily polka radio since 1961, an unprecedented 50 years. His popular music and community service show, he produces and announces, is interspersed with interviews of civic, travel and entertainment personalities and is heard for two hours, Monday thru Friday from 2 till 4PM...",Class of 2011 honoree connected to Slovenian. Inducted by Terry Stewart.,"Contributions to arts and culture, civic leadership, and community organizing within Slovenian heritage communities and to Greater Cleveland's multicultural civic life.","Tony Petkovsek has been on daily polka radio since 1961, an unprecedented 50 years. His popular music and community service show, he produces and announces, is interspersed with interviews of civic, travel and entertainment personalities and is heard for two hours, Monday thru Friday from 2 till 4PM and Saturday from Noon till 2PM on WELW-1330AM and also simulcasts worldwide on the internet at WWW. For some 40 years the programs had been done on location at the former Tony’s Polka Village/Polka Tour Headquarters of Kollander World Travel on East 185th Street and now from his own studio broadcasting live at his condo-home at Harbortowne Point in Fairport Harbor, Ohio. Prior to 1981 he was on the FM...",yes,Slovenian,First-pass nationality/heritage tags promoted from CIHOF profile text and class/source-page context. Source: https://clevelandinternationalhalloffame.com/tony-petkovsek-2011/,"First-pass visitor copy generated from CIHOF official profile text on 2026-09-12.|Treat CIHOF profile text as the baseline source of truth for this pass.|Media rights, video captions/transcripts, and WRHS archival permissions remain separate review tracks."
vijaya-l-emani-2011,Vijaya L. Emani,2011,https://clevelandinternationalhalloffame.com/vijaya-l-emani-2011/,yes,"Vijaya L. Emani “You can have Excellence, You can have Excuses, but you cannot have both!” Vijaya Lakshmi Emani, born in Kurnool, was the daughter of Indurani and G.Venkataramana Reddy. She was known to us as a spitfire, but came from a more modest and quiet beginning.",Class of 2011 honoree connected to Indian. Inducted by Raj Pillai.,"Contributions to education, civic leadership, and science and technology within Indian heritage communities and to Greater Cleveland's multicultural civic life.","Vijaya L. Emani “You can have Excellence, You can have Excuses, but you cannot have both!” Vijaya Lakshmi Emani, born in Kurnool, was the daughter of Indurani and G.Venkataramana Reddy. She was known to us as a spitfire, but came from a more modest and quiet beginning. As a young woman in India, she was awarded top merits at every level of her education while maintaining her youthful jovial personality. She graduated in 1980 from Osmania University with a B.S. in Electronics and Communications Engineering and made her way to the United States in 1986. She received her M.S. in Computer Science from Cleveland State University.",yes,Indian,First-pass nationality/heritage tags promoted from CIHOF profile text and class/source-page context. Source: https://clevelandinternationalhalloffame.com/vijaya-l-emani-2011/,"First-pass visitor copy generated from CIHOF official profile text on 2026-09-12.|Treat CIHOF profile text as the baseline source of truth for this pass.|Media rights, video captions/transcripts, and WRHS archival permissions remain separate review tracks."
anthony-yen-yan-yuan-tai-2012,Anthony Yen (Yan Yuan Tai),2012,https://clevelandinternationalhalloffame.com/anthony-yen-2012/,yes,"Anthony Yen (Yan Yuan Tai) is an internationally recognized expert in business and trade. His work with the World Trade Center Cleveland and other businesses and organizations have earned him numerous business associations, consultancies, speaking engagements and awards and accolades as listed below.","Class of 2012 honoree connected to Chinese. Inducted by Wong, Margaret.","Contributions to business and entrepreneurship, diplomacy and global affairs, and education within Chinese heritage communities and to Greater Cleveland's multicultural civic life.","Anthony Yen (Yan Yuan Tai) is an internationally recognized expert in business and trade. His work with the World Trade Center Cleveland and other businesses and organizations have earned him numerous business associations, consultancies, speaking engagements and awards and accolades as listed below. BUSINESS ASSOCIATIONS • Member of the Ohio Commodores Association appointed by Governor of Ohio, since 1972,Member of the Board of Trustees (1992-1994) • Member of the Chairman’s Circle, USA-ROC Economic Council (1992-1994) • Member of the Board of Directors, Cleveland World Trade Association • Member of the Executive Committee, Northern Ohio District Export Council. • Member of the Board of Directors, Greater Cleveland Growth Association (1988-1993) • Member of the Advisory Council, World Trade Center...",yes,Chinese,First-pass nationality/heritage tags promoted from CIHOF profile text and class/source-page context. Source: https://clevelandinternationalhalloffame.com/anthony-yen-2012/,"First-pass visitor copy generated from CIHOF official profile text on 2026-09-12.|Treat CIHOF profile text as the baseline source of truth for this pass.|Media rights, video captions/transcripts, and WRHS archival permissions remain separate review tracks."
dr-jaya-shah-2012,Dr. Jaya Shah,2012,https://clevelandinternationalhalloffame.com/dr-jaya-shah-2012/,yes,"Dr. Jaya Shah Dr. Shah, a Pediatrician practicing for more than 30 years, retired from active practice in 2007. She graduated from Grant Medical College, Mumbai, India.",Class of 2012 honoree connected to Indian. Inducted by Ratanjit Sondhe.,Contributions to medicine and health and community organizing within Indian heritage communities and to Greater Cleveland's multicultural civic life.,"Dr. Jaya Shah Dr. Shah, a Pediatrician practicing for more than 30 years, retired from active practice in 2007. She graduated from Grant Medical College, Mumbai, India. Her passion for life is to help the Poor & Needy whose minimal, basic needs in health care are not met. She works as a volunteer pediatrician at the Painesville Free-Clinic. She has worked in 27 different Medical Camps, in 10 different countries and 7 different states of India.",yes,Indian,First-pass nationality/heritage tags promoted from CIHOF profile text and class/source-page context. Source: https://clevelandinternationalhalloffame.com/dr-jaya-shah-2012/,"First-pass visitor copy generated from CIHOF official profile text on 2026-09-12.|Treat CIHOF profile text as the baseline source of truth for this pass.|Media rights, video captions/transcripts, and WRHS archival permissions remain separate review tracks."
fr-jim-o-donnell-2012,Fr. Jim O’Donnell,2012,https://clevelandinternationalhalloffame.com/fr-jim-odonnell-2012/,yes,Fr. Jim O’Donnell was ordained a priest in 1956 in the Diocese of Cleveland. His spiritual journey has led him through parish work at St. Colman’s Church in Cleveland and St. Mary’s Church in Avon.,Class of 2012 honoree connected to Irish. Inducted by Jack Kahl.,Contributions to faith and service within Irish heritage communities and to Greater Cleveland's multicultural civic life.,"Fr. Jim O’Donnell was ordained a priest in 1956 in the Diocese of Cleveland. His spiritual journey has led him through parish work at St. Colman’s Church in Cleveland and St. Mary’s Church in Avon. He served as the director of CYO for several years. For six weeks in 1974 he worked in India with Mother Teresa. Today and for the past 32 years, Fr. Jim lives and works in the inner-city Central neighborhood in Cleveland, OH.",yes,Irish,First-pass nationality/heritage tags promoted from CIHOF profile text and class/source-page context. Source: https://clevelandinternationalhalloffame.com/fr-jim-odonnell-2012/,"First-pass visitor copy generated from CIHOF official profile text on 2026-09-12.|Treat CIHOF profile text as the baseline source of truth for this pass.|Media rights, video captions/transcripts, and WRHS archival permissions remain separate review tracks."
hon-mary-rose-oakar-2012,Hon. Mary Rose Oakar,2012,https://clevelandinternationalhalloffame.com/rep-mary-rose-oakar-2012/,yes,"Hon. Mary Rose Oakar Hon. Mary Rose Oakar, received her B.A. at Ursuline College, M.A. at John Carroll University, studied at Westham Adult College-Warwickshire, England, and had further study at Cleveland-Marshall College of Law. She has also received numerous Honorary Doctorate Degrees of Law and Humane Letters from...","Class of 2012 honoree connected to Syrian, Lebanese. Inducted by Dr. Wael Khoury.","Contributions to education, civic leadership, and community organizing within Syrian and Lebanese heritage communities and to Greater Cleveland's multicultural civic life.","Hon. Mary Rose Oakar Hon. Mary Rose Oakar, received her B.A. at Ursuline College, M.A. at John Carroll University, studied at Westham Adult College-Warwickshire, England, and had further study at Cleveland-Marshall College of Law. She has also received numerous Honorary Doctorate Degrees of Law and Humane Letters from various Academic Institutions. Ms. Oakar has served in all three legislative branches of government as a Member of Cleveland City Council, Member of the Ohio House of Representatives, and 16-year Member of the United States Congress representing Cleveland, Ohio and 16 Suburbs. Currently, Ms. Oakar was elected and serves on the Ohio State Board of Education representing District 11 (Cuyahoga County). In the U.S. Congress, Ms. Oakar was a Member...",yes,Syrian|Lebanese,First-pass nationality/heritage tags promoted from CIHOF profile text and class/source-page context. Source: https://clevelandinternationalhalloffame.com/rep-mary-rose-oakar-2012/,"First-pass visitor copy generated from CIHOF official profile text on 2026-09-12.|Treat CIHOF profile text as the baseline source of truth for this pass.|Media rights, video captions/transcripts, and WRHS archival permissions remain separate review tracks."
jose-c-feliciano-2012,José C. Feliciano,2012,https://clevelandinternationalhalloffame.com/jose-feliciano-2012/,yes,"José C. Feliciano was born in Yauco, Puerto Rico and was reared on the near west side of Cleveland. He has been a Partner in the Litigation Group in the Cleveland office of the national law firm of Baker & Hostetler LLP since 1987.",Class of 2012 honoree connected to Puerto Rican. Inducted by Alex Machaskee.,"Contributions to law and justice, civic leadership, and business and entrepreneurship within Puerto Rican heritage communities and to Greater Cleveland's multicultural civic life.","José C. Feliciano was born in Yauco, Puerto Rico and was reared on the near west side of Cleveland. He has been a Partner in the Litigation Group in the Cleveland office of the national law firm of Baker & Hostetler LLP since 1987. Prior thereto, he made history by serving as the first Hispanic public official in the history of the City of Cleveland by serving as the city’s chief prosecuting attorney. The culmination of his public career was Mr. Feliciano’s selection as a White House Fellow by President Ronald Reagan in 1984. Earlier in his career, he was a Cuyahoga County Public Defender and was an attorney for the Legal Aid Society.",yes,Puerto Rican,First-pass nationality/heritage tags promoted from CIHOF profile text and class/source-page context. Source: https://clevelandinternationalhalloffame.com/jose-feliciano-2012/,"First-pass visitor copy generated from CIHOF official profile text on 2026-09-12.|Treat CIHOF profile text as the baseline source of truth for this pass.|Media rights, video captions/transcripts, and WRHS archival permissions remain separate review tracks."
ken-kovach-2012,Ken Kovach,2012,https://clevelandinternationalhalloffame.com/ken-kovach-2012/,yes,"Ken Kovach has built upon his advanced studies in sociology to develop a 30-year-plus professional practice in the fields of human resources development and organization development. He has special expertise in the fields of: coaching, creativity and innovation, leadership development, ethnic/minority group relations, and strategic planning.","Class of 2012 honoree connected to Russian, Hungarian. Inducted by Dick Russ.","Contributions to civic leadership, education, and community organizing within Russian and Hungarian heritage communities and to Greater Cleveland's multicultural civic life.","Ken Kovach has built upon his advanced studies in sociology to develop a 30-year-plus professional practice in the fields of human resources development and organization development. He has special expertise in the fields of: coaching, creativity and innovation, leadership development, ethnic/minority group relations, and strategic planning. Ken’s extensive experience as coach, consultant, and designer/presenter of educational and training programs has engaged him at all levels and ranges of employees, managers, and senior leadership in the business, governmental, and not-for-profit sectors. He has worked with Fortune 500 companies as well as family-owned businesses and individual entrepreneurs. As a highly-skilled group facilitator, he has conducted hundreds of sessions across the United States and internationally.",yes,Russian|Hungarian,First-pass nationality/heritage tags promoted from CIHOF profile text and class/source-page context. Source: https://clevelandinternationalhalloffame.com/ken-kovach-2012/,"First-pass visitor copy generated from CIHOF official profile text on 2026-09-12.|Treat CIHOF profile text as the baseline source of truth for this pass.|Media rights, video captions/transcripts, and WRHS archival permissions remain separate review tracks."
milton-maltz-2012,Milton Maltz,2012,https://clevelandinternationalhalloffame.com/milton-maltz-2012/,yes,"Milton Maltz founded Malrite Communications Group, Inc. in 1956 and served as its Chairman and CEO until the Company was sold in 1998. Under his direction, Malrite became one of the most successful operators of radio and television properties in the country with stations stretching from New York...",Class of 2012 honoree connected to Jewish. Inducted by Sam Miller.,"Contributions to arts and culture, civic leadership, and media and storytelling within Jewish heritage communities and to Greater Cleveland's multicultural civic life.","Milton Maltz founded Malrite Communications Group, Inc. in 1956 and served as its Chairman and CEO until the Company was sold in 1998. Under his direction, Malrite became one of the most successful operators of radio and television properties in the country with stations stretching from New York to Los Angeles. Mr. Maltz began his career in broadcasting as a kid actor in radio dramas originating in Chicago and also appeared in a number of television broadcasts during that medium’s infancy. Over the years, he has worked in all aspects of the broadcast industry, including news and management. Mr. Maltz wrote, produced and directed “The Fight for Freedom”, a series of radio dramas reflecting the struggle for the...",yes,Jewish,First-pass nationality/heritage tags promoted from CIHOF profile text and class/source-page context. Source: https://clevelandinternationalhalloffame.com/milton-maltz-2012/,"First-pass visitor copy generated from CIHOF official profile text on 2026-09-12.|Treat CIHOF profile text as the baseline source of truth for this pass.|Media rights, video captions/transcripts, and WRHS archival permissions remain separate review tracks."
vladimir-rus-2012,Vladimir Rus,2012,https://clevelandinternationalhalloffame.com/vladimir-rus-2012/,yes,"Vladimir Rus was born in Rijeka (Flume), Croatia in 1925. He has lived in Croatia, Trieste, Italy and now in Cleveland.","Class of 2012 honoree connected to Slovenian, Croatian. Inducted by Councilman Joe Cimperman.","Contributions to civic leadership, education, and business and entrepreneurship within Slovenian and Croatian heritage communities and to Greater Cleveland's multicultural civic life.","Vladimir Rus was born in Rijeka (Flume), Croatia in 1925. He has lived in Croatia, Trieste, Italy and now in Cleveland. He received his extensive education throughout the world. Starting with an Italian Elementary School he went on to study in Croatia and never stopped his education – and educating others. He received a PhD in Political Science – University of Trieste, Ohio Secondary Teaching Certificate (Russian and French), M.A. in Political Science, Western Reserve University, M.A. in Slavic Languages and Literatures, University of Michigan, Candidate in Philosophy, Slavic Languages and Literatures, University of Michigan.",yes,Slovenian|Croatian,First-pass nationality/heritage tags promoted from CIHOF profile text and class/source-page context. Source: https://clevelandinternationalhalloffame.com/vladimir-rus-2012/,"First-pass visitor copy generated from CIHOF official profile text on 2026-09-12.|Treat CIHOF profile text as the baseline source of truth for this pass.|Media rights, video captions/transcripts, and WRHS archival permissions remain separate review tracks."
bishop-a-edward-pevec-2013,Bishop A. Edward Pevec,2013,https://clevelandinternationalhalloffame.com/bishop-a-edward-pevec-2013/,yes,"Bishop A. Edward Pevec The Most Reverend (Anthony) Edward Pevec was born in Cleveland, OH on April 16,1925. He was ordained a Priest on April 29,1950 and ordained a Bishop on July 2,1982.",Class of 2013 honoree connected to Slovenian. Inducted by Jure Zmauc Consul General of Slovenia.,Contributions to faith and service and education within Slovenian heritage communities and to Greater Cleveland's multicultural civic life.,"Bishop A. Edward Pevec The Most Reverend (Anthony) Edward Pevec was born in Cleveland, OH on April 16,1925. He was ordained a Priest on April 29,1950 and ordained a Bishop on July 2,1982. He was installed Vicar of Eastern Region July 20,1982 and retired April 3, 2001. He attended St. Vitus Elementary School and then Cathedral Latin High School. He went on to Sacred Heart Seminary, Detroit, MI and then St. Mary Seminary for his Cleveland Ordination.",yes,Slovenian,First-pass nationality/heritage tags promoted from CIHOF profile text and class/source-page context. Source: https://clevelandinternationalhalloffame.com/bishop-a-edward-pevec-2013/,"First-pass visitor copy generated from CIHOF official profile text on 2026-09-12.|Treat CIHOF profile text as the baseline source of truth for this pass.|Media rights, video captions/transcripts, and WRHS archival permissions remain separate review tracks."
dr-maria-pujana-2013,Dr. Maria Pujana,2013,https://clevelandinternationalhalloffame.com/maria-pujana-2013/,yes,"Dr. Maria Pujana Dr. Maria Pujana, a physician, a clinical neurologist and neurophysiologist, is a faculty member at Case Western Reserve University’s Global Health in the School of Medicine. Her fields of concentrations are Economic Development, Public Health, Education Arts and Culture and International Affairs.","Class of 2013 honoree connected to Spanish, Colombian. Inducted by Len Komoroski.","Contributions to business and entrepreneurship, medicine and health, and arts and culture within Spanish and Colombian heritage communities and to Greater Cleveland's multicultural civic life.","Dr. Maria Pujana Dr. Maria Pujana, a physician, a clinical neurologist and neurophysiologist, is a faculty member at Case Western Reserve University’s Global Health in the School of Medicine. Her fields of concentrations are Economic Development, Public Health, Education Arts and Culture and International Affairs. Dr. Pujana was a member of the Board of Directors of the Cleveland Foundation from 2002 to 2012 (Chair of Advisory and Selection Committee for Scholarships), Founder and Chair of the International Committee, Invest on Children Partner Member. She is a member of the MetroHealth Foundation Board, The Cleveland Red Cross (Chair of the International Affairs and Services Committee), The Advisory Board of the Cleveland Institute of Art, and the Helen Moss Cancer...",yes,Spanish|Colombian,First-pass nationality/heritage tags promoted from CIHOF profile text and class/source-page context. Source: https://clevelandinternationalhalloffame.com/maria-pujana-2013/,"First-pass visitor copy generated from CIHOF official profile text on 2026-09-12.|Treat CIHOF profile text as the baseline source of truth for this pass.|Media rights, video captions/transcripts, and WRHS archival permissions remain separate review tracks."
jack-coyne-2013,Jack Coyne,2013,https://clevelandinternationalhalloffame.com/john-jack-coyne-2013,yes,"Jack Coyne John (“Jack”) P. Coyne was born in Cleveland, Ohio. John is a graduate of Benedictine High School, and he received his accounting degree and law degree from the University of Notre Dame. John has practiced law in Cleveland for fifty six years.",Class of 2013 honoree connected to Irish. Inducted by Aidan Cronin Consul General of Ireland.,"Contributions to business and entrepreneurship, education, and law and justice within Irish heritage communities and to Greater Cleveland's multicultural civic life.","Jack Coyne John (“Jack”) P. Coyne was born in Cleveland, Ohio. John is a graduate of Benedictine High School, and he received his accounting degree and law degree from the University of Notre Dame. John has practiced law in Cleveland for fifty six years. After law school he became a Captain in the United States army and the Ohio National Guard, serving eight years. As Founder of Park-Here, Inc., later known as Coyne-Kangesser Parking and now a Division of ABM, John is Vice President of Development and is widely known throughout the parking industry. He was Director of the National Parking Association and serves as Trustee to the Cleveland Parking Association.",yes,Irish,First-pass nationality/heritage tags promoted from CIHOF profile text and class/source-page context. Source: https://clevelandinternationalhalloffame.com/john-jack-coyne-2013,"First-pass visitor copy generated from CIHOF official profile text on 2026-09-12.|Treat CIHOF profile text as the baseline source of truth for this pass.|Media rights, video captions/transcripts, and WRHS archival permissions remain separate review tracks."
josef-holzer-2013,Josef Holzer,2013,https://clevelandinternationalhalloffame.com/joseph-holzer-2013/,yes,"Josef Holzer was born in September of 1926 in Apatin, Batschka, in the former Yugoslavia, where he attended elementary school, high school, and then studied to become an electrician. He eventually met and married Franziska Kufner, a union that would last 62 years until Franziska’s passing in November...",Class of 2013 honoree connected to German. Inducted by Margot Maurer.,Contributions to arts and culture and education within German heritage communities and to Greater Cleveland's multicultural civic life.,"Josef Holzer was born in September of 1926 in Apatin, Batschka, in the former Yugoslavia, where he attended elementary school, high school, and then studied to become an electrician. He eventually met and married Franziska Kufner, a union that would last 62 years until Franziska’s passing in November of 2011. In 1952, with his wife, young daughter Ilse, and parents, he immigrated to Cleveland, Ohio, where he found a job as an electrician with the Ford Motor Company. Today, he is a grandfather of three and a great grandfather of two. Joe became a member of the Society of the Donauschwaben in Cleveland soon after the organization was founded in 1958, as did many other Donauschwaben immigrants who...",yes,German,First-pass nationality/heritage tags promoted from CIHOF profile text and class/source-page context. Source: https://clevelandinternationalhalloffame.com/joseph-holzer-2013/,"First-pass visitor copy generated from CIHOF official profile text on 2026-09-12.|Treat CIHOF profile text as the baseline source of truth for this pass.|Media rights, video captions/transcripts, and WRHS archival permissions remain separate review tracks."
nacy-panzica-2013,Nacy Panzica,2013,https://clevelandinternationalhalloffame.com/nacy-panzica-2013/,yes,"Nacy Panzica has been in the construction industry for over 60 years. Through his guidance and leadership, Panzica Construction Company has grown from simple residential remodeling projects to what it is today, a multi-million dollar construction company.",Class of 2013 honoree connected to Italian. Inducted by Angie Spitalieri.,Contributions to business and entrepreneurship within Italian heritage communities and to Greater Cleveland's multicultural civic life.,"Nacy Panzica has been in the construction industry for over 60 years. Through his guidance and leadership, Panzica Construction Company has grown from simple residential remodeling projects to what it is today, a multi-million dollar construction company. Panzica Construction Company has earned an enviable reputation for delivering the finest craftsmanship to an impressive list of challenging and rewarding ventures. Some of Nacy’s affiliations include: Arthritis Foundation of Greater Cleveland – 2002 Community Leader of the Year Catholic Charities Corporation – Trustee Help for the Retarded, Inc. – Board Member 1977 to 1985 Alhambra for Retarded Children Cuyahoga Community College – Trustee 1980 to 1986 St. Augustine Manor – Trustee Ellis Island Recipient 2003 Cystic Fibrosis Foundation.",yes,Italian,First-pass nationality/heritage tags promoted from CIHOF profile text and class/source-page context. Source: https://clevelandinternationalhalloffame.com/nacy-panzica-2013/,"First-pass visitor copy generated from CIHOF official profile text on 2026-09-12.|Treat CIHOF profile text as the baseline source of truth for this pass.|Media rights, video captions/transcripts, and WRHS archival permissions remain separate review tracks."
ratanjit-s-sondhe-2013,Ratanjit S. Sondhe,2013,https://clevelandinternationalhalloffame.com/ratanjit-sondhe-2013,yes,"Ratanjit S. Sondhe emigrated from India in 1968 with two Masters’ degrees and $8 in his pocket to complete his Ph.D. in polymer chemistry at Akron University. In 1973, he founded POLY-CARB, Inc., a materials science company, which he ran as its CEO for 34 years until it...","Class of 2013 honoree connected to Indian, Sikh. Inducted by Ken Lanci.","Contributions to media and storytelling, business and entrepreneurship, and community organizing within Indian and Sikh heritage communities and to Greater Cleveland's multicultural civic life.","Ratanjit S. Sondhe emigrated from India in 1968 with two Masters’ degrees and $8 in his pocket to complete his Ph.D. in polymer chemistry at Akron University. In 1973, he founded POLY-CARB, Inc., a materials science company, which he ran as its CEO for 34 years until it was acquired by The Dow Chemical Company in 2007. Running POLY-CARB, Ratanjit developed a groundbreaking leadership and management style where there were no titles and no bosses, simply well-developed and documented values and operating principles guiding every decision made by each team member. His pioneering work on ONENESS, resulting in leadership from within while living and operating stress free, gave him international recognition as “Mr. Stress Free.” He has authored...",yes,Indian|Sikh,First-pass nationality/heritage tags promoted from CIHOF profile text and class/source-page context. Source: https://clevelandinternationalhalloffame.com/ratanjit-sondhe-2013,"First-pass visitor copy generated from CIHOF official profile text on 2026-09-12.|Treat CIHOF profile text as the baseline source of truth for this pass.|Media rights, video captions/transcripts, and WRHS archival permissions remain separate review tracks."
samuel-h-miller-2013,Samuel H. Miller,2013,https://clevelandinternationalhalloffame.com/sam-miller-2013/,yes,"Samuel H. Miller is co-chairman emeritus of Forest City Enterprises, Inc. A key stakeholder since 1947, Miller has overseen various areas of Forest City.",Class of 2013 honoree connected to Jewish. Inducted by Dr. Andrew P. Roth.,"Contributions to business and entrepreneurship, education, and medicine and health within Jewish heritage communities and to Greater Cleveland's multicultural civic life.","Samuel H. Miller is co-chairman emeritus of Forest City Enterprises, Inc. A key stakeholder since 1947, Miller has overseen various areas of Forest City. He is particularly credited with spearheading the Company’s move into land development. Miller has served as treasurer since 1992. He was named chairman of the board in 1993, and was joined by Albert B. Ratner as co-chairman of the board in 1995.",yes,Jewish,First-pass nationality/heritage tags promoted from CIHOF profile text and class/source-page context. Source: https://clevelandinternationalhalloffame.com/sam-miller-2013/,"First-pass visitor copy generated from CIHOF official profile text on 2026-09-12.|Treat CIHOF profile text as the baseline source of truth for this pass.|Media rights, video captions/transcripts, and WRHS archival permissions remain separate review tracks."
donna-hom-2014,Donna Hom,2014,https://clevelandinternationalhalloffame.com/donna-hom-2014/,yes,"Donna was born in Guangdong province in southern China. She married her husband Willie Hom in 1960 and emigrated to the U.S. (settling in Youngstown, Ohio).",Class of 2014 honoree connected to Chinese. Inducted by George Hwang.,Contributions to business and entrepreneurship within Chinese heritage communities and to Greater Cleveland's multicultural civic life.,"Donna was born in Guangdong province in southern China. She married her husband Willie Hom in 1960 and emigrated to the U.S. (settling in Youngstown, Ohio). After arriving in the U.S., she had four sons and saw the need to earn more money to support her family. In the 1960s, she worked as a waitress at her mother-in-law’s Chinese restaurant (called Ding Ho) in Youngstown and at Perkins Pancake House in Austintown. As the economy in Youngstown deteriorated in the late 1960s, Willie and she realized that the family would need to move to a larger city in order to economically survive.",yes,Chinese,First-pass nationality/heritage tags promoted from CIHOF profile text and class/source-page context. Source: https://clevelandinternationalhalloffame.com/donna-hom-2014/,"First-pass visitor copy generated from CIHOF official profile text on 2026-09-12.|Treat CIHOF profile text as the baseline source of truth for this pass.|Media rights, video captions/transcripts, and WRHS archival permissions remain separate review tracks."
ernie-mihaly-2014,Ernie Mihaly,2014,https://clevelandinternationalhalloffame.com/ernie-mihaly-2014/,yes,Ernie Mihaly Ernest Mihaly was born in 1920 on East 122nd Street in the Buckeye Road neighborhood where he still lives. He was baptized at the First Hungarian Lutheran Church.,Class of 2014 honoree connected to Hungarian. Inducted by Richard Fleischman.,"Contributions to public safety and military, arts and culture, and education within Hungarian heritage communities and to Greater Cleveland's multicultural civic life.","Ernie Mihaly Ernest Mihaly was born in 1920 on East 122nd Street in the Buckeye Road neighborhood where he still lives. He was baptized at the First Hungarian Lutheran Church. He grew up in this same Hungarian neighborhood and attended Hungarian Language classes. His schools included Harvey Rice, Audubon Jr. He played the violin through his junior year in high school in the school Orchestra.",yes,Hungarian,First-pass nationality/heritage tags promoted from CIHOF profile text and class/source-page context. Source: https://clevelandinternationalhalloffame.com/ernie-mihaly-2014/,"First-pass visitor copy generated from CIHOF official profile text on 2026-09-12.|Treat CIHOF profile text as the baseline source of truth for this pass.|Media rights, video captions/transcripts, and WRHS archival permissions remain separate review tracks."
eugene-bak-2014,Eugene Bak,2014,https://clevelandinternationalhalloffame.com/eugene-bak-2014/,yes,"Eugene Bak Gene Bak was born in Poland. In February 1940 the Soviets deported his entire village, including his family to Siberia.",Class of 2014 honoree connected to Polish. Inducted by BenStefanski.,"Contributions to arts and culture, business and entrepreneurship, and immigrant advocacy within Polish heritage communities and to Greater Cleveland's multicultural civic life.","Eugene Bak Gene Bak was born in Poland. In February 1940 the Soviets deported his entire village, including his family to Siberia. His family escaped from Siberia in 1942 and went to Uzbekistan where his father joined the Polish Army in Exile. The army and their civilian families were evacuated from the Soviet Union to Iran in August 1942. As a young child Gene spent five years in Polish refugee camps in Iran, Pakistan, and India.",yes,Polish,First-pass nationality/heritage tags promoted from CIHOF profile text and class/source-page context. Source: https://clevelandinternationalhalloffame.com/eugene-bak-2014/,"First-pass visitor copy generated from CIHOF official profile text on 2026-09-12.|Treat CIHOF profile text as the baseline source of truth for this pass.|Media rights, video captions/transcripts, and WRHS archival permissions remain separate review tracks."
jim-foster-2014,Jim Foster,2014,https://clevelandinternationalhalloffame.com/jim-foster-2014/,yes,"Jim Foster James H. Foster joined The City Club of Cleveland in 1993, as Managing Director and was named Executive Director July 1, 1994. Mr. Foster significantly expanded programming initiatives and strengthened City Club television and radio broadcasts, both locally and nationally.",Class of 2014 honoree connected to City Club. Inducted by Dick Pogue.,"Contributions to education, media and storytelling, and arts and culture and to Greater Cleveland's multicultural civic life.","Jim Foster James H. Foster joined The City Club of Cleveland in 1993, as Managing Director and was named Executive Director July 1, 1994. Mr. Foster significantly expanded programming initiatives and strengthened City Club television and radio broadcasts, both locally and nationally. He strengthened funding to increase corporate support while maintaining a strong membership base. A number of new initiatives began under his leadership, most importantly expanding student-oriented programming to enable more high school students to attend Friday Forums and establishing The City Club Youth forum Series. A major accomplishment was a multi-million million dollar renovation of The City Club space that included state-of-the-art broadcast capabilities and equipment.",,,,"First-pass visitor copy generated from CIHOF official profile text on 2026-09-12.|Treat CIHOF profile text as the baseline source of truth for this pass.|Media rights, video captions/transcripts, and WRHS archival permissions remain separate review tracks."
joseph-p-meissner-2014,Joseph P Meissner,2014,https://clevelandinternationalhalloffame.com/joseph-p-meissner-2014,yes,Joseph P Meissner LTC Joseph Patrick Meissner first became interested in the military at the age of eleven when he followed the epic battle of Dien Bien Phu in the daily Plain Dealer accounts in 1954. In this lengthy battle a series of French strong points were slowly...,"Class of 2014 honoree connected to Irish, German, Vietnamese. Inducted by Jason Lin.","Contributions to law and justice, education, and arts and culture within Irish and German heritage communities and to Greater Cleveland's multicultural civic life.","Joseph P Meissner LTC Joseph Patrick Meissner first became interested in the military at the age of eleven when he followed the epic battle of Dien Bien Phu in the daily Plain Dealer accounts in 1954. In this lengthy battle a series of French strong points were slowly strangled by Communist Viet Minh soldiers led by General Giap and Ho Chi Minh. Even at this early time Meissner wanted to travel to Viet Nam. After graduating from St Ignatius High School in 1959, he enrolled in Xavier University in Cincinnati. This University had an ROTC program which was mandatory for all students in their first two years but voluntary in junior and senior years when a prospective cadet...",yes,Irish|German|Vietnamese,First-pass nationality/heritage tags promoted from CIHOF profile text and class/source-page context. Source: https://clevelandinternationalhalloffame.com/joseph-p-meissner-2014,"First-pass visitor copy generated from CIHOF official profile text on 2026-09-12.|Treat CIHOF profile text as the baseline source of truth for this pass.|Media rights, video captions/transcripts, and WRHS archival permissions remain separate review tracks."
margaret-callander-2014,Margaret Callander,2014,https://clevelandinternationalhalloffame.com/margaret-callander-2014,yes,"Margaret was born on July 28, 1932 in Cleveland to Scottish Emigrant parents from Glasgow, Scotland. She graduated from Shaw High School in 1950 as a member of the National Honor Society.",Class of 2014 honoree connected to Scottish. Inducted by Kona Gant.,Contributions to arts and culture and education within Scottish heritage communities and to Greater Cleveland's multicultural civic life.,"Margaret was born on July 28, 1932 in Cleveland to Scottish Emigrant parents from Glasgow, Scotland. She graduated from Shaw High School in 1950 as a member of the National Honor Society. Margaret began Highland Dancing at the age of 5 and began competing at the age of 12. She was inspired to dance by her father, Bob Callander, who was a bagpiper and Pipe Major of a band. After a successful competition career she began to teach Highland Dancing in 1950.",yes,Scottish,First-pass nationality/heritage tags promoted from CIHOF profile text and class/source-page context. Source: https://clevelandinternationalhalloffame.com/margaret-callander-2014,"First-pass visitor copy generated from CIHOF official profile text on 2026-09-12.|Treat CIHOF profile text as the baseline source of truth for this pass.|Media rights, video captions/transcripts, and WRHS archival permissions remain separate review tracks."
monte-ahuja-2014,Monte Ahuja,2014,https://clevelandinternationalhalloffame.com/monte-ahuja-2014/,yes,Monte Ahuja came to the U.S. in 1969 as a student at Ohio State University. He graduated with a Masters Degree in Mechanical Engineering in 1970.,Class of 2014 honoree connected to Indian. Inducted by Thomas Zenty.,"Contributions to education, business and entrepreneurship, and medicine and health within Indian heritage communities and to Greater Cleveland's multicultural civic life.","Monte Ahuja came to the U.S. in 1969 as a student at Ohio State University. He graduated with a Masters Degree in Mechanical Engineering in 1970. Ahuja moved to Cleveland in 1972 and while working full time earned an MBA Degree from Cleveland State University in 1975, graduating with honors (Beta Gamma Sigma). Immediately following his graduation from CSU In 1975, he launched a distribution company. Through internal growth and careful strategic planning, Monte Ahuja grew the company, Transtar Industries, into an international business, as the leading U.S. company in the distribution of automotive transmission replacement parts to the aftermarket.",yes,Indian,First-pass nationality/heritage tags promoted from CIHOF profile text and class/source-page context. Source: https://clevelandinternationalhalloffame.com/monte-ahuja-2014/,"First-pass visitor copy generated from CIHOF official profile text on 2026-09-12.|Treat CIHOF profile text as the baseline source of truth for this pass.|Media rights, video captions/transcripts, and WRHS archival permissions remain separate review tracks."
thomas-j-scanlon-2014,Thomas J. Scanlon,2014,https://clevelandinternationalhalloffame.com/thomas-j-scanlon-2014/,yes,"Thomas J. Scanlon received a Bachelor of Arts, Business Administration from John Carroll University in 1959. He then graduated from Cleveland State University – Cleveland Marshall College of Law – J.D., cum laude in 1963 and was a Member Board of Editors – Cleveland Marshall Law Review.",Class of 2014 honoree connected to Irish. Inducted by Sam Miller.,"Contributions to arts and culture, education, and law and justice within Irish heritage communities and to Greater Cleveland's multicultural civic life.","Thomas J. Scanlon received a Bachelor of Arts, Business Administration from John Carroll University in 1959. He then graduated from Cleveland State University – Cleveland Marshall College of Law – J.D., cum laude in 1963 and was a Member Board of Editors – Cleveland Marshall Law Review. He has engaged in the private practice of law in Northeastern Ohio since 1963. The primary focus of practice is providing legal services in connection with the development, ownership, operation and management of industrial, commercial and residential properties and the financing thereof. As part of his practice, both on a fee basis and on a pro bono basis, Tom has organized many non-profit organizations and foundations, and have served on many...",yes,Irish,First-pass nationality/heritage tags promoted from CIHOF profile text and class/source-page context. Source: https://clevelandinternationalhalloffame.com/thomas-j-scanlon-2014/,"First-pass visitor copy generated from CIHOF official profile text on 2026-09-12.|Treat CIHOF profile text as the baseline source of truth for this pass.|Media rights, video captions/transcripts, and WRHS archival permissions remain separate review tracks."
bishop-anthony-pilla-2015,Bishop Anthony Pilla,2015,https://clevelandinternationalhalloffame.com/bishop-anthony-pilla-2015/,yes,"Bishop Anthony Pilla Anthony Michael Pilla, the son of Italian immigrants, was born in Cleveland and was educated in public schools until high school that he began at Cathedral Latin and completed at St. Gregory Seminary in Cincinnati, Ohio. He continued in college until Borromeo College Seminary opened...",Class of 2015 honoree connected to Italian. Inducted by Sam Miller.,"Contributions to faith and service, education, and law and justice within Italian heritage communities and to Greater Cleveland's multicultural civic life.","Bishop Anthony Pilla Anthony Michael Pilla, the son of Italian immigrants, was born in Cleveland and was educated in public schools until high school that he began at Cathedral Latin and completed at St. Gregory Seminary in Cincinnati, Ohio. He continued in college until Borromeo College Seminary opened in Wickliffe, Ohio. His preparation was completed at Saint Mary Seminary, Cleveland, and he was ordained to the priesthood on May 23, 1959. His training also includes a Bachelor of Arts in Philosophy and a Master of Arts in History from John Carroll University, Cleveland. Bishop Pilla was Associate Pastor of St. Bartholomew Parish, Middleburg Heights, Ohio from 1959 to 1960 and then was assigned to the faculty of Borromeo...",yes,Italian,First-pass nationality/heritage tags promoted from CIHOF profile text and class/source-page context. Source: https://clevelandinternationalhalloffame.com/bishop-anthony-pilla-2015/,"First-pass visitor copy generated from CIHOF official profile text on 2026-09-12.|Treat CIHOF profile text as the baseline source of truth for this pass.|Media rights, video captions/transcripts, and WRHS archival permissions remain separate review tracks."
dick-pogue-2015,Dick Pogue,2015,https://clevelandinternationalhalloffame.com/richard-pogue-2015/,yes,"Dick Pogue Richard W. (“Dick”) Pogue is Senior Advisor (i.e., full-time independent consultant) at Jones Day in Cleveland, Ohio. A graduate of Cornell University (1950) and the University of Michigan Law School (1953), he served three years (1954-1957) in the Patents Division, Office of The Judge Advocate General...",Class of 2015 honoree connected to Jones Day. Inducted by Sanjiv Kapur.,"Contributions to education, law and justice, and diplomacy and global affairs and to Greater Cleveland's multicultural civic life.","Dick Pogue Richard W. (“Dick”) Pogue is Senior Advisor (i.e., full-time independent consultant) at Jones Day in Cleveland, Ohio. A graduate of Cornell University (1950) and the University of Michigan Law School (1953), he served three years (1954-1957) in the Patents Division, Office of The Judge Advocate General, United States Army, in the Pentagon, and left with the rank of Captain. He holds Honorary Doctorate degrees from the University of Akron and the Cleveland Institute of Music. In 1972 he served for six weeks in the White House as a consultant on antitrust policy. Mr. Pogue joined the law firm Jones, Day, Cockley & Reavis in Cleveland as an Associate in 1957, and became a Partner in 1961....",,,,"First-pass visitor copy generated from CIHOF official profile text on 2026-09-12.|Treat CIHOF profile text as the baseline source of truth for this pass.|Media rights, video captions/transcripts, and WRHS archival permissions remain separate review tracks."
dick-russ-2015,Dick Russ,2015,https://clevelandinternationalhalloffame.com/dick-russ-2015/,yes,"Dick Russ has been serving the people of Northeast Ohio for some 40 years, both as a professional journalist and as a leader in the community’s civic life. He is currently Vice President of North Coast Community Homes, a non-profit organization which develops and maintains housing for people...",Class of 2015 honoree connected to Slovenian. Inducted by Loree Vick.,"Contributions to media and storytelling, business and entrepreneurship, and arts and culture within Slovenian heritage communities and to Greater Cleveland's multicultural civic life.","Dick Russ has been serving the people of Northeast Ohio for some 40 years, both as a professional journalist and as a leader in the community’s civic life. He is currently Vice President of North Coast Community Homes, a non-profit organization which develops and maintains housing for people who have disabilities. Dick also serves as executive producer of Eastern Christian Media, a private not-for-profit multi-media company which he co-founded in Cleveland, and as a board member of St. Peter the Rock Media, a company bringing Catholic Radio to Cleveland. Prior to joining North Coast, Dick held a variety of leadership positions in broadcast journalism. Most recently he served 14 years as News Anchor and Managing Editor at Cleveland’s...",yes,Slovenian,First-pass nationality/heritage tags promoted from CIHOF profile text and class/source-page context. Source: https://clevelandinternationalhalloffame.com/dick-russ-2015/,"First-pass visitor copy generated from CIHOF official profile text on 2026-09-12.|Treat CIHOF profile text as the baseline source of truth for this pass.|Media rights, video captions/transcripts, and WRHS archival permissions remain separate review tracks."
honorable-jose-a-villanueva-2015,Honorable José A. Villanueva,2015,https://clevelandinternationalhalloffame.com/honorable-jose-a-villanueva-2015/,yes,"Honorable José A. Villanueva Judge Villanueva was born in Utuado, Puerto Rico. Judge José A.Villanueva has served in the General Division of the Cuyahoga County Court of Common Pleas since 1988.",Class of 2015 honoree connected to Puerto Rican. Inducted by José Feliciano.,"Contributions to law and justice, civic leadership, and education within Puerto Rican heritage communities and to Greater Cleveland's multicultural civic life.","Honorable José A. Villanueva Judge Villanueva was born in Utuado, Puerto Rico. Judge José A.Villanueva has served in the General Division of the Cuyahoga County Court of Common Pleas since 1988. His election marked the first time a member of the Hispanic Community achieved elective office in Cuyahoga County. He also became the first Hispanic elected county-wide in the state of Ohio. During his time on the bench, Judge Villanueva has earned a reputation as an industrious and fair judge. Maintaining a very active trial docket, Judge Villanueva has consistently placed near the top in total jury cases tried each year in any courtroom.",yes,Puerto Rican,First-pass nationality/heritage tags promoted from CIHOF profile text and class/source-page context. Source: https://clevelandinternationalhalloffame.com/honorable-jose-a-villanueva-2015/,"First-pass visitor copy generated from CIHOF official profile text on 2026-09-12.|Treat CIHOF profile text as the baseline source of truth for this pass.|Media rights, video captions/transcripts, and WRHS archival permissions remain separate review tracks."
richard-a-ganim-2015,Richard A. Ganim,2015,https://clevelandinternationalhalloffame.com/richard-ganim-2015/,yes,"Richard A. Ganim was born in Cleveland, Ohio in 1926, the second youngest of twelve children. His parents immigrated to this country from Lebanon in the early 1900’s.",Class of 2015 honoree connected to Lebanese. Inducted by Pierre Bejjani.,"Contributions to business and entrepreneurship, civic leadership, and faith and service within Lebanese heritage communities and to Greater Cleveland's multicultural civic life.","Richard A. Ganim was born in Cleveland, Ohio in 1926, the second youngest of twelve children. His parents immigrated to this country from Lebanon in the early 1900’s. Growing up, they were always proud of their heritage and along with other immigrant families formed Saint Maron Maronite Catholic Church, which to this day, still worships on Carnegie Avenue. He proudly served our country during World War II in the Army Airborne Division. Along with two of his brothers, they returned following the war to own and manage the operations of Ganim Brothers, a gas station, tire and body shop, and towing company.",yes,Lebanese,First-pass nationality/heritage tags promoted from CIHOF profile text and class/source-page context. Source: https://clevelandinternationalhalloffame.com/richard-ganim-2015/,"First-pass visitor copy generated from CIHOF official profile text on 2026-09-12.|Treat CIHOF profile text as the baseline source of truth for this pass.|Media rights, video captions/transcripts, and WRHS archival permissions remain separate review tracks."
shiv-k-aggarwal-2015,Shiv K. Aggarwal,2015,https://clevelandinternationalhalloffame.com/shiv-k-aggarwal-2015/,yes,"Shiv Aggarwal was born in India, received degrees of B.A (Hons) from University of Delhi and Master of Social Work from M.S. University of Baroda. He came to USA in 1956 for further studies, and received MBA from University of Missouri.",Class of 2015 honoree connected to Indian. Inducted by Michael Shreshta.,"Contributions to civic leadership, medicine and health, and community organizing within Indian heritage communities and to Greater Cleveland's multicultural civic life.","Shiv Aggarwal was born in India, received degrees of B.A (Hons) from University of Delhi and Master of Social Work from M.S. University of Baroda. He came to USA in 1956 for further studies, and received MBA from University of Missouri. He has spent about 60 years in Cleveland, OH as a Community Organizer and helped the communities in need such as Hungarian, Slovak, Italian, Slovenian, African, Appalachian & Indian Students. He organized Area Council to develop leadership among the residents so that they could solve their own neighborhood problems. During the 1956 Hungarian Uprising, there was an influx of immigrants.",yes,Indian,First-pass nationality/heritage tags promoted from CIHOF profile text and class/source-page context. Source: https://clevelandinternationalhalloffame.com/shiv-k-aggarwal-2015/,"First-pass visitor copy generated from CIHOF official profile text on 2026-09-12.|Treat CIHOF profile text as the baseline source of truth for this pass.|Media rights, video captions/transcripts, and WRHS archival permissions remain separate review tracks."
steve-mulloy-2015,Steve Mulloy,2015,https://clevelandinternationalhalloffame.com/steve-mulloy-2015/,yes,"Steve Mulloy When Stephen L. Mulloy arrived in Cleveland in May 1954 to start a new life thousands of miles from home, he was lucky enough to have three aunts and an uncle to welcome him to West Park. He also had a strong Irish community that helped...",Class of 2015 honoree connected to Irish. Inducted by Mayor Jane Campbell.,"Contributions to community organizing, civic leadership, and faith and service within Irish heritage communities and to Greater Cleveland's multicultural civic life.","Steve Mulloy When Stephen L. Mulloy arrived in Cleveland in May 1954 to start a new life thousands of miles from home, he was lucky enough to have three aunts and an uncle to welcome him to West Park. He also had a strong Irish community that helped him settle, get work and find his place in this city far different from the fishing villages of his native Achill Island, off the rugged coast of Ireland’s County Mayo. Steve would spend the rest of his life paying that hospitality forward to not only his fellow Irishmen and women, but to his entire adopted city as well. Steve spent 40 years as a member of Building Laborers Local #310...",yes,Irish,First-pass nationality/heritage tags promoted from CIHOF profile text and class/source-page context. Source: https://clevelandinternationalhalloffame.com/steve-mulloy-2015/,"First-pass visitor copy generated from CIHOF official profile text on 2026-09-12.|Treat CIHOF profile text as the baseline source of truth for this pass.|Media rights, video captions/transcripts, and WRHS archival permissions remain separate review tracks."
arnie-de-la-porte-2016-2016,Arnie de la Porte – 2016,2016,https://clevelandinternationalhalloffame.com/arnie-de-la-porte-2016/,yes,"Arnie de la Porte Arnie de la Porte Charles A. Andre de la Porte, or Arnie de la Porte as he is known, was born and raised in the Netherlands. He is a graduate of de Kweekschool voor de Zeevaart, the oldest Nautical Academy in Europe, and a...",Class of 2016 honoree connected to Dutch. Inducted by Peter de la Porte.,Contributions to business and entrepreneurship and diplomacy and global affairs within Dutch heritage communities and to Greater Cleveland's multicultural civic life.,"Arnie de la Porte Arnie de la Porte Charles A. Andre de la Porte, or Arnie de la Porte as he is known, was born and raised in the Netherlands. He is a graduate of de Kweekschool voor de Zeevaart, the oldest Nautical Academy in Europe, and a retired officer in the Royal Dutch Navy. After his nautical career he became very active in international business first in Shell and later as Sales Director for a B. Elliot and Co., a large European machine tool company, followed by General Manager of McCulloch of Europe and In 1981, he became Vice President International of Ridge Tool and located to Elyria, Ohio. Here he Co-founded Hexon inc. where he specialized...",yes,Dutch,First-pass nationality/heritage tags promoted from CIHOF profile text and class/source-page context. Source: https://clevelandinternationalhalloffame.com/arnie-de-la-porte-2016/,"First-pass visitor copy generated from CIHOF official profile text on 2026-09-12.|Treat CIHOF profile text as the baseline source of truth for this pass.|Media rights, video captions/transcripts, and WRHS archival permissions remain separate review tracks."
carolyn-balogh-2016-2016,Carolyn Balogh – 2016,2016,https://clevelandinternationalhalloffame.com/carolyn-balogh-2016/,yes,"Carolyn Balogh Carolyn Balogh Carolyn Balogh was born and raised in Cleveland, Ohio. She earned her B.S. in Education from Ohio University in Athens, Ohio. Following graduation, she taught in Cleveland, Ohio, Euclid, Ohio, and Oakland, California. When Carolyn’s husband established their business, Mar-Bal, Inc. in 1970, Carolyn...",Class of 2016 honoree connected to Hungarian. Inducted by Maria Pujana.,"Contributions to business and entrepreneurship, education, and arts and culture within Hungarian heritage communities and to Greater Cleveland's multicultural civic life.","Carolyn Balogh Carolyn Balogh Carolyn Balogh was born and raised in Cleveland, Ohio. She earned her B.S. in Education from Ohio University in Athens, Ohio. Following graduation, she taught in Cleveland, Ohio, Euclid, Ohio, and Oakland, California. When Carolyn’s husband established their business, Mar-Bal, Inc. in 1970, Carolyn assumed the role of Human Resource Manager and Chief Financial Officer. She currently manages their real estate company, Balogh Real Estate LLP. You will see Carolyn at all the events and programs for the Cleveland Hungarian community such as the Hungarian Cultural Garden of which she is president. She recently helped the Hungarian Garden celebrate its 75th anniversary.",yes,Hungarian,First-pass nationality/heritage tags promoted from CIHOF profile text and class/source-page context. Source: https://clevelandinternationalhalloffame.com/carolyn-balogh-2016/,"First-pass visitor copy generated from CIHOF official profile text on 2026-09-12.|Treat CIHOF profile text as the baseline source of truth for this pass.|Media rights, video captions/transcripts, and WRHS archival permissions remain separate review tracks."
eugenia-stolarczyk-2016-2016,Eugenia Stolarczyk – 2016,2016,https://clevelandinternationalhalloffame.com/eugenia-stolarczyk-2016/,yes,"Eugenia Stolarczyk Eugenia Stolarczyk Since her arrival in Cleveland, Eugenia Stolarczyk has been an active member of the Polish community. She married Jerzy Stolarczyk in 1957 and with a special love for Polish music and folklore, the ambitious and hardworking couple began their radio career in 1961.",Class of 2016 honoree connected to Polish. Inducted by Urszula Gacek Polish General Consul.,"Contributions to arts and culture, media and storytelling, and business and entrepreneurship within Polish heritage communities and to Greater Cleveland's multicultural civic life.","Eugenia Stolarczyk Eugenia Stolarczyk Since her arrival in Cleveland, Eugenia Stolarczyk has been an active member of the Polish community. She married Jerzy Stolarczyk in 1957 and with a special love for Polish music and folklore, the ambitious and hardworking couple began their radio career in 1961. During her broadcast career, Eugenia interviewed many outstanding Polish artists and scholars. Along with raising three daughters, Eugenia devoted herself nearly full-time to the popularization of Polish culture. She continues to do so today.",yes,Polish,First-pass nationality/heritage tags promoted from CIHOF profile text and class/source-page context. Source: https://clevelandinternationalhalloffame.com/eugenia-stolarczyk-2016/,"First-pass visitor copy generated from CIHOF official profile text on 2026-09-12.|Treat CIHOF profile text as the baseline source of truth for this pass.|Media rights, video captions/transcripts, and WRHS archival permissions remain separate review tracks."
jack-kahl-2016,Jack Kahl,2016,https://clevelandinternationalhalloffame.com/jack-kahl-2016/,yes,Jack Kahl has been recognized globally for his innovative approach to business. He was named one of “America’s Most Admired CEOs” by Industry Week magazine in 1993.,Class of 2016 honoree connected to Irish. Inducted by Dan Coughlin.,"Contributions to business and entrepreneurship, education, and arts and culture within Irish heritage communities and to Greater Cleveland's multicultural civic life.","Jack Kahl has been recognized globally for his innovative approach to business. He was named one of “America’s Most Admired CEOs” by Industry Week magazine in 1993. Magazine honored him as one of three CEOs in America to benchmark leadership practices, and Cleveland Magazine named him the “Best Boss in Town” in 1996 and 2000. Jack earned these accolades as an entrepreneur and the creator of Duck® Tape. He used servant leadership and a caring culture to grow his company, Manco, Inc. from a small industrial tape distributor into a leading global consumer products company.",yes,Irish,First-pass nationality/heritage tags promoted from CIHOF profile text and class/source-page context. Source: https://clevelandinternationalhalloffame.com/jack-kahl-2016/,"First-pass visitor copy generated from CIHOF official profile text on 2026-09-12.|Treat CIHOF profile text as the baseline source of truth for this pass.|Media rights, video captions/transcripts, and WRHS archival permissions remain separate review tracks."
khalid-samad-2016-2016,Khalid Samad – 2016,2016,https://clevelandinternationalhalloffame.com/khalid-samad-2016/,yes,El Hajj Amir Khalid A. Samad Khalid Samad El Hajj Amir Khalid A. Samad is an internationally known and recognized Community Activist and leader who formerly served as the Assistant to the Public Safety Director for the City of Cleveland for youth gang intervention (Jane Campbell administration). He...,Class of 2016 honoree connected to African-American. Inducted by Blaine Griffin.,"Contributions to business and entrepreneurship, civic leadership, and public safety and military within African-American heritage communities and to Greater Cleveland's multicultural civic life.","El Hajj Amir Khalid A. Samad Khalid Samad El Hajj Amir Khalid A. Samad is an internationally known and recognized Community Activist and leader who formerly served as the Assistant to the Public Safety Director for the City of Cleveland for youth gang intervention (Jane Campbell administration). He has also served as a Gang Prevention and Investigative Specialist for the Cleveland Board of Education Gang Task Force 1991-2000). In addition, he is Chief Executive Officer and Co-Founder of Coalition for A Better Life, dba Peace in the Hood, Inc., an organization dedicated to Peace, Justice and Empowerment and also serves as a spokesperson for the International (Formerly National) Council for Urban (Formations) Peace, Justice and Empowerment. As an...",yes,African-American,First-pass nationality/heritage tags promoted from CIHOF profile text and class/source-page context. Source: https://clevelandinternationalhalloffame.com/khalid-samad-2016/,"First-pass visitor copy generated from CIHOF official profile text on 2026-09-12.|Treat CIHOF profile text as the baseline source of truth for this pass.|Media rights, video captions/transcripts, and WRHS archival permissions remain separate review tracks."
mohan-bafna-2016,Mohan Bafna,2016,https://clevelandinternationalhalloffame.com/mohan-bafna-2016/,yes,"Mohan Bafna Opinion from Suresh Bafna My father, Dr. Mohan Bafna, comes from a very humble business family in a small village in the northwest desert province of India. He has always maintained a very simple and modest lifestyle.",Class of 2016 honoree connected to Indian. Inducted by Suresh Bafna.,"Contributions to medicine and health, business and entrepreneurship, and education within Indian heritage communities and to Greater Cleveland's multicultural civic life.","Mohan Bafna Opinion from Suresh Bafna My father, Dr. Mohan Bafna, comes from a very humble business family in a small village in the northwest desert province of India. He has always maintained a very simple and modest lifestyle. Even though he has lived in the U.S. for over 45 years, he has never forgotten his roots. He has visited India at least once a year since coming to the U.S. and also maintained all relations in India and all Indian customs, traditions, and language at his home.",yes,Indian,First-pass nationality/heritage tags promoted from CIHOF profile text and class/source-page context. Source: https://clevelandinternationalhalloffame.com/mohan-bafna-2016/,"First-pass visitor copy generated from CIHOF official profile text on 2026-09-12.|Treat CIHOF profile text as the baseline source of truth for this pass.|Media rights, video captions/transcripts, and WRHS archival permissions remain separate review tracks."
rev-mikhail-mikhail-2016,Rev. Mikhail Mikhail,2016,https://clevelandinternationalhalloffame.com/rev-mikhail-mikhail/,yes,"Rev. Mikhail Mikhail The Very Rev. Fr. Mikhail Edward Mikhail, D. Min. was born in Cairo, Egypt on August 2, 1949. From an early age, he was active in church life, and was fortunate to have several mentors who clearly influenced his life and guided him to a...",Class of 2016 honoree connected to Egyptian. Inducted by Mayor Richard Dell’Aquila.,"Contributions to education, faith and service, and law and justice within Egyptian heritage communities and to Greater Cleveland's multicultural civic life.","Rev. Mikhail Mikhail The Very Rev. Fr. Mikhail Edward Mikhail, D. Min. was born in Cairo, Egypt on August 2, 1949. From an early age, he was active in church life, and was fortunate to have several mentors who clearly influenced his life and guided him to a love for his church and its service. These mentors would all play a role in guiding him to enter the Coptic Orthodox Theological Seminary in Cairo where he would come under the patronage and guidance of his most influential mentor, H. H. Pope Shenouda III, who was Bishop of Christian Education and Dean of the Seminary. He excelled in his studies and in his ministry, building friendships with faculty and...",yes,Egyptian,First-pass nationality/heritage tags promoted from CIHOF profile text and class/source-page context. Source: https://clevelandinternationalhalloffame.com/rev-mikhail-mikhail/,"First-pass visitor copy generated from CIHOF official profile text on 2026-09-12.|Treat CIHOF profile text as the baseline source of truth for this pass.|Media rights, video captions/transcripts, and WRHS archival permissions remain separate review tracks."
basil-russo-2017,Basil Russo,2017,https://clevelandinternationalhalloffame.com/inductees-europe/basil-russo/,yes,"Basil Russo Basil M. Russo is the National President of the Order Italian Sons and Daughters of America (ISDA), having been first elected at the organizations biennial convention in Chicago in 2014. The ISDA is one of the largest Italian American organizations in the United States.",Class of 2017 honoree connected to Italian. Inducted by Gabriella and Joseph Rosalina.,"Contributions to law and justice, arts and culture, and business and entrepreneurship within Italian heritage communities and to Greater Cleveland's multicultural civic life.","Basil Russo Basil M. Russo is the National President of the Order Italian Sons and Daughters of America (ISDA), having been first elected at the organizations biennial convention in Chicago in 2014. The ISDA is one of the largest Italian American organizations in the United States. Under Basil’s leadership the ISDA’s new website and Facebook page have, in just 18 months, developed a following of 325,000 Italian Americans who look to the ISDA to remain connected to their heritage. The ISDA’s insurance and annuity company has also grown to be the largest Italian American fraternal insurance company in the U.S. with assets of over 100 million dollars. Basil has also initiated a new 32 page monthly newspaper, La...",yes,Italian,First-pass nationality/heritage tags promoted from CIHOF profile text and class/source-page context. Source: https://clevelandinternationalhalloffame.com/inductees-europe/basil-russo/,"First-pass visitor copy generated from CIHOF official profile text on 2026-09-12.|Treat CIHOF profile text as the baseline source of truth for this pass.|Media rights, video captions/transcripts, and WRHS archival permissions remain separate review tracks."
bill-miller-2017,Bill Miller,2017,https://clevelandinternationalhalloffame.com/inductees-europe/bill-miller/,yes,William (Bill) Miller Bill Miller Bill Miller You would be hard-pressed to find anybody in this world who was more fascinated by and curious about the people of Cleveland. And William F. Miller possessed a passion for telling their stories throughout his four-decade career as a reporter for...,Class of 2017 honoree connected to Slovenian. Inducted by August Pust.,"Contributions to arts and culture, education, and media and storytelling within Slovenian heritage communities and to Greater Cleveland's multicultural civic life.","William (Bill) Miller Bill Miller Bill Miller You would be hard-pressed to find anybody in this world who was more fascinated by and curious about the people of Cleveland. And William F. Miller possessed a passion for telling their stories throughout his four-decade career as a reporter for the Cleveland Plain Dealer. His most beloved assignment was the 15 years he spent as the newspaper’s Ethnic Scene columnist, a position that allowed him to focus his journalistic talents on delving deeply into the ethnic communities of Greater Cleveland. To understand William, know this: upon meeting somebody for the first time he would invariably ask, “What is your ethnic heritage?”. It was a bit forward, yes, but always asked...",yes,Slovenian,First-pass nationality/heritage tags promoted from CIHOF profile text and class/source-page context. Source: https://clevelandinternationalhalloffame.com/inductees-europe/bill-miller/,"First-pass visitor copy generated from CIHOF official profile text on 2026-09-12.|Treat CIHOF profile text as the baseline source of truth for this pass.|Media rights, video captions/transcripts, and WRHS archival permissions remain separate review tracks."
jim-craciun-2017,Jim Craciun,2017,https://clevelandinternationalhalloffame.com/jim-craciun/,yes,"Jim Craciun James M. (“Jim”) Craciun was born on August 31, 1951, and raised in Cleveland, Ohio. He graduated cum laude from St. Edward’s High School 1969. In 1973, he graduated from Cleveland State University with a Bachelor’s degree in business with a major in labor and industrial...",Class of 2017 honoree connected to Romanian. Inducted by Matt Zone.,"Contributions to business and entrepreneurship, civic leadership, and education within Romanian heritage communities and to Greater Cleveland's multicultural civic life.","Jim Craciun James M. (“Jim”) Craciun was born on August 31, 1951, and raised in Cleveland, Ohio. He graduated cum laude from St. Edward’s High School 1969. In 1973, he graduated from Cleveland State University with a Bachelor’s degree in business with a major in labor and industrial relations. In 1976, he became a licensed funeral director, and began working in his family’s business. Jim, with son Jonathan, brother Joseph and niece Alexandra manage, Craciun Berry and Corrigan Craciun Funeral Homes. Jim is a proud Romanian Italian American.",yes,Romanian,First-pass nationality/heritage tags promoted from CIHOF profile text and class/source-page context. Source: https://clevelandinternationalhalloffame.com/jim-craciun/,"First-pass visitor copy generated from CIHOF official profile text on 2026-09-12.|Treat CIHOF profile text as the baseline source of truth for this pass.|Media rights, video captions/transcripts, and WRHS archival permissions remain separate review tracks."
mona-alag-2017,Mona Alag,2017,https://clevelandinternationalhalloffame.com/mona-alag/,yes,"Mona Alag On a hot August night, the seventeenth day of August, in 1970, as the Air France airliner circled around the boroughs of New York, a sea of lights glittering and twinkling brought me to the magical land called America. I was going to be in the...",Class of 2017 honoree connected to Indian. Inducted by Sudarshan Sathe.,"Contributions to law and justice, business and entrepreneurship, and community organizing within Indian heritage communities and to Greater Cleveland's multicultural civic life.","Mona Alag On a hot August night, the seventeenth day of August, in 1970, as the Air France airliner circled around the boroughs of New York, a sea of lights glittering and twinkling brought me to the magical land called America. I was going to be in the land of Elvis Presley, Frank Sinatra and Dean Martin!! Of course I was going to meet them, but of course I was. And all the imported perfumes etc. were all waiting for me! Those were the thoughts foremost in my mind.",yes,Indian,First-pass nationality/heritage tags promoted from CIHOF profile text and class/source-page context. Source: https://clevelandinternationalhalloffame.com/mona-alag/,"First-pass visitor copy generated from CIHOF official profile text on 2026-09-12.|Treat CIHOF profile text as the baseline source of truth for this pass.|Media rights, video captions/transcripts, and WRHS archival permissions remain separate review tracks."
sam-kim-2017,Sam Kim,2017,https://clevelandinternationalhalloffame.com/sam-kim/,yes,"Sam Kim Seung K Kim was born October 30, 1947 in Kimhea, South Korea. As a young man, he served in the Vietnam War in 1969 and fought for the South Korean army as a proxy for the US military.",Class of 2017 honoree connected to Korean. Inducted by Ki Kim.,Contributions to business and entrepreneurship and public safety and military within Korean heritage communities and to Greater Cleveland's multicultural civic life.,"Sam Kim Seung K Kim was born October 30, 1947 in Kimhea, South Korea. As a young man, he served in the Vietnam War in 1969 and fought for the South Korean army as a proxy for the US military. After completing his tour of duty he returned home to marry his wife Daenam and start a family. In the 1970’s, Mr. Kim and his family received an opportunity to immigrate to the United State to pursue the American Dream. After residing in New Jersey for a short while, together with his wife, young son and daughter they settled in the small town of Warren, Pennsylvania.",yes,Korean,First-pass nationality/heritage tags promoted from CIHOF profile text and class/source-page context. Source: https://clevelandinternationalhalloffame.com/sam-kim/,"First-pass visitor copy generated from CIHOF official profile text on 2026-09-12.|Treat CIHOF profile text as the baseline source of truth for this pass.|Media rights, video captions/transcripts, and WRHS archival permissions remain separate review tracks."
wael-khoury-2017,Wael Khoury,2017,https://clevelandinternationalhalloffame.com/wael-khoury/,yes,"Wael Khoury,M.D. Wael Khoury,M.D. Wael Khoury,M.D. Wael Khoury,M.D., is the Head of Cardiology at Marymount Hospital. His impressive Curriculum Vitae follows.",Class of 2017 honoree connected to Syrian. Inducted by Dr. Nizar Zein.,"Contributions to education, medicine and health, and diplomacy and global affairs within Syrian heritage communities and to Greater Cleveland's multicultural civic life.","Wael Khoury,M.D. Wael Khoury,M.D. Wael Khoury,M.D. Wael Khoury,M.D., is the Head of Cardiology at Marymount Hospital. His impressive Curriculum Vitae follows. Education: Medical School: University of Damascus, 1975 Internal medicine Residency, Huron and St. Luke’s Hospitals, Cleveland Ohio, 1976-1979 Cardiology fellowship, Case Western Reserve University Hospitals, Cleveland, Ohio. 1979-1981 Board Certified in Internal Medicine and Cardiology, 1982 Fellow, American College of Cardiology, 1982- Present Academic – Professional Positions: Cleveland Clinic Cardiology Staff, 2013-Present Consultant Faculty, Cleveland Clinic, 2000- 2013 President, Cardiology Associates of Cleveland, 1981-2013 Head of Cardiology, Marymount Hospital, Cleveland Ohio, 1982- Present Director of Cath Lab and CHF Clinic, Marymount Hospital, 1990- Present Marymount Hospital, Chief of Staff 1993-95, V.P. of Medical Affairs 1995-2001 Member, MEC...",yes,Syrian,First-pass nationality/heritage tags promoted from CIHOF profile text and class/source-page context. Source: https://clevelandinternationalhalloffame.com/wael-khoury/,"First-pass visitor copy generated from CIHOF official profile text on 2026-09-12.|Treat CIHOF profile text as the baseline source of truth for this pass.|Media rights, video captions/transcripts, and WRHS archival permissions remain separate review tracks."
abby-mina-2018,Abby Mina,2018,https://clevelandinternationalhalloffame.com/inductees-asia/abby-mina/,yes,Abdullah (Abby) Mina Abdullah (Abby) Mina Mr. Abdullah Mina is of great service to the Arab American Community in Cleveland in many ways. He was the longest serving president of the 45 year old Cleveland American Middle East organization (CAMEO).,Class of 2018 honoree connected to Lebanese. Inducted by Pierre Bejjani.,"Contributions to business and entrepreneurship, community organizing, and education within Lebanese heritage communities and to Greater Cleveland's multicultural civic life.","Abdullah (Abby) Mina Abdullah (Abby) Mina Mr. Abdullah Mina is of great service to the Arab American Community in Cleveland in many ways. He was the longest serving president of the 45 year old Cleveland American Middle East organization (CAMEO). After retiring from the presidency several years ago, he continues to serve as a member of its board of trustees. Mr. Mina served on several boards such as the International Services Center at the Arab American Center for economic and social services in Ohio (ACCESS). Currently he served as a president of the Advisory Council of Saint Elias Melkite Greek Catholic Church in Cleveland.",yes,Lebanese,First-pass nationality/heritage tags promoted from CIHOF profile text and class/source-page context. Source: https://clevelandinternationalhalloffame.com/inductees-asia/abby-mina/,"First-pass visitor copy generated from CIHOF official profile text on 2026-09-12.|Treat CIHOF profile text as the baseline source of truth for this pass.|Media rights, video captions/transcripts, and WRHS archival permissions remain separate review tracks."
atul-mehta-2018,Atul Mehta,2018,https://clevelandinternationalhalloffame.com/inductees-asia/atul-mehta/,yes,"Dr. Atul C. Mehta, M.D. Dr. Atul C. Mehta, M.D Dr. Atul C. Mehta is a world-renowned pulmonary clinician and academic authority/teacher with a strong track record of hospital administrative and medical staff leadership over a 37-year career with Cleveland Clinic in the U.S. and abroad. He has...",Class of 2018 honoree connected to Indian. Inducted by Richard Buoncore.,"Contributions to medicine and health, education, and community organizing within Indian heritage communities and to Greater Cleveland's multicultural civic life.","Dr. Atul C. Mehta, M.D. Dr. Atul C. Mehta, M.D Dr. Atul C. Mehta is a world-renowned pulmonary clinician and academic authority/teacher with a strong track record of hospital administrative and medical staff leadership over a 37-year career with Cleveland Clinic in the U.S. and abroad. He has been a dedicated citizen and community builder for over 36 years. As a physician and as a teacher he has trained, guided and/or assisted over 200 international medical personnel to get established in their career. Dr. Mehta has been a liaison between the international patients requiring specialized medical care and the lung transplant and tertiary medical center in the USA. He has served the Cleveland-Indian community in their medical needs...",yes,Indian,First-pass nationality/heritage tags promoted from CIHOF profile text and class/source-page context. Source: https://clevelandinternationalhalloffame.com/inductees-asia/atul-mehta/,"First-pass visitor copy generated from CIHOF official profile text on 2026-09-12.|Treat CIHOF profile text as the baseline source of truth for this pass.|Media rights, video captions/transcripts, and WRHS archival permissions remain separate review tracks."
ralph-perk-jr-2018,Ralph Perk Jr.,2018,https://clevelandinternationalhalloffame.com/inductees-europe/ralph-perk-jr/,yes,"Ralph Perk, Jr was born during World War II in Cleveland, Ohio as the eldest son to Lucy (Gagliardi) and Mayor Emeritus Ralph Perk. He has 5 brothers and one sister.","Class of 2018 honoree connected to Czech, Italian. Inducted by Mary Rose Oakar.","Contributions to civic leadership, education, and law and justice within Czech and Italian heritage communities and to Greater Cleveland's multicultural civic life.","Ralph Perk, Jr was born during World War II in Cleveland, Ohio as the eldest son to Lucy (Gagliardi) and Mayor Emeritus Ralph Perk. He has 5 brothers and one sister. He is married to Kelli, an assistant county prosecutor and has 4 children his daughter Vicky who is married to David Wells and they have two children, Ryan and Allison, and her children, David, Danielle (Chris) and their daughter Milena, and Daniel (Nicole). Mr. Perk attended Our Lady of Lourdes Grade school and High School and graduated in 1963. He went on to graduate from Ohio State University with a BS in Business Administration in 1968.",yes,Czech|Italian,First-pass nationality/heritage tags promoted from CIHOF profile text and class/source-page context. Source: https://clevelandinternationalhalloffame.com/inductees-europe/ralph-perk-jr/,"First-pass visitor copy generated from CIHOF official profile text on 2026-09-12.|Treat CIHOF profile text as the baseline source of truth for this pass.|Media rights, video captions/transcripts, and WRHS archival permissions remain separate review tracks."
ray-pianka-2018,Ray Pianka,2018,https://clevelandinternationalhalloffame.com/inductees-europe/ray-pianka/,yes,"Judge Ray Pianka Judge Ray Pianka “Dla chcacego nic trudnego” is Polish for “Where there’s a will, there’s a way”. Judge Raymond L. Pianka often quoted this Polish phrase when explaining how he was able to accomplish so much for the people of his Cleveland neighborhood, other city...",Class of 2018 honoree connected to Polish. Inducted by Anthony Brancatelli.,"Contributions to civic leadership, law and justice, and education within Polish heritage communities and to Greater Cleveland's multicultural civic life.","Judge Ray Pianka Judge Ray Pianka “Dla chcacego nic trudnego” is Polish for “Where there’s a will, there’s a way”. Judge Raymond L. Pianka often quoted this Polish phrase when explaining how he was able to accomplish so much for the people of his Cleveland neighborhood, other city neighborhoods, as well as his city. Ray Pianka was always about public service. The author Alex Kotlowitz described him as “humble, a student of history, courageous, empathetic, filled with a (sometimes corny) sense of humor and directed by the belief that life ought to be fair.” As a young man, Ray Pianka organized residents on West Clinton Avenue, his street on the west side of Cleveland, to get trees planted...",yes,Polish,First-pass nationality/heritage tags promoted from CIHOF profile text and class/source-page context. Source: https://clevelandinternationalhalloffame.com/inductees-europe/ray-pianka/,"First-pass visitor copy generated from CIHOF official profile text on 2026-09-12.|Treat CIHOF profile text as the baseline source of truth for this pass.|Media rights, video captions/transcripts, and WRHS archival permissions remain separate review tracks."
sheila-murphy-crawford-2018,Sheila Murphy Crawford,2018,https://clevelandinternationalhalloffame.com/inductees-europe/sheila-murphy-crawford/,yes,"Sheila Murphy was born to Ollie and Betty Murphy in Cleveland, Ohio. She was the youngest of four children including her brother, Ollie, and her two sisters, Joan and Maureen. With grandparents from County Cork and West Meath, she grew up in a loving Irish-American family where the...",Class of 2018 honoree connected to Irish. Inducted by Gerry Quinn.,"Contributions to arts and culture, education, and faith and service within Irish heritage communities and to Greater Cleveland's multicultural civic life.","Sheila Murphy was born to Ollie and Betty Murphy in Cleveland, Ohio. She was the youngest of four children including her brother, Ollie, and her two sisters, Joan and Maureen. With grandparents from County Cork and West Meath, she grew up in a loving Irish-American family where the importance of service to others was stressed. Christ the King was the family parish and grade school on the east side, then she attended Regina High School, the University of Dayton (B.S. degree in Education) and Cleveland State University for a Master’s degree in English. She married her best friend, Bob Crawford in 1981; after 36 years of marriage, they are still best friends. Sheila taught English at Brush High...",yes,Irish,First-pass nationality/heritage tags promoted from CIHOF profile text and class/source-page context. Source: https://clevelandinternationalhalloffame.com/inductees-europe/sheila-murphy-crawford/,"First-pass visitor copy generated from CIHOF official profile text on 2026-09-12.|Treat CIHOF profile text as the baseline source of truth for this pass.|Media rights, video captions/transcripts, and WRHS archival permissions remain separate review tracks."
sister-alicia-alvarado-2018,Sister Alicia Alvarado,2018,https://clevelandinternationalhalloffame.com/inductees-south-america/sister-alicia-alvarado/,yes,"Sister Alicia Alvarado, OP Sister Alicia Alvarado, OP Sister Alicia Alvarado was born in Villalba, Puerto Rico on December 31, 1948, the second child of Felipe J. Alvarado and Rosa Maria Rodriquez Alvarado. She immigrated to the United States of America as a 6 year old child with...",Class of 2018 honoree connected to Puerto Rican. Inducted by Jose Feliciano.,"Contributions to business and entrepreneurship, faith and service, and education within Puerto Rican heritage communities and to Greater Cleveland's multicultural civic life.","Sister Alicia Alvarado, OP Sister Alicia Alvarado, OP Sister Alicia Alvarado was born in Villalba, Puerto Rico on December 31, 1948, the second child of Felipe J. Alvarado and Rosa Maria Rodriquez Alvarado. She immigrated to the United States of America as a 6 year old child with her older sister Carmen and her sister Lourdes. Her educational background consists of attending a public school, St. Wendelin & St. Patrick’s Catholic grade schools, St. Stephen High School, Tri-C Community College, where futures begin;Cleveland State University with a BA in Spanish Secondary Education; MSSA in Social Work from Case Western Reserve University; BA in Journalism and Mass Communications from Kent State University. Sister Alicia entered the Sisters of St....",yes,Puerto Rican,First-pass nationality/heritage tags promoted from CIHOF profile text and class/source-page context. Source: https://clevelandinternationalhalloffame.com/inductees-south-america/sister-alicia-alvarado/,"First-pass visitor copy generated from CIHOF official profile text on 2026-09-12.|Treat CIHOF profile text as the baseline source of truth for this pass.|Media rights, video captions/transcripts, and WRHS archival permissions remain separate review tracks."
akram-boutros-2019,Akram Boutros,2019,https://clevelandinternationalhalloffame.com/akram-boutros/,yes,"Akram Boutros, MD, FACHE Akram Boutros Akram Boutros, MD, FACHE In his five years as the President and CEO of MetroHealth, the public health system in Cleveland, Akram Boutros, MD, FACHE, has galvanized political leaders, entrepreneurs and the public around supporting community-wide health care many had taken for...",Class of 2019 honoree connected to Egyptian. Inducted by Armond Budish.,"Contributions to medicine and health, business and entrepreneurship, and education within Egyptian heritage communities and to Greater Cleveland's multicultural civic life.","Akram Boutros, MD, FACHE Akram Boutros Akram Boutros, MD, FACHE In his five years as the President and CEO of MetroHealth, the public health system in Cleveland, Akram Boutros, MD, FACHE, has galvanized political leaders, entrepreneurs and the public around supporting community-wide health care many had taken for granted. With his unwavering commitment to delivering high-quality health care to everyone in Cuyahoga County, Akram Boutros has achieved what many thought was impossible. Under his leadership, The MetroHealth System went to market on its own credit in 2017 and sold $946 million in bonds to rebuild its hospital, revitalize its main campus and resurrect its West Side neighborhood. That is just one piece of the unprecedented transformation of Cuyahoga...",yes,Egyptian,First-pass nationality/heritage tags promoted from CIHOF profile text and class/source-page context. Source: https://clevelandinternationalhalloffame.com/akram-boutros/,"First-pass visitor copy generated from CIHOF official profile text on 2026-09-12.|Treat CIHOF profile text as the baseline source of truth for this pass.|Media rights, video captions/transcripts, and WRHS archival permissions remain separate review tracks."
ingrida-bublys-2019,Ingrida Bublys,2019,https://clevelandinternationalhalloffame.com/ingrida-bublys/,yes,"Ingrida Bublys, President of IB International Inc., shares 30 years in business development and company representation between the Baltic States and the US and lately has expanded business development to other surrounding countries. IBInternational represents a number of US companies in various industry sectors, while also representing and...",Class of 2019 honoree connected to Lithuanian. Inducted by Alex Machaskee.,"Contributions to business and entrepreneurship, community organizing, and diplomacy and global affairs within Lithuanian heritage communities and to Greater Cleveland's multicultural civic life.","Ingrida Bublys, President of IB International Inc., shares 30 years in business development and company representation between the Baltic States and the US and lately has expanded business development to other surrounding countries. IBInternational represents a number of US companies in various industry sectors, while also representing and opening doors for a diverse range of Lithuanian companies in the US. Secured and established contacts for trade development for various Baltic companies, as well as US companies; has developed a strong network across diverse commercial and government interests. Organized the World Lithuanian Economic Conference in Chicago. Instrumental assisting Akron with Technology Bridge.",yes,Lithuanian,First-pass nationality/heritage tags promoted from CIHOF profile text and class/source-page context. Source: https://clevelandinternationalhalloffame.com/ingrida-bublys/,"First-pass visitor copy generated from CIHOF official profile text on 2026-09-12.|Treat CIHOF profile text as the baseline source of truth for this pass.|Media rights, video captions/transcripts, and WRHS archival permissions remain separate review tracks."
marilyn-madigan-2019,Marilyn Madigan,2019,https://clevelandinternationalhalloffame.com/marilyn-madigan/,yes,Marilyn Madigan is the daughter of the late Jack and Catherine Finn Madigan. She is a lifelong resident of the West Park area of Cleveland.,Class of 2019 honoree connected to Irish. Inducted by John O'Brien Jr..,"Contributions to arts and culture, medicine and health, and education within Irish heritage communities and to Greater Cleveland's multicultural civic life.","Marilyn Madigan is the daughter of the late Jack and Catherine Finn Madigan. She is a lifelong resident of the West Park area of Cleveland. She attended St. Patrick West Park Grade School and is an Alumni of St. Joseph Academy. She is a Parishioner of St. Patrick West Park. As a youth, she was a participate and a coach in the Parish’s Catholic Youth Organization.",yes,Irish,First-pass nationality/heritage tags promoted from CIHOF profile text and class/source-page context. Source: https://clevelandinternationalhalloffame.com/marilyn-madigan/,"First-pass visitor copy generated from CIHOF official profile text on 2026-09-12.|Treat CIHOF profile text as the baseline source of truth for this pass.|Media rights, video captions/transcripts, and WRHS archival permissions remain separate review tracks."
paul-burik-2019,Paul Burik,2019,https://clevelandinternationalhalloffame.com/paul-burik/,yes,"Paul Burik was born in the city of Budvar – yes, the namesake of Budweiser Beer, in what is now the Czech Republic. He escaped with his father from Czechoslovakia in 1968 after the Soviet invasion.","Class of 2019 honoree connected to Czech, Carpatho-Rusyn. Inducted by Chris Ronayne.",Contributions to arts and culture and civic leadership within Czech and Carpatho-Rusyn heritage communities and to Greater Cleveland's multicultural civic life.,"Paul Burik was born in the city of Budvar – yes, the namesake of Budweiser Beer, in what is now the Czech Republic. He escaped with his father from Czechoslovakia in 1968 after the Soviet invasion. Mr. Burik attended Kent State University where he received a degree in architecture. Paul spent much of his professional career working for the City of Cleveland as Chief Architect. There, he also served on the Landmark’s Commission and the Streetscape Committee.",yes,Czech|Carpatho-Rusyn,First-pass nationality/heritage tags promoted from CIHOF profile text and class/source-page context. Source: https://clevelandinternationalhalloffame.com/paul-burik/,"First-pass visitor copy generated from CIHOF official profile text on 2026-09-12.|Treat CIHOF profile text as the baseline source of truth for this pass.|Media rights, video captions/transcripts, and WRHS archival permissions remain separate review tracks."
richard-fleischman-2019,Richard Fleischman,2019,https://clevelandinternationalhalloffame.com/richard-fleischman/,yes,"Richard Fleischman Born in Cleveland in 1928, Richard Fleischman was encouraged to study architecture at a young age by an uncle who noticed his avid interest in drawing and building models. During his senior year at East Tech High School, Fleischman won an academic scholarship to Carnegie Tech...",Class of 2019 honoree connected to Hungarian. Inducted by Ernie Mihaly.,Contributions to education within Hungarian heritage communities and to Greater Cleveland's multicultural civic life.,"Richard Fleischman Born in Cleveland in 1928, Richard Fleischman was encouraged to study architecture at a young age by an uncle who noticed his avid interest in drawing and building models. During his senior year at East Tech High School, Fleischman won an academic scholarship to Carnegie Tech (now part of Carnegie-Mellon University). After graduating, he earned his master’s degree at Columbia University, where his education included a one-year fellowship visiting and studying iconic sites in Italy, Spain, Greece, Germany and Scandinavia. There he conceived his philosophy of architecture as “sculpted space.” Fleischman has completed more than 480 projects and won over 120 awards. He was elected to the College of Fellows of the American Institute of Architects...",yes,Hungarian,First-pass nationality/heritage tags promoted from CIHOF profile text and class/source-page context. Source: https://clevelandinternationalhalloffame.com/richard-fleischman/,"First-pass visitor copy generated from CIHOF official profile text on 2026-09-12.|Treat CIHOF profile text as the baseline source of truth for this pass.|Media rights, video captions/transcripts, and WRHS archival permissions remain separate review tracks."
sree-sreenath-2019,Sree Sreenath,2019,https://clevelandinternationalhalloffame.com/sree-sreenath/,yes,"Sree N. Sreenath, Ph.D., MNO Sree N. Sreenath, Ph.D., MNO Sree N. Sreenath, Ph.D., MNO, is a tenured full professor in the Electrical Engineering and Computer Science Department at Case Western Reserve University, Cleveland, Ohio. He is the Director of Case GEMNI (Graduate Engineering & Management National and...",Class of 2019 honoree connected to Indian. Inducted by Ramesh Shah.,"Contributions to education, community organizing, and science and technology within Indian heritage communities and to Greater Cleveland's multicultural civic life.","Sree N. Sreenath, Ph.D., MNO Sree N. Sreenath, Ph.D., MNO Sree N. Sreenath, Ph.D., MNO, is a tenured full professor in the Electrical Engineering and Computer Science Department at Case Western Reserve University, Cleveland, Ohio. He is the Director of Case GEMNI (Graduate Engineering & Management National and International) Program. His research and educational interests are in complexity, with applications in Systems Biology (leukemia, prostate cancer and hydrocephalus), Global Issues, and, Sustainable Development. He served the Co-Director of UNESCO GENIe Program – an international network of educational institutions (1996-2006), and as the Director of the Complex Systems Biology Center (2007-2016) at Case. He consults with many developing countries on issues of water, energy, and policy development. He has...",yes,Indian,First-pass nationality/heritage tags promoted from CIHOF profile text and class/source-page context. Source: https://clevelandinternationalhalloffame.com/sree-sreenath/,"First-pass visitor copy generated from CIHOF official profile text on 2026-09-12.|Treat CIHOF profile text as the baseline source of truth for this pass.|Media rights, video captions/transcripts, and WRHS archival permissions remain separate review tracks."
berj-shakarian-2020,Berj Shakarian,2020,https://clevelandinternationalhalloffame.com/berj-shakarian/,yes,"Berj A. Shakarian, Architect Berj A. Shakarian, Architect As a young man, Berj A. Shakarian arrived in the United States in 1961. He came with his parents from an Armenian community in Bucharest, Romania.",Class of 2020 honoree connected to Armenian. Inducted by Paul Burik.,Contributions to education and civic leadership within Armenian heritage communities and to Greater Cleveland's multicultural civic life.,"Berj A. Shakarian, Architect Berj A. Shakarian, Architect As a young man, Berj A. Shakarian arrived in the United States in 1961. He came with his parents from an Armenian community in Bucharest, Romania. Berj completed his high school education at the former West High School in Cleveland, and earned a scholarship to the Adelbert College of Western Reserve School of Architecture (currently Case Western Reserve University). Following graduation, Berj worked as a designer in the City of Cleveland’s Division of Design and Construction. In 1975 he opened his own architectural office, and was offered a commission to do the Restoration of Lakeside Court House.",yes,Armenian,First-pass nationality/heritage tags promoted from CIHOF profile text and class/source-page context. Source: https://clevelandinternationalhalloffame.com/berj-shakarian/,"First-pass visitor copy generated from CIHOF official profile text on 2026-09-12.|Treat CIHOF profile text as the baseline source of truth for this pass.|Media rights, video captions/transcripts, and WRHS archival permissions remain separate review tracks."
joe-valencic-2020,Joe Valencic,2020,https://clevelandinternationalhalloffame.com/joe-valencic/,yes,Joe Valencic Joseph Valencic is a dynamic and creative presence within Cleveland’s Slovenian-American scene. His enthusiasm for all things Slovenian inspires others to discover and celebrate the uniqueness of their own cultures.,Class of 2020 honoree connected to Slovenian. Inducted by Mike Polensek.,"Contributions to arts and culture, business and entrepreneurship, and education within Slovenian heritage communities and to Greater Cleveland's multicultural civic life.","Joe Valencic Joseph Valencic is a dynamic and creative presence within Cleveland’s Slovenian-American scene. His enthusiasm for all things Slovenian inspires others to discover and celebrate the uniqueness of their own cultures. Joe sees the commonalities and synergies between Slovenian organizations in Cleveland, across the United States, and in Slovenia. He engages groups to build upon their strengths, attract volunteers, and develop programs and exchanges for mutual benefit. He believes culture, especially music, can build bridges between people of all backgrounds.",yes,Slovenian,First-pass nationality/heritage tags promoted from CIHOF profile text and class/source-page context. Source: https://clevelandinternationalhalloffame.com/joe-valencic/,"First-pass visitor copy generated from CIHOF official profile text on 2026-09-12.|Treat CIHOF profile text as the baseline source of truth for this pass.|Media rights, video captions/transcripts, and WRHS archival permissions remain separate review tracks."
margaret-lynch-2020,Margaret Lynch,2020,https://clevelandinternationalhalloffame.com/margaret-lynch/,yes,Margaret Lynch has served as Executive Director of the Irish American Archives Society since 2008. She had been a founding Board member of the Society since its inception in 1994.,Class of 2020 honoree connected to Irish. Inducted by Gerry Quinn.,"Contributions to arts and culture, education, and immigrant advocacy within Irish heritage communities and to Greater Cleveland's multicultural civic life.","Margaret Lynch has served as Executive Director of the Irish American Archives Society since 2008. She had been a founding Board member of the Society since its inception in 1994. As Executive Director, she researches, develops, and presents talks, displays, walking tours, and other programming related to the history of the Irish in Cleveland. She helped to spearhead the commissioning of a sculpture in Cleveland by noted Irish artist Rowan Gillespie. Titled “Fighting Heart,” the sculpture group commemorates world champion boxer Johnny Kilbane, a Cleveland son of Achill Island immigrants.",yes,Irish,First-pass nationality/heritage tags promoted from CIHOF profile text and class/source-page context. Source: https://clevelandinternationalhalloffame.com/margaret-lynch/,"First-pass visitor copy generated from CIHOF official profile text on 2026-09-12.|Treat CIHOF profile text as the baseline source of truth for this pass.|Media rights, video captions/transcripts, and WRHS archival permissions remain separate review tracks."
may-chen-2020,May Chen,2020,https://clevelandinternationalhalloffame.com/may-chen/,yes,"May J. Chen May Chen May J. Chen, is co-founder and executive director emeritus of Asian Services in Action, Inc., whose mission is to empower and advocate for Asian Americans/Pacific Islanders(AAPIs); and to provide AAPIs access to quality, culturally, and linguistically appropriate information and services, has changed the...",Class of 2020 honoree connected to Chinese. Inducted by Margaret Wong.,Contributions to community organizing and business and entrepreneurship within Chinese heritage communities and to Greater Cleveland's multicultural civic life.,"May J. Chen May Chen May J. Chen, is co-founder and executive director emeritus of Asian Services in Action, Inc., whose mission is to empower and advocate for Asian Americans/Pacific Islanders(AAPIs); and to provide AAPIs access to quality, culturally, and linguistically appropriate information and services, has changed the lives of thousands in the Asian American Pacific Islander community, and others, through her advocacy for parity in social, health, and educational services as well as community advancement; and Mrs. Chen, a native of Hong Kong, China, has spent her professional life creating opportunities out of obstacles, educating mainstream providers and funders and mobilizing Asian Pacific Islander communities building their capacity in Akron and the Greater Cleveland area, developing and...",yes,Chinese,First-pass nationality/heritage tags promoted from CIHOF profile text and class/source-page context. Source: https://clevelandinternationalhalloffame.com/may-chen/,"First-pass visitor copy generated from CIHOF official profile text on 2026-09-12.|Treat CIHOF profile text as the baseline source of truth for this pass.|Media rights, video captions/transcripts, and WRHS archival permissions remain separate review tracks."
ramesh-shah-2020,Ramesh Shah,2020,https://clevelandinternationalhalloffame.com/ramesh-shah/,yes,"Ramesh Shah’s humanitarian work in health and education illustrates what happens when someone is passionate and ever-focused on lifting others up. Over the past 20 years, he has organized teams of physicians and volunteers for medical missions in underdeveloped countries around the world.",Class of 2020 honoree connected to Indian. Inducted by Sudarshan Sathe.,"Contributions to business and entrepreneurship, education, and community organizing within Indian heritage communities and to Greater Cleveland's multicultural civic life.","Ramesh Shah’s humanitarian work in health and education illustrates what happens when someone is passionate and ever-focused on lifting others up. Over the past 20 years, he has organized teams of physicians and volunteers for medical missions in underdeveloped countries around the world. His project is known as Medical YATRA (Pilgrimage).- AIPNO. These trips have served people in need in Haiti, the Dominican Republic, Honduras, Mexico, Ecuador, Guyana, Uganda, Kenya, Burundi and India. The goal of each trip has been to address suffering by increasing access to medical care, education, and equipment.",yes,Indian,First-pass nationality/heritage tags promoted from CIHOF profile text and class/source-page context. Source: https://clevelandinternationalhalloffame.com/ramesh-shah/,"First-pass visitor copy generated from CIHOF official profile text on 2026-09-12.|Treat CIHOF profile text as the baseline source of truth for this pass.|Media rights, video captions/transcripts, and WRHS archival permissions remain separate review tracks."
valarie-mccall-2020,Valarie McCall,2020,https://clevelandinternationalhalloffame.com/valarie-mccall/,yes,Valarie J. McCall Valarie J. McCall Valarie J. McCall learned to meet leadership demands at an early age. Her first job at a McDonald’s restaurant – and a commute completely reliant on public transportation – began to open her eyes to the injustices and areas for opportunity in...,Class of 2020 honoree connected to African-American. Inducted by Albert Ratner.,"Contributions to civic leadership, business and entrepreneurship, and community organizing within African-American heritage communities and to Greater Cleveland's multicultural civic life.","Valarie J. McCall Valarie J. McCall Valarie J. McCall learned to meet leadership demands at an early age. Her first job at a McDonald’s restaurant – and a commute completely reliant on public transportation – began to open her eyes to the injustices and areas for opportunity in her hometown. She learned the value of servant leadership, humility and relationship building, all hallmarks of her leadership style today. Her understanding of these important values helped her begin a public service career as a social worker and eventually as a world leader who influences critical communications, business, government and legislative policy and strategies, as well as, community & economic development decisions in Cleveland and across the globe. As the...",yes,African-American,First-pass nationality/heritage tags promoted from CIHOF profile text and class/source-page context. Source: https://clevelandinternationalhalloffame.com/valarie-mccall/,"First-pass visitor copy generated from CIHOF official profile text on 2026-09-12.|Treat CIHOF profile text as the baseline source of truth for this pass.|Media rights, video captions/transcripts, and WRHS archival permissions remain separate review tracks."
anda-cook-2022,Anda Cook,2022,https://clevelandinternationalhalloffame.com/anda-cook/,yes,"Anda Cook was born in Riga, capitol of Latvia, but when she was 9 years old, left with family to escape the advancing Soviet army. The family expected to return back home after the war, but it was not to be.",Class of 2022 honoree connected to Latvian. Inducted by Dagmar Celeste.,"Contributions to arts and culture, civic leadership, and education within Latvian heritage communities and to Greater Cleveland's multicultural civic life.","Anda Cook was born in Riga, capitol of Latvia, but when she was 9 years old, left with family to escape the advancing Soviet army. The family expected to return back home after the war, but it was not to be. Seven years were spent in Germany, first escaping heavy bombing, and after the war, a multitude of Displaced Persons` camps. After intensive screening and tests, Anda and family were allowed to come to the United States, arriving in 1952. The family`s sponsor was in South Dakota, so the first residence in the US was in Sioux Falls of that state.",yes,Latvian,First-pass nationality/heritage tags promoted from CIHOF profile text and class/source-page context. Source: https://clevelandinternationalhalloffame.com/anda-cook/,"First-pass visitor copy generated from CIHOF official profile text on 2026-09-12.|Treat CIHOF profile text as the baseline source of truth for this pass.|Media rights, video captions/transcripts, and WRHS archival permissions remain separate review tracks."
carl-robson-2022,Carl Robson,2022,https://clevelandinternationalhalloffame.com/carl-robson/,yes,"Carl Robson, M.D. Carl Robson Carl Robson was raised in Hinsdale, Illinois. He attended College of Wooster, Ohio, then Case-Western Reserve Medical School.",Class of 2022 honoree connected to Ethiopian. Inducted by Aklilu Demessie.,"Contributions to arts and culture, medicine and health, and education within Ethiopian heritage communities and to Greater Cleveland's multicultural civic life.","Carl Robson, M.D. Carl Robson Carl Robson was raised in Hinsdale, Illinois. He attended College of Wooster, Ohio, then Case-Western Reserve Medical School. He interned at Parkland Hospital in Dallas TX and then spent 2 years in U.S.Public Health Service, Indian Health: Turtle Mountain Chippewa Reservation in Belcourt, NorthDakota. Carl did his Internal Medicine Residency at Cleveland MetroHealth, then worked in the St. Clair-Superior neighborhood, an under-served, inner-city area of Cleveland, spending the next 5 generations there (50 years) in the practice of Family Medicine – mostly private practice. This was followed by working for NEON (Northeast Ohio Neighborhood Health Services) when government made solo private practice financially untenable.",yes,Ethiopian,First-pass nationality/heritage tags promoted from CIHOF profile text and class/source-page context. Source: https://clevelandinternationalhalloffame.com/carl-robson/,"First-pass visitor copy generated from CIHOF official profile text on 2026-09-12.|Treat CIHOF profile text as the baseline source of truth for this pass.|Media rights, video captions/transcripts, and WRHS archival permissions remain separate review tracks."
taras-szmagala-2022,Taras Szmagala,2022,https://clevelandinternationalhalloffame.com/taras-szmagala/,yes,"Taras Szmagala Midge and Taras Szmagala Taras Gregory Szmagala, Sr. was born in Cleveland, Ohio in 1933. The son of Ukrainian immigrants Dmytro and Bronislawa Szmagala, Taras (known as “Tary”) grew up immersed in Cleveland’s rich Ukrainian-American community.",Class of 2022 honoree connected to Ukrainian. Inducted by Andrew Fedynsky.,Contributions to education and civic leadership within Ukrainian heritage communities and to Greater Cleveland's multicultural civic life.,"Taras Szmagala Midge and Taras Szmagala Taras Gregory Szmagala, Sr. was born in Cleveland, Ohio in 1933. The son of Ukrainian immigrants Dmytro and Bronislawa Szmagala, Taras (known as “Tary”) grew up immersed in Cleveland’s rich Ukrainian-American community. He graduated from John Marshall High School, and went on to receive his undergraduate degree from Allegheny College and a masters degree in education from John Carroll University. A lifelong Cleveland resident, Tary took on leadership roles within the national Ukrainian-American community at a young age, serving as President of the Ukrainian Youth League of North America in the 1950’s. He then followed in his father’s footsteps by serving 24 years as a member of the board of the Ukrainian...",yes,Ukrainian,First-pass nationality/heritage tags promoted from CIHOF profile text and class/source-page context. Source: https://clevelandinternationalhalloffame.com/taras-szmagala/,"First-pass visitor copy generated from CIHOF official profile text on 2026-09-12.|Treat CIHOF profile text as the baseline source of truth for this pass.|Media rights, video captions/transcripts, and WRHS archival permissions remain separate review tracks."
victor-ruiz-2022,Victor Ruiz,2022,https://clevelandinternationalhalloffame.com/victor-ruiz/,yes,"Victor A. Ruiz Victor A. Ruiz Victor A. Ruiz was born in Puerto Rico and came to Cleveland, Ohio at the age of five with his mother and brother. He is a courageous leader and advocate with a body of work that spans over twenty years.",Class of 2022 honoree connected to Puerto Rican. Inducted by Dr. Alex Johnson.,Contributions to education within Puerto Rican heritage communities and to Greater Cleveland's multicultural civic life.,"Victor A. Ruiz Victor A. Ruiz Victor A. Ruiz was born in Puerto Rico and came to Cleveland, Ohio at the age of five with his mother and brother. He is a courageous leader and advocate with a body of work that spans over twenty years. Victor has a broad network and because of his work, has been recognized as a Crain’s Cleveland Power 150, one of the 500 most influential people by Cleveland Magazine, and a Forty under Forty. As Executive Director of Esperanza, Inc., Victor leads an organization that advocates for the educational needs of Cleveland’s Latinx community. As a result of their efforts, Cleveland’s Latinx high school graduation rate has grown from 30% in 2010...",yes,Puerto Rican,First-pass nationality/heritage tags promoted from CIHOF profile text and class/source-page context. Source: https://clevelandinternationalhalloffame.com/victor-ruiz/,"First-pass visitor copy generated from CIHOF official profile text on 2026-09-12.|Treat CIHOF profile text as the baseline source of truth for this pass.|Media rights, video captions/transcripts, and WRHS archival permissions remain separate review tracks."
georgine-welo-2023,Georgine Welo,2023,https://clevelandinternationalhalloffame.com/georgine-welo/,yes,"Georgine Welo As a young woman being raised in a Serbian Orthodox home, Georgine Welo (maiden name Coso), would be spotted on Friday nights at Saint Sava Serbian Orthodox Cathedral’s Cultural classes, attending Sunday School, reading the Epistle and working at all the Church banquets at Saint Sava...",Class of 2023 honoree connected to Serbian. Inducted by Alex Machaskee.,"Contributions to civic leadership, arts and culture, and business and entrepreneurship within Serbian heritage communities and to Greater Cleveland's multicultural civic life.","Georgine Welo As a young woman being raised in a Serbian Orthodox home, Georgine Welo (maiden name Coso), would be spotted on Friday nights at Saint Sava Serbian Orthodox Cathedral’s Cultural classes, attending Sunday School, reading the Epistle and working at all the Church banquets at Saint Sava Cathedral in Parma Ohio. Georgine and other girls would be serving the banquets and afterwards washing dishes and assisting in any manner her mother and other women at Serb Hall saw fit. As she grew older she followed the footsteps of many others in teaching Sunday School. She was an Assistant Teacher while in High School. In 1976, she would go each day after school to assist the Serbian Lodges...",yes,Serbian,First-pass nationality/heritage tags promoted from CIHOF profile text and class/source-page context. Source: https://clevelandinternationalhalloffame.com/georgine-welo/,"First-pass visitor copy generated from CIHOF official profile text on 2026-09-12.|Treat CIHOF profile text as the baseline source of truth for this pass.|Media rights, video captions/transcripts, and WRHS archival permissions remain separate review tracks."
joyce-mariani-2023,Joyce Mariani,2023,https://clevelandinternationalhalloffame.com/joyce-mariani/,yes,"Joyce Mariani has a deep love for the culture of Italy handed down from her family which is of Florentine origin and Roman origin. Upon her return to Cleveland from Italy where she studied and worked, she founded the Cleveland Italian Film Festival in 2006 and the first...",Class of 2023 honoree connected to Italian. Inducted by Basil Russo.,Contributions to arts and culture and civic leadership within Italian heritage communities and to Greater Cleveland's multicultural civic life.,"Joyce Mariani has a deep love for the culture of Italy handed down from her family which is of Florentine origin and Roman origin. Upon her return to Cleveland from Italy where she studied and worked, she founded the Cleveland Italian Film Festival in 2006 and the first independent film festival in Northeast Ohio to showcase Italian Oscar winning films at Cleveland area theaters drawing audience from all over Northeast Ohio. In 2007 she formed the Italian Cultural Garden Foundation spearheading a $1.5 million Renaissance Restoration Project for Cleveland’s public cultural monument to Italy in Rockefeller Park and serves as its executive director. In 2008 she founded Viva! La Cultura Italiana cultural series presenting the cultural arts of...",yes,Italian,First-pass nationality/heritage tags promoted from CIHOF profile text and class/source-page context. Source: https://clevelandinternationalhalloffame.com/joyce-mariani/,"First-pass visitor copy generated from CIHOF official profile text on 2026-09-12.|Treat CIHOF profile text as the baseline source of truth for this pass.|Media rights, video captions/transcripts, and WRHS archival permissions remain separate review tracks."
michael-d-polensek-2023,Michael D. Polensek,2023,https://clevelandinternationalhalloffame.com/michael-d-polensek/,yes,"Michael D. Polensek, the “Dean” of City Council, and Councilman representing Cleveland’s 8th Ward, has served the neighborhoods of northeast Cleveland since 1978, making him the longest-serving Council member in the city’s history. Currently he serves as the Chair of the Public Safety Committee and sits on the...",Class of 2023 honoree connected to Slovenian. Inducted by Joe Cimperman.,"Contributions to faith and service, business and entrepreneurship, and civic leadership within Slovenian heritage communities and to Greater Cleveland's multicultural civic life.","Michael D. Polensek, the “Dean” of City Council, and Councilman representing Cleveland’s 8th Ward, has served the neighborhoods of northeast Cleveland since 1978, making him the longest-serving Council member in the city’s history. Currently he serves as the Chair of the Public Safety Committee and sits on the Utilities and Rules Committees of Cleveland City Council. For over four decades, Councilman Polensek has represented the Collinwood / Nottingham Neighborhoods. Today, he represents the ethnically and racially diverse communities of North Shore Collinwood, Collinwood Village, and the East Glenville neighborhoods. During his long and productive tenure, Councilman Polensek has been at the forefront of numerous development projects and issues and has been vigilant in creating grassroots community groups and...",yes,Slovenian,First-pass nationality/heritage tags promoted from CIHOF profile text and class/source-page context. Source: https://clevelandinternationalhalloffame.com/michael-d-polensek/,"First-pass visitor copy generated from CIHOF official profile text on 2026-09-12.|Treat CIHOF profile text as the baseline source of truth for this pass.|Media rights, video captions/transcripts, and WRHS archival permissions remain separate review tracks."
pat-dowd-2023,Pat Dowd,2023,https://clevelandinternationalhalloffame.com/pat-dowd/,yes,"Pat Dowd is the daughter of the late Tom and Millie Dowd and the oldest in her family of five siblings: Judy Wade, Kathy Dowd, Ginny Gaskill, Maureen Dowd, and Joe Dowd. She attended St. Agnes and St. Aloysius grade schools in Cleveland, Ursuline Academy of the Sacred...",Class of 2023 honoree connected to Irish. Inducted by Gerry Quinn.,"Contributions to arts and culture, business and entrepreneurship, and education within Irish heritage communities and to Greater Cleveland's multicultural civic life.","Pat Dowd is the daughter of the late Tom and Millie Dowd and the oldest in her family of five siblings: Judy Wade, Kathy Dowd, Ginny Gaskill, Maureen Dowd, and Joe Dowd. She attended St. Agnes and St. Aloysius grade schools in Cleveland, Ursuline Academy of the Sacred Heart, St. John College of Cleveland, and John Carroll University. Pat’s Irish heritage, inherited from both her mother and her father, traces.",yes,Irish,First-pass nationality/heritage tags promoted from CIHOF profile text and class/source-page context. Source: https://clevelandinternationalhalloffame.com/pat-dowd/,"First-pass visitor copy generated from CIHOF official profile text on 2026-09-12.|Treat CIHOF profile text as the baseline source of truth for this pass.|Media rights, video captions/transcripts, and WRHS archival permissions remain separate review tracks."
pierre-bejjani-2023,Pierre Bejjani,2023,https://clevelandinternationalhalloffame.com/pierre-bejjani/,yes,"Pierre Bejjani is the Managing Director and Executive Editor of Profile News Ohio and the Senior Partner of Diversity Advertising Agency. In addition to running the region’s largest Arabic/English newspaper, Profile News Ohio, Pierre actively promotes Middle Eastern culture.",Class of 2023 honoree connected to Lebanese. Inducted by Mayor Tony Biasiotta.,"Contributions to arts and culture, business and entrepreneurship, and civic leadership within Lebanese heritage communities and to Greater Cleveland's multicultural civic life.","Pierre Bejjani is the Managing Director and Executive Editor of Profile News Ohio and the Senior Partner of Diversity Advertising Agency. In addition to running the region’s largest Arabic/English newspaper, Profile News Ohio, Pierre actively promotes Middle Eastern culture. He educates the public on the importance of diversity within our local, state, and national communities. He was born in Lebanon and came to Cleveland in 1981, where he pursued a degree in Civil Engineering from Ohio State University. Pierre has long been involved in the region’s diversity and immigration initiative.",yes,Lebanese,First-pass nationality/heritage tags promoted from CIHOF profile text and class/source-page context. Source: https://clevelandinternationalhalloffame.com/pierre-bejjani/,"First-pass visitor copy generated from CIHOF official profile text on 2026-09-12.|Treat CIHOF profile text as the baseline source of truth for this pass.|Media rights, video captions/transcripts, and WRHS archival permissions remain separate review tracks."
sudarshan-sathe-2023,Sudarshan Sathe,2023,https://clevelandinternationalhalloffame.com/sudarshan-sathe/,yes,"Sudarshan ( su- dar- shun) Sathe ( Saa-the) earned a bachelor’s degree in chemical engineering, with first division honors, from the world famous IIT engineering school in India. He arrived in the U.S at a young age of 22 to join University of Akron’s master’s in chemical engineering...",Class of 2023 honoree connected to Indian. Inducted by Baiju Shah.,"Contributions to education, business and entrepreneurship, and civic leadership within Indian heritage communities and to Greater Cleveland's multicultural civic life.","Sudarshan ( su- dar- shun) Sathe ( Saa-the) earned a bachelor’s degree in chemical engineering, with first division honors, from the world famous IIT engineering school in India. He arrived in the U.S at a young age of 22 to join University of Akron’s master’s in chemical engineering program. At the same Alma mater, he earned an MBA in International Business. After doing a series of jobs in the chemical and metals industry, and upon acquiring U S Citizenship in 1990, Mr. Sathe founded a company called NewConcepts, influenced by an adage of Akio Morata of Sony corporation that marketing is not simply shipping what you have made, but rather knowing what to make. He developed products and...",yes,Indian,First-pass nationality/heritage tags promoted from CIHOF profile text and class/source-page context. Source: https://clevelandinternationalhalloffame.com/sudarshan-sathe/,"First-pass visitor copy generated from CIHOF official profile text on 2026-09-12.|Treat CIHOF profile text as the baseline source of truth for this pass.|Media rights, video captions/transcripts, and WRHS archival permissions remain separate review tracks."
ambassador-edward-f-crawford-2024,Ambassador Edward F. Crawford,2024,https://clevelandinternationalhalloffame.com/inductees/ambassador-edward-f-crawford/,yes,"Ambassador Edward F. Crawford is the former Chairman and Chief Executive Officer of Park-Ohio Holdings Corp. (NASDAQ Symbol PKOH) (1992 to 2019). This Cleveland, Ohio based industrial enterprise has annual revenues of approximately $2 billion and employs 8,000 associates worldwide.",Class of 2024 honoree connected to Irish. Inducted by Amb Byrne Nason.,"Contributions to business and entrepreneurship, education, and civic leadership within Irish heritage communities and to Greater Cleveland's multicultural civic life.","Ambassador Edward F. Crawford is the former Chairman and Chief Executive Officer of Park-Ohio Holdings Corp. (NASDAQ Symbol PKOH) (1992 to 2019). This Cleveland, Ohio based industrial enterprise has annual revenues of approximately $2 billion and employs 8,000 associates worldwide. Park-Ohio specializes in integrated logistics systems and manufactured products. A serial entrepreneur, Mr. Crawford was co-founder of Cleveland Steel Container in 1962, Founder of The Crawford Group in 1972 and Chairman of Crawford United since 2010. Crawford’s grandparents both emigrated from Cork.",yes,Irish,First-pass nationality/heritage tags promoted from CIHOF profile text and class/source-page context. Source: https://clevelandinternationalhalloffame.com/inductees/ambassador-edward-f-crawford/,"First-pass visitor copy generated from CIHOF official profile text on 2026-09-12.|Treat CIHOF profile text as the baseline source of truth for this pass.|Media rights, video captions/transcripts, and WRHS archival permissions remain separate review tracks."
dona-brady-2024,Dona Brady,2024,https://clevelandinternationalhalloffame.com/inductees/dona-brady/,yes,"Dona Brady was born and raised in Cleveland, Ohio and is of Albanian descent. She was a founder and first president of the Albanian American Association of Cleveland.",Class of 2024 honoree connected to Albanian. Inducted by Mike Polensek.,"Contributions to civic leadership, arts and culture, and business and entrepreneurship within Albanian heritage communities and to Greater Cleveland's multicultural civic life.","Dona Brady was born and raised in Cleveland, Ohio and is of Albanian descent. She was a founder and first president of the Albanian American Association of Cleveland. Dona was instrumental in establishing a Sister City program with Fier, Albania and Cleveland, Ohio. She hosted events in Cleveland for the Mayor of Fier as well as artists and others from Albania, Dona worked with several organizations to resettle ethnic Albanian Kosovar refugees who were sent to Cleveland following the war in Kosovo in 1999. Dona was recognized by the American Nationalities Movement for her work with the Albanian community in Greater Cleveland. Dona Brady spearheaded the creation of the Albanian Cultural Garden and worked with the community to...",yes,Albanian,First-pass nationality/heritage tags promoted from CIHOF profile text and class/source-page context. Source: https://clevelandinternationalhalloffame.com/inductees/dona-brady/,"First-pass visitor copy generated from CIHOF official profile text on 2026-09-12.|Treat CIHOF profile text as the baseline source of truth for this pass.|Media rights, video captions/transcripts, and WRHS archival permissions remain separate review tracks."
dr-eugene-jordan-2024,Dr. Eugene Jordan,2024,https://clevelandinternationalhalloffame.com/inductees/dr-eugene-jordan/,yes,"Dr. Eugene Jordan was many things in his life which ended, sadly, in 2020 at the age of 83. He served the communities of Cleveland and East Cleveland by providing quality, professional dental services to those who couldn’t afford care.",Class of 2024 honoree connected to African-American. Inducted by Rev Otis Moss Jr..,Contributions to business and entrepreneurship and education within African-American heritage communities and to Greater Cleveland's multicultural civic life.,"Dr. Eugene Jordan was many things in his life which ended, sadly, in 2020 at the age of 83. He served the communities of Cleveland and East Cleveland by providing quality, professional dental services to those who couldn’t afford care. Dr. Jordan was well-respected and served as the 69 th president of the National Dental Association He and his siblings were raised in Columbus by their widower father who was a maintenance worker for the City of Columbus. He attended the Ohio State University and graduated from Capital University in Columbus with an undergraduate degree in biology. After a stint with the Army Medical Corps, he worked his way through Howard University Dental School leading to his dental...",yes,African-American,First-pass nationality/heritage tags promoted from CIHOF profile text and class/source-page context. Source: https://clevelandinternationalhalloffame.com/inductees/dr-eugene-jordan/,"First-pass visitor copy generated from CIHOF official profile text on 2026-09-12.|Treat CIHOF profile text as the baseline source of truth for this pass.|Media rights, video captions/transcripts, and WRHS archival permissions remain separate review tracks."
erika-puussaar-2024,Erika Puussaar,2024,https://clevelandinternationalhalloffame.com/inductees/erika-puussaar/,yes,"Erika Kikut Puussaar was born in a small village named Vandra in central Estonia. Artur and Elmire Kikut, along with their children Silva, Aksi, and Erika (Villi born later) escaped their homeland to avoid Soviet occupation.",Class of 2024 honoree connected to Estonian. Inducted by Amb Kristjan Prikk.,"Contributions to education, diplomacy and global affairs, and faith and service within Estonian heritage communities and to Greater Cleveland's multicultural civic life.","Erika Kikut Puussaar was born in a small village named Vandra in central Estonia. Artur and Elmire Kikut, along with their children Silva, Aksi, and Erika (Villi born later) escaped their homeland to avoid Soviet occupation. After many tumultuous events while escaping, they were finally united with an Estonian Displaced Person’s camp in Germany. The next procedure was the desire to immigrate to the USA. To immigrate, their family of six had to obtain a guarantee of support from an American sponsor.",yes,Estonian,First-pass nationality/heritage tags promoted from CIHOF profile text and class/source-page context. Source: https://clevelandinternationalhalloffame.com/inductees/erika-puussaar/,"First-pass visitor copy generated from CIHOF official profile text on 2026-09-12.|Treat CIHOF profile text as the baseline source of truth for this pass.|Media rights, video captions/transcripts, and WRHS archival permissions remain separate review tracks."
johnny-k-wu-2024,Johnny K. Wu,2024,https://clevelandinternationalhalloffame.com/inductees/johnny-k-wu/,yes,"Johnny K. Wu A native Clevelander raised in Central America, Johnny K. Wu is an award-winning producer, director and editor for over 25 years. H earned his MBA from Cleveland State University specializing in marketing and branding.",Class of 2024 honoree connected to Chinese. Inducted by Margaret Wong.,"Contributions to arts and culture, law and justice, and business and entrepreneurship within Chinese heritage communities and to Greater Cleveland's multicultural civic life.","Johnny K. Wu A native Clevelander raised in Central America, Johnny K. Wu is an award-winning producer, director and editor for over 25 years. H earned his MBA from Cleveland State University specializing in marketing and branding. Johnny is fluent in Chinese, Spanish and English. His media/event production company Media Design Imaging was founded in 1998 with a combined of 60+ years of experience, providing video and event producing to non and for profit corporates, small businesses and filmmaking community. He is well known and respected within the Asian Pacific American community in Ohio, having served as President of OCAGC (Organization of Chinese Americans in Greater Cleveland).",yes,Chinese,First-pass nationality/heritage tags promoted from CIHOF profile text and class/source-page context. Source: https://clevelandinternationalhalloffame.com/inductees/johnny-k-wu/,"First-pass visitor copy generated from CIHOF official profile text on 2026-09-12.|Treat CIHOF profile text as the baseline source of truth for this pass.|Media rights, video captions/transcripts, and WRHS archival permissions remain separate review tracks."
veronica-dahlberg-2024,Veronica Dahlberg,2024,https://clevelandinternationalhalloffame.com/inductees/veronica-dahlberg/,yes,"Veronica Isabel Dahlberg was born in Canton, Ohio. She is the daughter of Mexican and Hungarian immigrants who arrived in Cleveland over 60 years ago. Her father was a Hungarian refugee who met her mother in Mexico.",Class of 2024 honoree connected to Mexican. Inducted by Jasmin Santana.,"Contributions to business and entrepreneurship, immigrant advocacy, and civic leadership within Mexican heritage communities and to Greater Cleveland's multicultural civic life.","Veronica Isabel Dahlberg was born in Canton, Ohio. She is the daughter of Mexican and Hungarian immigrants who arrived in Cleveland over 60 years ago. Her father was a Hungarian refugee who met her mother in Mexico. She remembers her late parents, who became U.S. citizens: “My dad, a Hungarian immigrant who put on a suit when he voted, and my mother, a Mexican immigrant who joined him every Election Day.” The family moved to Cleveland’s Buckeye neighborhood, populated by other Hungarian immigrants. From there, they moved to Ashtabula, where they built a home they owned for over 50 years. Her family was active in church and community, promoting Hispanic culture and helping people for many decades.",yes,Mexican,First-pass nationality/heritage tags promoted from CIHOF profile text and class/source-page context. Source: https://clevelandinternationalhalloffame.com/inductees/veronica-dahlberg/,"First-pass visitor copy generated from CIHOF official profile text on 2026-09-12.|Treat CIHOF profile text as the baseline source of truth for this pass.|Media rights, video captions/transcripts, and WRHS archival permissions remain separate review tracks."
beverly-kerecman-2025,Beverly Kerecman,2025,https://clevelandinternationalhalloffame.com/beverly-kerecman/,yes,"Beverly Haru Hashiguchi was born in Cleveland, Ohio and graduated from Cleveland Heights High School. She earned her Bachelor of Science in Special Education from Kent State University.",Class of 2025 honoree connected to Japanese. Inducted by Lisa Wong.,"Contributions to education, arts and culture, and faith and service within Japanese heritage communities and to Greater Cleveland's multicultural civic life.","Beverly Haru Hashiguchi was born in Cleveland, Ohio and graduated from Cleveland Heights High School. She earned her Bachelor of Science in Special Education from Kent State University. Beverly continued her formal education to earn a Master of Science in Reading and Literacy and an Educational Specialist Degree in Teacher Leadership at Walden University. Beverly’s grandparents immigrated to the United States in the early 1900’s with dreams of a good life in a new land. Her father, Mitsuo Hashiguchi’s family lived in Los Angeles and had a small restaurant.",yes,Japanese,First-pass nationality/heritage tags promoted from CIHOF profile text and class/source-page context. Source: https://clevelandinternationalhalloffame.com/beverly-kerecman/,"First-pass visitor copy generated from CIHOF official profile text on 2026-09-12.|Treat CIHOF profile text as the baseline source of truth for this pass.|Media rights, video captions/transcripts, and WRHS archival permissions remain separate review tracks."
branka-malinar-2025,Branka Malinar,2025,https://clevelandinternationalhalloffame.com/branka-malinar/,yes,"Branka M. Malinar Branka M. Malinar – Biography Branka Malinar was born in Popovec, Croatia in 1941. At the age of four, the family fled the Communist Revolution in Croatia and escaped to Austria to a DP (refugee) camp.",Class of 2025 honoree connected to Croatian. Inducted by Tom Turkaly.,"Contributions to arts and culture, education, and immigrant advocacy within Croatian heritage communities and to Greater Cleveland's multicultural civic life.","Branka M. Malinar Branka M. Malinar – Biography Branka Malinar was born in Popovec, Croatia in 1941. At the age of four, the family fled the Communist Revolution in Croatia and escaped to Austria to a DP (refugee) camp. After living in the camp for two years, they moved to Munich, Germany. The final leg of their migration took them across the Atlantic Ocean traveling on the S.S. General Muir arrived on Ellis Island on May 17th, 1951. The family that sponsored them through Catholic charities helped them to settle in Cleveland, Ohio. Family Life and Education Branka was a bright young girl who by the age of 10 learned three languages.",yes,Croatian,First-pass nationality/heritage tags promoted from CIHOF profile text and class/source-page context. Source: https://clevelandinternationalhalloffame.com/branka-malinar/,"First-pass visitor copy generated from CIHOF official profile text on 2026-09-12.|Treat CIHOF profile text as the baseline source of truth for this pass.|Media rights, video captions/transcripts, and WRHS archival permissions remain separate review tracks."
david-gilbert-2025,David Gilbert,2025,https://clevelandinternationalhalloffame.com/david-gilbert/,yes,"David Gilbert serves as president and CEO of Greater Cleveland Sports Commission (GCSC), an organization dedicated to making Greater Cleveland the nation’s foremost destination for amateur sporting events and activities, and Destination Cleveland, the region’s destination marketing and management organization. He re-established the Sports Commission in 2000 and...",Class of 2025 honoree connected to Jewish. Inducted by Joe Cimperman.,"Contributions to business and entrepreneurship, diplomacy and global affairs, and civic leadership within Jewish heritage communities and to Greater Cleveland's multicultural civic life.","David Gilbert serves as president and CEO of Greater Cleveland Sports Commission (GCSC), an organization dedicated to making Greater Cleveland the nation’s foremost destination for amateur sporting events and activities, and Destination Cleveland, the region’s destination marketing and management organization. He re-established the Sports Commission in 2000 and assumed his role with Destination Cleveland in 2011. David also served as the president and CEO of the Cleveland 2016 Host Committee for the Republican National Convention. GCSC attracts, creates, manages and enhances significant sporting and competitive events. Since 2000, the organization has attracted over 260 events including the NFL Draft, MLB All-Star Game, NBA All-Star Weekend and NCAA Women’s Final Four.",yes,Jewish,First-pass nationality/heritage tags promoted from CIHOF profile text and class/source-page context. Source: https://clevelandinternationalhalloffame.com/david-gilbert/,"First-pass visitor copy generated from CIHOF official profile text on 2026-09-12.|Treat CIHOF profile text as the baseline source of truth for this pass.|Media rights, video captions/transcripts, and WRHS archival permissions remain separate review tracks."
mayor-frank-jackson-2025,Mayor Frank Jackson,2025,https://clevelandinternationalhalloffame.com/mayor-frank-jackson/,yes,Mayor Frank G. Jackson Honorable Frank G. Jackson served as the 56th Mayor of the City of Cleveland. He served four full terms from 2006 to 2022 making him the longest-serving mayor in Cleveland history.,"Class of 2025 honoree connected to African-American, Italian. Inducted by Valarie McCall.","Contributions to civic leadership, education, and law and justice within African-American and Italian heritage communities and to Greater Cleveland's multicultural civic life.","Mayor Frank G. Jackson Honorable Frank G. Jackson served as the 56th Mayor of the City of Cleveland. He served four full terms from 2006 to 2022 making him the longest-serving mayor in Cleveland history. Mayor Jackson grew up in Cleveland’s Central and Kinsman neighborhoods. After graduating from Max S. Hayes High School, he served in the United States Army during the Vietnam War. After his discharge, Jackson attended Cuyahoga Community College where he earned an associate degree.",yes,African-American|Italian,First-pass nationality/heritage tags promoted from CIHOF profile text and class/source-page context. Source: https://clevelandinternationalhalloffame.com/mayor-frank-jackson/,"First-pass visitor copy generated from CIHOF official profile text on 2026-09-12.|Treat CIHOF profile text as the baseline source of truth for this pass.|Media rights, video captions/transcripts, and WRHS archival permissions remain separate review tracks."
raj-aggarwal-2025,Raj Aggarwal,2025,https://clevelandinternationalhalloffame.com/raj-aggarwal/,yes,"Raj Aggarwal, PhD, CFA Raj Aggarwal, PhD, CFA is a distinguished academic, executive, and board member with extensive experience and global recognition. He is an active civic leader.",Class of 2025 honoree connected to Indian. Inducted by Stuart Muszynski.,"Contributions to education, business and entrepreneurship, and diplomacy and global affairs within Indian heritage communities and to Greater Cleveland's multicultural civic life.","Raj Aggarwal, PhD, CFA Raj Aggarwal, PhD, CFA is a distinguished academic, executive, and board member with extensive experience and global recognition. He is an active civic leader. He holds a mechanical engineering degree from the Indian Institute of Technology, Delhi, an MBA and PhD in Business from Kent State University, and the Chartered Financial Analyst (CFA) designation. A graduate of Leadership Cleveland (2004), Raj has been honored with awards like the Notable Finance Leader and a Notable Immigrant Leader Awards by Crain’s and the Distinguished Alumni Award from Kent State University. Raj has served on business boards for Manco/Henkel DIY Inc., Ancora Trust Mutual Funds/Maxxus Investments (each for a quarter century), ERC, and the Flood Company.",yes,Indian,First-pass nationality/heritage tags promoted from CIHOF profile text and class/source-page context. Source: https://clevelandinternationalhalloffame.com/raj-aggarwal/,"First-pass visitor copy generated from CIHOF official profile text on 2026-09-12.|Treat CIHOF profile text as the baseline source of truth for this pass.|Media rights, video captions/transcripts, and WRHS archival permissions remain separate review tracks."
svetlana-stolyarova-2025,Svetlana Stolyarova,2025,https://clevelandinternationalhalloffame.com/svetlana-stolyarova/,yes,"Svetlana Stolyarova, born in the USSR in 1962, is a visionary leader dedicated to cultural heritage, community development, and international collaboration. Her lifelong passion for music, philosophy, and civic engagement has shaped her remarkable journey-from championing democratic reforms during Perestroika to becoming a key figure in Cleveland’s multicultural...",Class of 2025 honoree connected to Russian. Inducted by Dr. Anton Komar.,"Contributions to arts and culture, business and entrepreneurship, and civic leadership within Russian heritage communities and to Greater Cleveland's multicultural civic life.","Svetlana Stolyarova, born in the USSR in 1962, is a visionary leader dedicated to cultural heritage, community development, and international collaboration. Her lifelong passion for music, philosophy, and civic engagement has shaped her remarkable journey-from championing democratic reforms during Perestroika to becoming a key figure in Cleveland’s multicultural landscape. After immigrating to the United States in 1999, Svetlana quickly became a dynamic force within the Russian-speaking and greater Cleveland communities. As a real estate broker, investment, and business consultant, she used her expertise to forge meaningful connections, strengthening cross-cultural ties throughout Northeast Ohio. In 2011, Svetlana co-founded the Russian Cultural Garden, working alongside Dr. Boris Vinogradsky and Sergio Lebid to establish a permanent tribute to Russian heritage within...",yes,Russian,First-pass nationality/heritage tags promoted from CIHOF profile text and class/source-page context. Source: https://clevelandinternationalhalloffame.com/svetlana-stolyarova/,"First-pass visitor copy generated from CIHOF official profile text on 2026-09-12.|Treat CIHOF profile text as the baseline source of truth for this pass.|Media rights, video captions/transcripts, and WRHS archival permissions remain separate review tracks."
aklilu-demessie-2026,Aklilu Demessie,2026,https://clevelandinternationalhalloffame.com/aklilu-demessie/,yes,"Aklilu Demessie Mr. Aklilu Demessie first came to the United States from Ethiopia for a year as part of an American Field Service, AFS, student scholarship program from Menelik High in Addis Ababa, Ethiopia, while a senior in high school in the 1970s. After graduating from Oberlin High...","Class of 2026 honoree connected to Ethiopian. Inducted by Dr. Menna Demessie, Ph.D..","Contributions to education, business and entrepreneurship, and faith and service within Ethiopian heritage communities and to Greater Cleveland's multicultural civic life.","Aklilu Demessie Mr. Aklilu Demessie first came to the United States from Ethiopia for a year as part of an American Field Service, AFS, student scholarship program from Menelik High in Addis Ababa, Ethiopia, while a senior in high school in the 1970s. After graduating from Oberlin High School in Ohio, he returned to Ethiopia to attend college. However, the university in Ethiopia was closed by the order of the then Ethiopian government, due to a huge students’ movement. He then returned to the U.S. to attend college and completed his undergraduate and graduate work at Case Western University in Cleveland, Ohio and received his B.S in Structural Engineering (Civil Eng.) and M.S in Engineering Mechanics. Following graduation...",yes,Ethiopian,First-pass nationality/heritage tags promoted from CIHOF profile text and class/source-page context. Source: https://clevelandinternationalhalloffame.com/aklilu-demessie/,"First-pass visitor copy generated from CIHOF official profile text on 2026-09-12.|Treat CIHOF profile text as the baseline source of truth for this pass.|Media rights, video captions/transcripts, and WRHS archival permissions remain separate review tracks."
andy-chakalis-2026,Andy Chakalis,2026,https://clevelandinternationalhalloffame.com/andy-chakalis/,yes,"Andy Chakalis A native Clevelander, Andrew Chakalis attended Brush High School and Case Western Reserve University, where his Italian language studies earned him the Italian Fellowship to the Academy of Fine Arts in Florence in 1966. The school term breaks provided him the opportunity to assist at the...",Class of 2026 honoree connected to Greek. Inducted by Lou Frangos.,"Contributions to arts and culture, education, and community organizing within Greek heritage communities and to Greater Cleveland's multicultural civic life.","Andy Chakalis A native Clevelander, Andrew Chakalis attended Brush High School and Case Western Reserve University, where his Italian language studies earned him the Italian Fellowship to the Academy of Fine Arts in Florence in 1966. The school term breaks provided him the opportunity to assist at the marble quarries in Carrara, work at ceramic kilns in Faenza, and later work with internationally renowned sculptor Arnoldo Pomodoro in Milan. Upon returning to Cleveland in 1970, Chakalis worked in product development and design before joining The Cleveland Museum of Art (CMA) in 1974 as an exhibitions specialist. He was soon appointed Assistant Curator of the Extensions Division, where he directed a venerable outreach program dating.",yes,Greek,First-pass nationality/heritage tags promoted from CIHOF profile text and class/source-page context. Source: https://clevelandinternationalhalloffame.com/andy-chakalis/,"First-pass visitor copy generated from CIHOF official profile text on 2026-09-12.|Treat CIHOF profile text as the baseline source of truth for this pass.|Media rights, video captions/transcripts, and WRHS archival permissions remain separate review tracks."
andy-fedynsky-2026,Andy Fedynsky,2026,https://clevelandinternationalhalloffame.com/andy-fedynsky/,yes,"Andy Fedynsky was born in 1947 in Innsbruck, Austria to Ukrainian refugee parents who had fled communist tyranny. He was eight months old when his family immigrated to the United States and soon after settled in Cleveland where he became immersed in the Ukrainian community as a scout...","Class of 2026 honoree connected to Ukrainian. Inducted by George E. Jaskiw, M.D..","Contributions to education, civic leadership, and immigrant advocacy within Ukrainian heritage communities and to Greater Cleveland's multicultural civic life.","Andy Fedynsky was born in 1947 in Innsbruck, Austria to Ukrainian refugee parents who had fled communist tyranny. He was eight months old when his family immigrated to the United States and soon after settled in Cleveland where he became immersed in the Ukrainian community as a scout and leader in Plast the Ukrainian Scouting Organization, a student at Ukrainian Saturday school, and a regular attendee of Ukrainian events. After graduating from the University of Notre Dame where he spent a year abroad at the University of Innsbruck in the city of his birth, he became a public school teacher and coach at West Junior High. On Saturdays, he returned to the Ukrainian school of his youth and...",yes,Ukrainian,First-pass nationality/heritage tags promoted from CIHOF profile text and class/source-page context. Source: https://clevelandinternationalhalloffame.com/andy-fedynsky/,"First-pass visitor copy generated from CIHOF official profile text on 2026-09-12.|Treat CIHOF profile text as the baseline source of truth for this pass.|Media rights, video captions/transcripts, and WRHS archival permissions remain separate review tracks."
catherine-jorgensen-mccutcheon-2026,Catherine Jorgensen McCutcheon,2026,https://clevelandinternationalhalloffame.com/catherine-jorgensen-mccutcheon/,yes,Catherine Jorgensen McCutcheon Norwegians generally are not eager to seek a spotlight for themselves. They defer to produce actual accomplishments and have them acknowledged by others.,Class of 2026 honoree connected to Norwegian. Inducted by Karin McCutcheon.,"Contributions to education, community organizing, and diplomacy and global affairs within Norwegian heritage communities and to Greater Cleveland's multicultural civic life.",Catherine Jorgensen McCutcheon Norwegians generally are not eager to seek a spotlight for themselves. They defer to produce actual accomplishments and have them acknowledged by others. An invitation by the leaders of Cleveland to me is totally unexpected and rather embarrassing. You have asked me to outline my involvement in my community in my lifetime. There are multiple areas that captured my interest and time.,yes,Norwegian,First-pass nationality/heritage tags promoted from CIHOF profile text and class/source-page context. Source: https://clevelandinternationalhalloffame.com/catherine-jorgensen-mccutcheon/,"First-pass visitor copy generated from CIHOF official profile text on 2026-09-12.|Treat CIHOF profile text as the baseline source of truth for this pass.|Media rights, video captions/transcripts, and WRHS archival permissions remain separate review tracks."
le-nguyen-2026,Le Nguyen,2026,https://clevelandinternationalhalloffame.com/le-nguyen-class-of-2026-vietnames-heritage-cleveland-international-hall-of-fame/,yes,"Le Nguyen For decades, when Cleveland’s Asian communities needed help navigating a new country, resolving conflict, or putting on a program, Le Nguyen was the person they turned to. As a connector and trusted presence, he spent more than 40 years building bridges between cultures, neighborhoods, and City...",Class of 2026 honoree connected to Vietnamese. Inducted by Former Mayor Frank G. Jackson; remarks by Valarie McCall and Matt Zone.,"Contributions to civic leadership, arts and culture, and community organizing within Vietnamese heritage communities and to Greater Cleveland's multicultural civic life.","Le Nguyen For decades, when Cleveland’s Asian communities needed help navigating a new country, resolving conflict, or putting on a program, Le Nguyen was the person they turned to. As a connector and trusted presence, he spent more than 40 years building bridges between cultures, neighborhoods, and City Hall in the city he came to call his home. Le was born in Can Tho, Vietnam, one of eight siblings. As a teenager, he witnessed the spread of war throughout the country. He joined the South Vietnamese Air Force, working in security, and rose to the rank of Sergeant.",yes,Vietnamese,First-pass nationality/heritage tags promoted from CIHOF profile text and class/source-page context. Source: https://clevelandinternationalhalloffame.com/le-nguyen-class-of-2026-vietnames-heritage-cleveland-international-hall-of-fame/,"First-pass visitor copy generated from CIHOF official profile text on 2026-09-12.|Treat CIHOF profile text as the baseline source of truth for this pass.|Media rights, video captions/transcripts, and WRHS archival permissions remain separate review tracks."
lucy-torres-2026,Lucy Torres,2026,https://clevelandinternationalhalloffame.com/lucy-torres/,yes,"Lucy Torres is a Puerto Rican community leader whose life has been defined by service, resilience, and an unwavering commitment to uplifting others. Born and raised in Comerío, Puerto Rico, Lucy is the daughter of Amparo Rodríguez and Luis Bonilla.",Class of 2026 honoree connected to Puerto Rican. Inducted by Blaine Griffin.,"Contributions to civic leadership, education, and arts and culture within Puerto Rican heritage communities and to Greater Cleveland's multicultural civic life.","Lucy Torres is a Puerto Rican community leader whose life has been defined by service, resilience, and an unwavering commitment to uplifting others. Born and raised in Comerío, Puerto Rico, Lucy is the daughter of Amparo Rodríguez and Luis Bonilla. She was lovingly raised by her aunt and uncle, Doña Luciana Rodríguez and Don Sixto Rodríguez (both deceased), who instilled in her strong values of faith, responsibility, and service. She completed her primary and secondary education in Puerto Rico, graduating from Juana Colón High School, and went on to pursue nursing studies at Universidad del Sagrado Corazón, laying the foundation for a lifelong calling to care for others. In 1978, Lucy relocated to Cleveland, Ohio, where she reconnected...",yes,Puerto Rican,First-pass nationality/heritage tags promoted from CIHOF profile text and class/source-page context. Source: https://clevelandinternationalhalloffame.com/lucy-torres/,"First-pass visitor copy generated from CIHOF official profile text on 2026-09-12.|Treat CIHOF profile text as the baseline source of truth for this pass.|Media rights, video captions/transcripts, and WRHS archival permissions remain separate review tracks."
